"run","arm","seed","mae","rmse","rsq","bias","cal_slope","var_truth","rsq_trad","kernel","threshold_mult","src","tgt","graph","accuracy","bal_accuracy","auc","sensitivity","specificity","brier","pred_rate","chosen","select_score","fips","stusps","config","n","mean_bias","resid_moran","label","adaptive"
"kc-ames","OLS",1001,0.303916096394909,0.377945228417221,0.275474860740493,-0.146014351568149,0.860604545486291,0.166127093225597,0.140160747354024,NA,NA,NA,NA,NA,NA,NA,NA,NA,NA,NA,NA,NA,NA,NA,NA,NA,NA,NA,NA,NA,NA
"kc-ames","XGBoost",1001,0.311167559880356,0.382625079049847,0.3268520389498,-0.167645408117642,0.742813056503791,0.166127093225597,0.118735250973839,NA,NA,NA,NA,NA,NA,NA,NA,NA,NA,NA,NA,NA,NA,NA,NA,NA,NA,NA,NA,NA,NA
"kc-ames","XGBoost",1002,0.330993894751919,0.395732535449128,0.356193293509975,-0.211455447767831,0.775214492084849,0.166127093225597,0.0573227005162255,NA,NA,NA,NA,NA,NA,NA,NA,NA,NA,NA,NA,NA,NA,NA,NA,NA,NA,NA,NA,NA,NA
"kc-ames","XGBoost",1003,0.362069907733589,0.439579496294463,0.243628645769006,-0.231684397511671,0.630115601874905,0.166127093225597,-0.163146418869143,NA,NA,NA,NA,NA,NA,NA,NA,NA,NA,NA,NA,NA,NA,NA,NA,NA,NA,NA,NA,NA,NA
"kc-ames","XGBoost",1004,0.332859678530405,0.406674960217137,0.304176840710336,-0.20052620095222,0.696208473072896,0.166127093225597,0.00446989075393367,NA,NA,NA,NA,NA,NA,NA,NA,NA,NA,NA,NA,NA,NA,NA,NA,NA,NA,NA,NA,NA,NA
"kc-ames","XGBoost",1005,0.364090806571572,0.432906118179713,0.257537256248982,-0.239082484573675,0.712757336685884,0.166127093225597,-0.128098394540208,NA,NA,NA,NA,NA,NA,NA,NA,NA,NA,NA,NA,NA,NA,NA,NA,NA,NA,NA,NA,NA,NA
"kc-ames","XGBoost",1006,0.359230272713605,0.43499680425374,0.239608489842708,-0.238229833149962,0.717145029827062,0.166127093225597,-0.139020830599901,NA,NA,NA,NA,NA,NA,NA,NA,NA,NA,NA,NA,NA,NA,NA,NA,NA,NA,NA,NA,NA,NA
"kc-ames","XGBoost",1007,0.354236462733084,0.422365747331236,0.318026980248278,-0.239625337621779,0.72345882777218,0.166127093225597,-0.0738334190704208,NA,NA,NA,NA,NA,NA,NA,NA,NA,NA,NA,NA,NA,NA,NA,NA,NA,NA,NA,NA,NA,NA
"kc-ames","XGBoost",1008,0.350778558063414,0.423728706406947,0.257704164014485,-0.220953430048168,0.705572620501822,0.166127093225597,-0.0807750448596911,NA,NA,NA,NA,NA,NA,NA,NA,NA,NA,NA,NA,NA,NA,NA,NA,NA,NA,NA,NA,NA,NA
"kc-ames","XGBoost",1009,0.370439613072886,0.440696064513017,0.23794625720197,-0.241019416067279,0.670209669638025,0.166127093225597,-0.169062899412345,NA,NA,NA,NA,NA,NA,NA,NA,NA,NA,NA,NA,NA,NA,NA,NA,NA,NA,NA,NA,NA,NA
"kc-ames","XGBoost",1010,0.341927140512232,0.417763027376472,0.282265885304824,-0.206855428197807,0.659079730756944,0.166127093225597,-0.0505567975342376,NA,NA,NA,NA,NA,NA,NA,NA,NA,NA,NA,NA,NA,NA,NA,NA,NA,NA,NA,NA,NA,NA
"kc-ames","XGBoost",1011,0.350543590459277,0.42434282282712,0.268238563529617,-0.231022539456765,0.745866050819418,0.166127093225597,-0.0839100822667236,NA,NA,NA,NA,NA,NA,NA,NA,NA,NA,NA,NA,NA,NA,NA,NA,NA,NA,NA,NA,NA,NA
"kc-ames","XGBoost",1012,0.382840844060245,0.46073927011526,0.193636278759938,-0.258338526889116,0.624473355996041,0.166127093225597,-0.277820919541821,NA,NA,NA,NA,NA,NA,NA,NA,NA,NA,NA,NA,NA,NA,NA,NA,NA,NA,NA,NA,NA,NA
"kc-ames","XGBoost",1013,0.381815546453768,0.457561957474093,0.235016303035874,-0.259718198674463,0.618347806766087,0.166127093225597,-0.260257679000096,NA,NA,NA,NA,NA,NA,NA,NA,NA,NA,NA,NA,NA,NA,NA,NA,NA,NA,NA,NA,NA,NA
"kc-ames","XGBoost",1014,0.35440116033044,0.426313075460203,0.250825071627864,-0.219525838516894,0.681054889748825,0.166127093225597,-0.0939987859869067,NA,NA,NA,NA,NA,NA,NA,NA,NA,NA,NA,NA,NA,NA,NA,NA,NA,NA,NA,NA,NA,NA
"kc-ames","XGBoost",1015,0.381226090023032,0.45716986116047,0.22150705508951,-0.246202977610225,0.581178533340714,0.166127093225597,-0.258098711627126,NA,NA,NA,NA,NA,NA,NA,NA,NA,NA,NA,NA,NA,NA,NA,NA,NA,NA,NA,NA,NA,NA
"kc-ames","XGBoost",1016,0.3459505677687,0.425461311719261,0.250623066362145,-0.211793462889822,0.653399566382649,0.166127093225597,-0.089631584199555,NA,NA,NA,NA,NA,NA,NA,NA,NA,NA,NA,NA,NA,NA,NA,NA,NA,NA,NA,NA,NA,NA
"kc-ames","XGBoost",1017,0.378739410691559,0.458691819000107,0.186488342183126,-0.253715656392031,0.627363808101892,0.166127093225597,-0.266489292820592,NA,NA,NA,NA,NA,NA,NA,NA,NA,NA,NA,NA,NA,NA,NA,NA,NA,NA,NA,NA,NA,NA
"kc-ames","XGBoost",1018,0.337933418730115,0.419039131909618,0.273939647289141,-0.220068964066691,0.724378416022878,0.166127093225597,-0.0569846896262372,NA,NA,NA,NA,NA,NA,NA,NA,NA,NA,NA,NA,NA,NA,NA,NA,NA,NA,NA,NA,NA,NA
"kc-ames","XGBoost",1019,0.394499505785707,0.465287039072233,0.243250851557954,-0.278525562460555,0.635915902534614,0.166127093225597,-0.303171111497234,NA,NA,NA,NA,NA,NA,NA,NA,NA,NA,NA,NA,NA,NA,NA,NA,NA,NA,NA,NA,NA,NA
"kc-ames","XGBoost",1020,0.359691698187148,0.426592252881159,0.296411457701746,-0.243958589319425,0.747447119277574,0.166127093225597,-0.0954320977078471,NA,NA,NA,NA,NA,NA,NA,NA,NA,NA,NA,NA,NA,NA,NA,NA,NA,NA,NA,NA,NA,NA
"kc-ames","XGBoost",1021,0.3598296547097,0.431048658529392,0.273117015699281,-0.241223106838561,0.71939713220682,0.166127093225597,-0.118438554556975,NA,NA,NA,NA,NA,NA,NA,NA,NA,NA,NA,NA,NA,NA,NA,NA,NA,NA,NA,NA,NA,NA
"kc-ames","XGBoost",1022,0.317025037242377,0.391820019054011,0.283378827304608,-0.174589631448813,0.773575327830956,0.166127093225597,0.0758706220002032,NA,NA,NA,NA,NA,NA,NA,NA,NA,NA,NA,NA,NA,NA,NA,NA,NA,NA,NA,NA,NA,NA
"kc-ames","XGBoost",1023,0.329459325138033,0.393860117071027,0.314881306698778,-0.188671665025459,0.750962300934286,0.166127093225597,0.0662221988767002,NA,NA,NA,NA,NA,NA,NA,NA,NA,NA,NA,NA,NA,NA,NA,NA,NA,NA,NA,NA,NA,NA
"kc-ames","XGBoost",1024,0.342436277624786,0.414257432156083,0.34999030355967,-0.222538753644581,0.669701490362776,0.166127093225597,-0.0329995954573752,NA,NA,NA,NA,NA,NA,NA,NA,NA,NA,NA,NA,NA,NA,NA,NA,NA,NA,NA,NA,NA,NA
"kc-ames","XGBoost",1025,0.375582661881507,0.449259701099406,0.219011739217682,-0.226751184097688,0.569880028356473,0.166127093225597,-0.214938966986205,NA,NA,NA,NA,NA,NA,NA,NA,NA,NA,NA,NA,NA,NA,NA,NA,NA,NA,NA,NA,NA,NA
"kc-ames","XGBoost",1026,0.331494786516714,0.406760189996756,0.284373435647944,-0.202602723918386,0.74450738003495,0.166127093225597,0.0040525662992611,NA,NA,NA,NA,NA,NA,NA,NA,NA,NA,NA,NA,NA,NA,NA,NA,NA,NA,NA,NA,NA,NA
"kc-ames","XGBoost",1027,0.380792010089298,0.456768312677233,0.205591341306937,-0.254730960691217,0.629554552881335,0.166127093225597,-0.255889616889169,NA,NA,NA,NA,NA,NA,NA,NA,NA,NA,NA,NA,NA,NA,NA,NA,NA,NA,NA,NA,NA,NA
"kc-ames","XGBoost",1028,0.363870536672107,0.437123318753261,0.248558379532396,-0.233626803701297,0.652543874125638,0.166127093225597,-0.150184428607242,NA,NA,NA,NA,NA,NA,NA,NA,NA,NA,NA,NA,NA,NA,NA,NA,NA,NA,NA,NA,NA,NA
"kc-ames","XGBoost",1029,0.386383219285868,0.464498244338849,0.178725513784818,-0.256074015528747,0.594617776356287,0.166127093225597,-0.298756360594821,NA,NA,NA,NA,NA,NA,NA,NA,NA,NA,NA,NA,NA,NA,NA,NA,NA,NA,NA,NA,NA,NA
"kc-ames","XGBoost",1030,0.334827476913956,0.398312833834683,0.3717040947533,-0.216191899487536,0.740600893032847,0.166127093225597,0.0449895286979572,NA,NA,NA,NA,NA,NA,NA,NA,NA,NA,NA,NA,NA,NA,NA,NA,NA,NA,NA,NA,NA,NA
"kc-ames","XGBoost + lags",1001,0.262543602140488,0.337825483227894,0.376593250994087,-0.0660564654041405,0.760052344958917,0.166127093225597,0.313019599017605,NA,NA,NA,NA,NA,NA,NA,NA,NA,NA,NA,NA,NA,NA,NA,NA,NA,NA,NA,NA,NA,NA
"kc-ames","XGBoost + lags",1002,0.255975444302311,0.341278424389135,0.361829760842316,0.0905332393831561,0.836562830693835,0.166127093225597,0.298904467103595,NA,NA,NA,NA,NA,NA,NA,NA,NA,NA,NA,NA,NA,NA,NA,NA,NA,NA,NA,NA,NA,NA
"kc-ames","XGBoost + lags",1003,0.219786651024927,0.28629395801528,0.543831583214592,0.0252406394588697,0.801047531107019,0.166127093225597,0.506617320482763,NA,NA,NA,NA,NA,NA,NA,NA,NA,NA,NA,NA,NA,NA,NA,NA,NA,NA,NA,NA,NA,NA
"kc-ames","XGBoost + lags",1004,0.30353002021544,0.38456139362324,0.170278958021669,0.0229002501104239,0.63220346127656,0.166127093225597,0.109793215579711,NA,NA,NA,NA,NA,NA,NA,NA,NA,NA,NA,NA,NA,NA,NA,NA,NA,NA,NA,NA,NA,NA
"kc-ames","XGBoost + lags",1005,0.274941183127185,0.346415668354724,0.348197519603164,-0.0704228493217844,0.744654008350602,0.166127093225597,0.277638505847524,NA,NA,NA,NA,NA,NA,NA,NA,NA,NA,NA,NA,NA,NA,NA,NA,NA,NA,NA,NA,NA,NA
"kc-ames","XGBoost + lags",1006,0.351755879100085,0.423592312977226,0.410013304454125,-0.259168553104362,0.685873093315625,0.166127093225597,-0.0800793785618934,NA,NA,NA,NA,NA,NA,NA,NA,NA,NA,NA,NA,NA,NA,NA,NA,NA,NA,NA,NA,NA,NA
"kc-ames","XGBoost + lags",1007,0.214246447412548,0.287525334720271,0.505684524823209,0.000237897105468289,0.923296080204436,0.166127093225597,0.502364024429546,NA,NA,NA,NA,NA,NA,NA,NA,NA,NA,NA,NA,NA,NA,NA,NA,NA,NA,NA,NA,NA,NA
"kc-ames","XGBoost + lags",1008,0.269942925047265,0.336050444522097,0.5157100953018,-0.178849425089417,0.92793371451472,0.166127093225597,0.320219844513004,NA,NA,NA,NA,NA,NA,NA,NA,NA,NA,NA,NA,NA,NA,NA,NA,NA,NA,NA,NA,NA,NA
"kc-ames","XGBoost + lags",1009,0.270376824493295,0.343182583532242,0.37491766680131,-0.109261183513584,0.847096306383151,0.166127093225597,0.291059132179425,NA,NA,NA,NA,NA,NA,NA,NA,NA,NA,NA,NA,NA,NA,NA,NA,NA,NA,NA,NA,NA,NA
"kc-ames","XGBoost + lags",1010,0.240384362687129,0.312276556943501,0.458676748943729,-0.0522847635306604,0.797928508918733,0.166127093225597,0.412999733378457,NA,NA,NA,NA,NA,NA,NA,NA,NA,NA,NA,NA,NA,NA,NA,NA,NA,NA,NA,NA,NA,NA
"kc-ames","XGBoost + lags",1011,0.255658545772198,0.322288330602395,0.451887163653451,-0.108898215162021,0.897180377557178,0.166127093225597,0.374757205307712,NA,NA,NA,NA,NA,NA,NA,NA,NA,NA,NA,NA,NA,NA,NA,NA,NA,NA,NA,NA,NA,NA
"kc-ames","XGBoost + lags",1012,0.299348276099955,0.37863720504366,0.297834417953277,-0.117457029559555,0.661418556605694,0.166127093225597,0.137009320637505,NA,NA,NA,NA,NA,NA,NA,NA,NA,NA,NA,NA,NA,NA,NA,NA,NA,NA,NA,NA,NA,NA
"kc-ames","XGBoost + lags",1013,0.242017362413935,0.311263571855324,0.457556040593974,-0.0603563919952866,0.830654270141794,0.166127093225597,0.416801863663705,NA,NA,NA,NA,NA,NA,NA,NA,NA,NA,NA,NA,NA,NA,NA,NA,NA,NA,NA,NA,NA,NA
"kc-ames","XGBoost + lags",1014,0.318565088818268,0.389742284935449,0.248722464315803,-0.121286883523599,0.645816161286604,0.166127093225597,0.0856455397047774,NA,NA,NA,NA,NA,NA,NA,NA,NA,NA,NA,NA,NA,NA,NA,NA,NA,NA,NA,NA,NA,NA
"kc-ames","XGBoost + lags",1015,0.27568606179321,0.336749382584065,0.533847515833992,-0.179394146644003,0.828408303986491,0.166127093225597,0.317389208051969,NA,NA,NA,NA,NA,NA,NA,NA,NA,NA,NA,NA,NA,NA,NA,NA,NA,NA,NA,NA,NA,NA
"kc-ames","XGBoost + lags",1016,0.337282354733361,0.412931450122086,0.329658872148773,-0.214896773473877,0.672293658603029,0.166127093225597,-0.0263971949980306,NA,NA,NA,NA,NA,NA,NA,NA,NA,NA,NA,NA,NA,NA,NA,NA,NA,NA,NA,NA,NA,NA
"kc-ames","XGBoost + lags",1017,0.218224939266023,0.290134293155491,0.49653364534961,-0.017846800378984,0.947956185267292,0.166127093225597,0.493292114907924,NA,NA,NA,NA,NA,NA,NA,NA,NA,NA,NA,NA,NA,NA,NA,NA,NA,NA,NA,NA,NA,NA
"kc-ames","XGBoost + lags",1018,0.264497946845071,0.341801134552956,0.329011303281163,-0.0618572086745828,0.855044539715884,0.166127093225597,0.296755193187917,NA,NA,NA,NA,NA,NA,NA,NA,NA,NA,NA,NA,NA,NA,NA,NA,NA,NA,NA,NA,NA,NA
"kc-ames","XGBoost + lags",1019,0.259124435021605,0.340234603594435,0.413472549291914,-0.0178807615674792,0.661159614837277,0.166127093225597,0.303186595061507,NA,NA,NA,NA,NA,NA,NA,NA,NA,NA,NA,NA,NA,NA,NA,NA,NA,NA,NA,NA,NA,NA
"kc-ames","XGBoost + lags",1020,0.375353298010334,0.453477974602072,0.233023150377141,-0.26197594640343,0.667078837229881,0.166127093225597,-0.237861142673096,NA,NA,NA,NA,NA,NA,NA,NA,NA,NA,NA,NA,NA,NA,NA,NA,NA,NA,NA,NA,NA,NA
"kc-ames","XGBoost + lags",1021,0.26654321960246,0.332808164361594,0.531595165161822,-0.172205779568349,0.837609473124282,0.166127093225597,0.33327386812624,NA,NA,NA,NA,NA,NA,NA,NA,NA,NA,NA,NA,NA,NA,NA,NA,NA,NA,NA,NA,NA,NA
"kc-ames","XGBoost + lags",1022,0.34822901310817,0.417656493337245,0.374939283292531,-0.245486225379466,0.710184789659733,0.166127093225597,-0.0500210594179371,NA,NA,NA,NA,NA,NA,NA,NA,NA,NA,NA,NA,NA,NA,NA,NA,NA,NA,NA,NA,NA,NA
"kc-ames","XGBoost + lags",1023,0.248578535530261,0.319497052559522,0.412402967565183,-0.0124967737024834,0.798898328961879,0.166127093225597,0.385540524352632,NA,NA,NA,NA,NA,NA,NA,NA,NA,NA,NA,NA,NA,NA,NA,NA,NA,NA,NA,NA,NA,NA
"kc-ames","XGBoost + lags",1024,0.275496324653329,0.347861303579608,0.402300538145142,-0.128956596635591,0.7832309656394,0.166127093225597,0.271596919090261,NA,NA,NA,NA,NA,NA,NA,NA,NA,NA,NA,NA,NA,NA,NA,NA,NA,NA,NA,NA,NA,NA
"kc-ames","XGBoost + lags",1025,0.219173902794392,0.281351442746591,0.610890554286744,-0.104792327230845,0.842272931401902,0.166127093225597,0.523505571556035,NA,NA,NA,NA,NA,NA,NA,NA,NA,NA,NA,NA,NA,NA,NA,NA,NA,NA,NA,NA,NA,NA
"kc-ames","XGBoost + lags",1026,0.236877909662343,0.310654574106062,0.434454772311795,0.00894485264849685,0.842910254346712,0.166127093225597,0.419081725086435,NA,NA,NA,NA,NA,NA,NA,NA,NA,NA,NA,NA,NA,NA,NA,NA,NA,NA,NA,NA,NA,NA
"kc-ames","XGBoost + lags",1027,0.291472539659145,0.368318065853005,0.314030501810836,-0.138777117902904,0.82097503233209,0.166127093225597,0.183407143291929,NA,NA,NA,NA,NA,NA,NA,NA,NA,NA,NA,NA,NA,NA,NA,NA,NA,NA,NA,NA,NA,NA
"kc-ames","XGBoost + lags",1028,0.272869245766837,0.350652884149966,0.304598980620579,-0.0180301394148937,0.726808756314778,0.166127093225597,0.259859167007059,NA,NA,NA,NA,NA,NA,NA,NA,NA,NA,NA,NA,NA,NA,NA,NA,NA,NA,NA,NA,NA,NA
"kc-ames","XGBoost + lags",1029,0.272442964719065,0.349911132740797,0.288544040269958,-0.0054137702013559,0.770387875766193,0.166127093225597,0.262987159778447,NA,NA,NA,NA,NA,NA,NA,NA,NA,NA,NA,NA,NA,NA,NA,NA,NA,NA,NA,NA,NA,NA
"kc-ames","XGBoost + lags",1030,0.228313002670108,0.299276667299306,0.487389333012863,0.0120240181602845,0.812818070123142,0.166127093225597,0.460855409850876,NA,NA,NA,NA,NA,NA,NA,NA,NA,NA,NA,NA,NA,NA,NA,NA,NA,NA,NA,NA,NA,NA
"kc-ames","GraphSAGE",1001,0.454317559259299,0.532581931568816,0.618023817711042,0.277581934524071,0.458501012957333,0.166127093225597,-0.707388652424019,NA,NA,NA,NA,NA,NA,NA,NA,NA,NA,NA,NA,NA,NA,NA,NA,NA,NA,NA,NA,NA,NA
"kc-ames","GraphSAGE",1002,0.369349082052974,0.445655432995278,0.496875378347447,-0.265731698920658,0.576741969320977,0.166127093225597,-0.195523024582766,NA,NA,NA,NA,NA,NA,NA,NA,NA,NA,NA,NA,NA,NA,NA,NA,NA,NA,NA,NA,NA,NA
"kc-ames","GraphSAGE",1003,0.356023130307232,0.440609130295118,0.627183155486375,-0.00980884542771344,0.470302050121635,0.166127093225597,-0.168601712881275,NA,NA,NA,NA,NA,NA,NA,NA,NA,NA,NA,NA,NA,NA,NA,NA,NA,NA,NA,NA,NA,NA
"kc-ames","GraphSAGE",1004,0.45566352787036,0.550411955147053,0.499722651263485,-0.416648752045255,0.572496565918973,0.166127093225597,-0.823623796013796,NA,NA,NA,NA,NA,NA,NA,NA,NA,NA,NA,NA,NA,NA,NA,NA,NA,NA,NA,NA,NA,NA
"kc-ames","GraphSAGE",1005,0.622240490969298,0.705133143171052,0.579086798316436,0.491788519520325,0.418641352610965,0.166127093225597,-1.99296604752533,NA,NA,NA,NA,NA,NA,NA,NA,NA,NA,NA,NA,NA,NA,NA,NA,NA,NA,NA,NA,NA,NA
"kc-ames","GraphSAGE",1006,0.372124300996811,0.436737593705496,0.550671004184664,0.340541665508085,1.04233470599855,0.166127093225597,-0.148155439622643,NA,NA,NA,NA,NA,NA,NA,NA,NA,NA,NA,NA,NA,NA,NA,NA,NA,NA,NA,NA,NA,NA
"kc-ames","GraphSAGE",1007,0.330957266846154,0.423702221488063,0.397445459728123,-0.189081648823014,0.551349120231134,0.166127093225597,-0.0806399426379578,NA,NA,NA,NA,NA,NA,NA,NA,NA,NA,NA,NA,NA,NA,NA,NA,NA,NA,NA,NA,NA,NA
"kc-ames","GraphSAGE",1008,0.328247188048744,0.41284289377549,0.647116178966232,0.209185717097855,0.556821277193266,0.166127093225597,-0.0259570045535407,NA,NA,NA,NA,NA,NA,NA,NA,NA,NA,NA,NA,NA,NA,NA,NA,NA,NA,NA,NA,NA,NA
"kc-ames","GraphSAGE",1009,0.322498026737722,0.395293654011463,0.595970790714487,0.0375537755657561,0.515040712546995,0.166127093225597,0.0594124662764055,NA,NA,NA,NA,NA,NA,NA,NA,NA,NA,NA,NA,NA,NA,NA,NA,NA,NA,NA,NA,NA,NA
"kc-ames","GraphSAGE",1010,0.379165170806131,0.462684164685168,0.660148522222899,0.338036613130732,0.613889808208316,0.166127093225597,-0.288631686101319,NA,NA,NA,NA,NA,NA,NA,NA,NA,NA,NA,NA,NA,NA,NA,NA,NA,NA,NA,NA,NA,NA
"kc-ames","GraphSAGE",1011,0.267702962513263,0.331417355323108,0.593660766162557,-0.10338253562844,0.638259878624522,0.166127093225597,0.338834736244941,NA,NA,NA,NA,NA,NA,NA,NA,NA,NA,NA,NA,NA,NA,NA,NA,NA,NA,NA,NA,NA,NA
"kc-ames","GraphSAGE",1012,0.415795296912793,0.499288592031905,0.647164355247738,-0.0123215186158538,0.428908162598613,0.166127093225597,-0.500592668497924,NA,NA,NA,NA,NA,NA,NA,NA,NA,NA,NA,NA,NA,NA,NA,NA,NA,NA,NA,NA,NA,NA
"kc-ames","GraphSAGE",1013,0.660117055675676,0.8284307472491,0.404273218833853,0.0245123392975427,0.252761567836181,0.166127093225597,-3.13115940128877,NA,NA,NA,NA,NA,NA,NA,NA,NA,NA,NA,NA,NA,NA,NA,NA,NA,NA,NA,NA,NA,NA
"kc-ames","GraphSAGE",1014,0.225568136830289,0.292519345662035,0.7003734852735,0.0896757086042835,0.671773131048883,0.166127093225597,0.484927076462199,NA,NA,NA,NA,NA,NA,NA,NA,NA,NA,NA,NA,NA,NA,NA,NA,NA,NA,NA,NA,NA,NA
"kc-ames","GraphSAGE",1015,0.48198652175227,0.555944570541633,0.552242642037953,0.47952875084142,0.814335594563349,0.166127093225597,-0.86046935219052,NA,NA,NA,NA,NA,NA,NA,NA,NA,NA,NA,NA,NA,NA,NA,NA,NA,NA,NA,NA,NA,NA
"kc-ames","GraphSAGE",1016,0.436818063053131,0.546946671292509,0.236627590910882,0.378347598296613,0.536925357215813,0.166127093225597,-0.800733736018094,NA,NA,NA,NA,NA,NA,NA,NA,NA,NA,NA,NA,NA,NA,NA,NA,NA,NA,NA,NA,NA,NA
"kc-ames","GraphSAGE",1017,0.461005638572596,0.692933218454799,0.423458616592911,-0.235497086800304,0.316176674338717,0.166127093225597,-1.89029583263751,NA,NA,NA,NA,NA,NA,NA,NA,NA,NA,NA,NA,NA,NA,NA,NA,NA,NA,NA,NA,NA,NA
"kc-ames","GraphSAGE",1018,0.282627909183024,0.361240557771151,0.645963898852884,0.220158433546771,0.682433067663032,0.166127093225597,0.214488509700203,NA,NA,NA,NA,NA,NA,NA,NA,NA,NA,NA,NA,NA,NA,NA,NA,NA,NA,NA,NA,NA,NA
"kc-ames","GraphSAGE",1019,1.61951381105262,1.83022615958203,0.545708806359848,-1.6076340232286,0.266036225385105,0.166127093225597,-19.1636453764318,NA,NA,NA,NA,NA,NA,NA,NA,NA,NA,NA,NA,NA,NA,NA,NA,NA,NA,NA,NA,NA,NA
"kc-ames","GraphSAGE",1020,0.681537134096564,0.991909008089581,0.416739705852776,-0.510353806749648,0.24944709707191,0.166127093225597,-4.92247454178448,NA,NA,NA,NA,NA,NA,NA,NA,NA,NA,NA,NA,NA,NA,NA,NA,NA,NA,NA,NA,NA,NA
"kc-ames","GraphSAGE",1021,0.331380689342903,0.427906865306304,0.118705435886808,-0.135108372561455,0.507987461686482,0.166127093225597,-0.102193999913159,NA,NA,NA,NA,NA,NA,NA,NA,NA,NA,NA,NA,NA,NA,NA,NA,NA,NA,NA,NA,NA,NA
"kc-ames","GraphSAGE",1022,0.230075579052557,0.30979450919918,0.632120443967269,0.183488501835322,0.903022367473667,0.166127093225597,0.422293883155882,NA,NA,NA,NA,NA,NA,NA,NA,NA,NA,NA,NA,NA,NA,NA,NA,NA,NA,NA,NA,NA,NA
"kc-ames","GraphSAGE",1023,0.691134480326239,0.794562367328076,0.55663546140044,0.283396278269614,0.305577027362304,0.166127093225597,-2.8002793121569,NA,NA,NA,NA,NA,NA,NA,NA,NA,NA,NA,NA,NA,NA,NA,NA,NA,NA,NA,NA,NA,NA
"kc-ames","GraphSAGE",1024,0.338954531865284,0.428127948525525,0.475554448241344,0.289361948440481,0.715647545058322,0.166127093225597,-0.103333217657437,NA,NA,NA,NA,NA,NA,NA,NA,NA,NA,NA,NA,NA,NA,NA,NA,NA,NA,NA,NA,NA,NA
"kc-ames","GraphSAGE",1025,0.542829622307432,0.654656456948269,0.565379229299922,0.0635409218596088,0.340458855888658,0.166127093225597,-1.57980241694872,NA,NA,NA,NA,NA,NA,NA,NA,NA,NA,NA,NA,NA,NA,NA,NA,NA,NA,NA,NA,NA,NA
"kc-ames","GraphSAGE",1026,0.304513440365136,0.384534383539897,0.715106760883356,0.227934008287488,0.609860957381774,0.166127093225597,0.109918260451301,NA,NA,NA,NA,NA,NA,NA,NA,NA,NA,NA,NA,NA,NA,NA,NA,NA,NA,NA,NA,NA,NA
"kc-ames","GraphSAGE",1027,0.224506708971693,0.288609702607902,0.677942753684311,0.142031573890089,0.773640201515042,0.166127093225597,0.498603395616462,NA,NA,NA,NA,NA,NA,NA,NA,NA,NA,NA,NA,NA,NA,NA,NA,NA,NA,NA,NA,NA,NA
"kc-ames","GraphSAGE",1028,0.37287439839603,0.453557797671236,0.531131170382425,0.106406307850453,0.465248778423781,0.166127093225597,-0.238296967906529,NA,NA,NA,NA,NA,NA,NA,NA,NA,NA,NA,NA,NA,NA,NA,NA,NA,NA,NA,NA,NA,NA
"kc-ames","GraphSAGE",1029,0.565488606956172,0.793919370932607,0.475306654512562,-0.373841432023336,0.306682725494108,0.166127093225597,-2.79413107942653,NA,NA,NA,NA,NA,NA,NA,NA,NA,NA,NA,NA,NA,NA,NA,NA,NA,NA,NA,NA,NA,NA
"kc-ames","GraphSAGE",1030,0.393881749322915,0.463508037389227,0.713513158145289,0.377351777181792,0.685816015945523,0.166127093225597,-0.293224943343017,NA,NA,NA,NA,NA,NA,NA,NA,NA,NA,NA,NA,NA,NA,NA,NA,NA,NA,NA,NA,NA,NA
"kc-ames","GraphSAGE + LayerNorm",1001,0.251684312210894,0.320919479247225,0.564157109287713,0.169421594972649,1.1663104090543,0.166127093225597,0.380057098690984,NA,NA,NA,NA,NA,NA,NA,NA,NA,NA,NA,NA,NA,NA,NA,NA,NA,NA,NA,NA,NA,NA
"kc-ames","GraphSAGE + LayerNorm",1002,0.239406912070553,0.306887600349502,0.54354827168551,-0.10779757767458,0.78518300623299,0.166127093225597,0.433084649712248,NA,NA,NA,NA,NA,NA,NA,NA,NA,NA,NA,NA,NA,NA,NA,NA,NA,NA,NA,NA,NA,NA
"kc-ames","GraphSAGE + LayerNorm",1003,0.24666760600651,0.326661488343414,0.464286970936901,-0.0733834379184163,0.714121767380391,0.166127093225597,0.357674140353328,NA,NA,NA,NA,NA,NA,NA,NA,NA,NA,NA,NA,NA,NA,NA,NA,NA,NA,NA,NA,NA,NA
"kc-ames","GraphSAGE + LayerNorm",1004,0.506287199299749,0.729926795045655,0.210396824572338,-0.422784534385292,0.283620487765388,0.166127093225597,-2.20714168761203,NA,NA,NA,NA,NA,NA,NA,NA,NA,NA,NA,NA,NA,NA,NA,NA,NA,NA,NA,NA,NA,NA
"kc-ames","GraphSAGE + LayerNorm",1005,0.220694226818648,0.285357669920162,0.575499936352193,0.103448430970057,0.953186431631497,0.166127093225597,0.509839134597479,NA,NA,NA,NA,NA,NA,NA,NA,NA,NA,NA,NA,NA,NA,NA,NA,NA,NA,NA,NA,NA,NA
"kc-ames","GraphSAGE + LayerNorm",1006,0.21361148794589,0.282118629842676,0.621571599934013,0.0965075906779322,0.788447583570262,0.166127093225597,0.52090342545014,NA,NA,NA,NA,NA,NA,NA,NA,NA,NA,NA,NA,NA,NA,NA,NA,NA,NA,NA,NA,NA,NA
"kc-ames","GraphSAGE + LayerNorm",1007,0.428098405540015,0.505531550925426,0.521986952903343,-0.394014284652323,0.670518710251576,0.166127093225597,-0.538353221133044,NA,NA,NA,NA,NA,NA,NA,NA,NA,NA,NA,NA,NA,NA,NA,NA,NA,NA,NA,NA,NA,NA
"kc-ames","GraphSAGE + LayerNorm",1008,0.28433430802291,0.34633134645735,0.639944300516566,-0.205048838313732,0.707837234086233,0.166127093225597,0.277990126655151,NA,NA,NA,NA,NA,NA,NA,NA,NA,NA,NA,NA,NA,NA,NA,NA,NA,NA,NA,NA,NA,NA
"kc-ames","GraphSAGE + LayerNorm",1009,0.302238134139782,0.404592299337039,0.36404420600483,-0.141887626922753,0.557948196487561,0.166127093225597,0.0146403846328786,NA,NA,NA,NA,NA,NA,NA,NA,NA,NA,NA,NA,NA,NA,NA,NA,NA,NA,NA,NA,NA,NA
"kc-ames","GraphSAGE + LayerNorm",1010,0.289506855104037,0.35159302064815,0.54932182033836,0.152526624658409,0.654110116479901,0.166127093225597,0.255885059033566,NA,NA,NA,NA,NA,NA,NA,NA,NA,NA,NA,NA,NA,NA,NA,NA,NA,NA,NA,NA,NA,NA
"kc-ames","GraphSAGE + LayerNorm",1011,0.256766898870201,0.327644596967842,0.432052258270371,-0.0787141804580191,0.764140992230892,0.166127093225597,0.353802081058271,NA,NA,NA,NA,NA,NA,NA,NA,NA,NA,NA,NA,NA,NA,NA,NA,NA,NA,NA,NA,NA,NA
"kc-ames","GraphSAGE + LayerNorm",1012,0.349277804477375,0.432905666030714,0.579448109927529,-0.298205435990575,0.647021150293926,0.166127093225597,-0.128096038055642,NA,NA,NA,NA,NA,NA,NA,NA,NA,NA,NA,NA,NA,NA,NA,NA,NA,NA,NA,NA,NA,NA
"kc-ames","GraphSAGE + LayerNorm",1013,0.291633255544146,0.362439808131624,0.432533886358337,0.0711941669313648,0.599513136959126,0.166127093225597,0.209264353165434,NA,NA,NA,NA,NA,NA,NA,NA,NA,NA,NA,NA,NA,NA,NA,NA,NA,NA,NA,NA,NA,NA
"kc-ames","GraphSAGE + LayerNorm",1014,0.366610724024006,0.459073655288042,0.304318363514167,-0.262463360843995,0.580790863614092,0.166127093225597,-0.268598738998774,NA,NA,NA,NA,NA,NA,NA,NA,NA,NA,NA,NA,NA,NA,NA,NA,NA,NA,NA,NA,NA,NA
"kc-ames","GraphSAGE + LayerNorm",1015,0.199519568217283,0.271286090304663,0.61958081943974,-0.0337369599776923,1.42927000053015,0.166127093225597,0.556988921169844,NA,NA,NA,NA,NA,NA,NA,NA,NA,NA,NA,NA,NA,NA,NA,NA,NA,NA,NA,NA,NA,NA
"kc-ames","GraphSAGE + LayerNorm",1016,0.212373602386751,0.290366287583668,0.543821616466209,0.00994675048331342,1.4408997177756,0.166127093225597,0.492481453036522,NA,NA,NA,NA,NA,NA,NA,NA,NA,NA,NA,NA,NA,NA,NA,NA,NA,NA,NA,NA,NA,NA
"kc-ames","GraphSAGE + LayerNorm",1017,0.209572243782052,0.2751158007508,0.579571221923729,0.0394816443168342,0.825361658046033,0.166127093225597,0.544392775716782,NA,NA,NA,NA,NA,NA,NA,NA,NA,NA,NA,NA,NA,NA,NA,NA,NA,NA,NA,NA,NA,NA
"kc-ames","GraphSAGE + LayerNorm",1018,0.382659342235771,0.465642662576999,0.408518286535524,-0.332207139904385,0.74163165852496,0.166127093225597,-0.305163926015102,NA,NA,NA,NA,NA,NA,NA,NA,NA,NA,NA,NA,NA,NA,NA,NA,NA,NA,NA,NA,NA,NA
"kc-ames","GraphSAGE + LayerNorm",1019,0.266266691884907,0.34585285030693,0.374003193001049,-0.0855469568038147,0.731872978496553,0.166127093225597,0.279983825979583,NA,NA,NA,NA,NA,NA,NA,NA,NA,NA,NA,NA,NA,NA,NA,NA,NA,NA,NA,NA,NA,NA
"kc-ames","GraphSAGE + LayerNorm",1020,0.236541609569854,0.305411878195641,0.513467812189589,0.0344354414028264,0.733191084394417,0.166127093225597,0.438523761946996,NA,NA,NA,NA,NA,NA,NA,NA,NA,NA,NA,NA,NA,NA,NA,NA,NA,NA,NA,NA,NA,NA
"kc-ames","GraphSAGE + LayerNorm",1021,0.218899611949567,0.289780796842634,0.528452298041071,-0.0750516890182631,0.981834454011889,0.166127093225597,0.494526096927979,NA,NA,NA,NA,NA,NA,NA,NA,NA,NA,NA,NA,NA,NA,NA,NA,NA,NA,NA,NA,NA,NA
"kc-ames","GraphSAGE + LayerNorm",1022,0.249450485611822,0.320834259863676,0.525964403253432,-0.12266827940356,0.755342593960529,0.166127093225597,0.380386303620629,NA,NA,NA,NA,NA,NA,NA,NA,NA,NA,NA,NA,NA,NA,NA,NA,NA,NA,NA,NA,NA,NA
"kc-ames","GraphSAGE + LayerNorm",1023,0.318053724881949,0.381997835125689,0.422918230942306,0.129483425174761,0.592144050016881,0.166127093225597,0.121622227853264,NA,NA,NA,NA,NA,NA,NA,NA,NA,NA,NA,NA,NA,NA,NA,NA,NA,NA,NA,NA,NA,NA
"kc-ames","GraphSAGE + LayerNorm",1024,0.371912093702914,0.440777827833512,0.593470567535339,0.355845644088532,1.04009579058482,0.166127093225597,-0.169496737331064,NA,NA,NA,NA,NA,NA,NA,NA,NA,NA,NA,NA,NA,NA,NA,NA,NA,NA,NA,NA,NA,NA
"kc-ames","GraphSAGE + LayerNorm",1025,0.24811271689812,0.31130596657681,0.613596999372125,0.152225103079255,0.765440511502659,0.166127093225597,0.416642987337902,NA,NA,NA,NA,NA,NA,NA,NA,NA,NA,NA,NA,NA,NA,NA,NA,NA,NA,NA,NA,NA,NA
"kc-ames","GraphSAGE + LayerNorm",1026,0.321154838493473,0.422932680134366,0.512903650604969,-0.23610574448014,0.586802173658571,0.166127093225597,-0.0767181225685682,NA,NA,NA,NA,NA,NA,NA,NA,NA,NA,NA,NA,NA,NA,NA,NA,NA,NA,NA,NA,NA,NA
"kc-ames","GraphSAGE + LayerNorm",1027,0.253659004195256,0.341439253059603,0.484059779996228,-0.115791791346903,0.681917918801982,0.166127093225597,0.298243523880928,NA,NA,NA,NA,NA,NA,NA,NA,NA,NA,NA,NA,NA,NA,NA,NA,NA,NA,NA,NA,NA,NA
"kc-ames","GraphSAGE + LayerNorm",1028,0.278867440525342,0.372152000504959,0.492850822106091,-0.180805157489261,0.660708261532635,0.166127093225597,0.166318336216438,NA,NA,NA,NA,NA,NA,NA,NA,NA,NA,NA,NA,NA,NA,NA,NA,NA,NA,NA,NA,NA,NA
"kc-ames","GraphSAGE + LayerNorm",1029,0.28111609021364,0.366263883694085,0.481414515399716,0.0181552081945775,0.564205718518067,0.166127093225597,0.192490340413636,NA,NA,NA,NA,NA,NA,NA,NA,NA,NA,NA,NA,NA,NA,NA,NA,NA,NA,NA,NA,NA,NA
"kc-ames","GraphSAGE + LayerNorm",1030,0.231112240950345,0.300218360115217,0.482569197941924,0.0163686907700813,0.818640637842688,0.166127093225597,0.457457167279306,NA,NA,NA,NA,NA,NA,NA,NA,NA,NA,NA,NA,NA,NA,NA,NA,NA,NA,NA,NA,NA,NA
"brow-sd","OLS",1001,0.390084688195419,0.508525010175977,0.662372504129328,-0.0846376357428417,1.09465217485699,NA,0.647659823837359,NA,NA,NA,NA,NA,NA,NA,NA,NA,NA,NA,NA,NA,NA,NA,NA,NA,NA,NA,NA,NA,NA
"brow-sd","XGBoost",1001,0.376635564113821,0.507223755724149,0.696650041173546,-0.185992282421449,1.00905359814234,NA,0.649460709184528,NA,NA,NA,NA,NA,NA,NA,NA,NA,NA,NA,NA,NA,NA,NA,NA,NA,NA,NA,NA,NA,NA
"brow-sd","XGBoost",1002,0.379106872951509,0.509092661748216,0.696647545662702,-0.191026834137261,1.00899193926472,NA,0.646872770765709,NA,NA,NA,NA,NA,NA,NA,NA,NA,NA,NA,NA,NA,NA,NA,NA,NA,NA,NA,NA,NA,NA
"brow-sd","XGBoost",1003,0.386864621251571,0.516455368664951,0.689003475780835,-0.1954249505571,0.976952313857803,NA,0.636584768510417,NA,NA,NA,NA,NA,NA,NA,NA,NA,NA,NA,NA,NA,NA,NA,NA,NA,NA,NA,NA,NA,NA
"brow-sd","XGBoost",1004,0.37686393668382,0.50659423644806,0.698935764161249,-0.188836998431598,1.00529878959423,NA,0.650330283212656,NA,NA,NA,NA,NA,NA,NA,NA,NA,NA,NA,NA,NA,NA,NA,NA,NA,NA,NA,NA,NA,NA
"brow-sd","XGBoost",1005,0.383893829741687,0.514549193932216,0.696844676939852,-0.205397783236739,0.988128025546915,NA,0.639262461789202,NA,NA,NA,NA,NA,NA,NA,NA,NA,NA,NA,NA,NA,NA,NA,NA,NA,NA,NA,NA,NA,NA
"brow-sd","XGBoost",1006,0.384596023343495,0.513054253677844,0.697402005822163,-0.202466049331489,0.983593171532338,NA,0.641355547061164,NA,NA,NA,NA,NA,NA,NA,NA,NA,NA,NA,NA,NA,NA,NA,NA,NA,NA,NA,NA,NA,NA
"brow-sd","XGBoost",1007,0.368067045575468,0.497839902753031,0.707786708798014,-0.181626755852726,1.02810957502429,NA,0.662310980496928,NA,NA,NA,NA,NA,NA,NA,NA,NA,NA,NA,NA,NA,NA,NA,NA,NA,NA,NA,NA,NA,NA
"brow-sd","XGBoost",1008,0.377282265967139,0.507146236886525,0.696954575278175,-0.18647833599439,0.996883674145227,NA,0.649567846603103,NA,NA,NA,NA,NA,NA,NA,NA,NA,NA,NA,NA,NA,NA,NA,NA,NA,NA,NA,NA,NA,NA
"brow-sd","XGBoost",1009,0.376912350326833,0.50630439696494,0.691266392135614,-0.172431340377112,1.00609744189142,NA,0.650730284201114,NA,NA,NA,NA,NA,NA,NA,NA,NA,NA,NA,NA,NA,NA,NA,NA,NA,NA,NA,NA,NA,NA
"brow-sd","XGBoost",1010,0.373067491772882,0.500814945407094,0.70555639068063,-0.185594918247269,1.02315617373375,NA,0.658262927923177,NA,NA,NA,NA,NA,NA,NA,NA,NA,NA,NA,NA,NA,NA,NA,NA,NA,NA,NA,NA,NA,NA
"brow-sd","XGBoost",1011,0.369580056455427,0.496147543175391,0.710000180890051,-0.180385358137645,1.0402488082846,NA,0.664602961827046,NA,NA,NA,NA,NA,NA,NA,NA,NA,NA,NA,NA,NA,NA,NA,NA,NA,NA,NA,NA,NA,NA
"brow-sd","XGBoost",1012,0.382023964663975,0.512140059755412,0.698654012638635,-0.202570296908209,0.987522011277263,NA,0.642632521050272,NA,NA,NA,NA,NA,NA,NA,NA,NA,NA,NA,NA,NA,NA,NA,NA,NA,NA,NA,NA,NA,NA
"brow-sd","XGBoost",1013,0.375398127925244,0.504232663326377,0.699939912949948,-0.184453196927392,1.00101508319409,NA,0.653582771346109,NA,NA,NA,NA,NA,NA,NA,NA,NA,NA,NA,NA,NA,NA,NA,NA,NA,NA,NA,NA,NA,NA
"brow-sd","XGBoost",1014,0.377962291772353,0.505836421683444,0.698624220182354,-0.186104419127331,1.00923335367627,NA,0.65137564322474,NA,NA,NA,NA,NA,NA,NA,NA,NA,NA,NA,NA,NA,NA,NA,NA,NA,NA,NA,NA,NA,NA
"brow-sd","XGBoost",1015,0.375159356694886,0.503870755391543,0.697341304112946,-0.178102823761147,1.00782099469266,NA,0.654079867869152,NA,NA,NA,NA,NA,NA,NA,NA,NA,NA,NA,NA,NA,NA,NA,NA,NA,NA,NA,NA,NA,NA
"brow-sd","XGBoost + lags",1001,0.395940564092296,0.524125456686193,0.668367979024174,-0.171590448237456,0.941919534832698,NA,0.625710158285021,NA,NA,NA,NA,NA,NA,NA,NA,NA,NA,NA,NA,NA,NA,NA,NA,NA,NA,NA,NA,NA,NA
"brow-sd","XGBoost + lags",1002,0.393995017437931,0.523470995371122,0.669780307701792,-0.174106530685346,0.950269910669307,NA,0.626644305949639,NA,NA,NA,NA,NA,NA,NA,NA,NA,NA,NA,NA,NA,NA,NA,NA,NA,NA,NA,NA,NA,NA
"brow-sd","XGBoost + lags",1003,0.40808678594914,0.534159385116397,0.674783289829476,-0.202656951399199,0.904150190481796,NA,0.611242071425577,NA,NA,NA,NA,NA,NA,NA,NA,NA,NA,NA,NA,NA,NA,NA,NA,NA,NA,NA,NA,NA,NA
"brow-sd","XGBoost + lags",1004,0.394473825286704,0.521013782255418,0.673725678676442,-0.172406204710812,0.93661489115698,NA,0.630141199986571,NA,NA,NA,NA,NA,NA,NA,NA,NA,NA,NA,NA,NA,NA,NA,NA,NA,NA,NA,NA,NA,NA
"brow-sd","XGBoost + lags",1005,0.402041260100218,0.528942666757286,0.679400509010562,-0.200023010409985,0.913514780584632,NA,0.618798383393429,NA,NA,NA,NA,NA,NA,NA,NA,NA,NA,NA,NA,NA,NA,NA,NA,NA,NA,NA,NA,NA,NA
"brow-sd","XGBoost + lags",1006,0.406720860389933,0.537587695396137,0.663157901988022,-0.193808877782473,0.914857358849164,NA,0.606235851057164,NA,NA,NA,NA,NA,NA,NA,NA,NA,NA,NA,NA,NA,NA,NA,NA,NA,NA,NA,NA,NA,NA
"brow-sd","XGBoost + lags",1007,0.397788595776555,0.528764187204984,0.669684455981633,-0.187209926118701,0.9384930014418,NA,0.619055595448475,NA,NA,NA,NA,NA,NA,NA,NA,NA,NA,NA,NA,NA,NA,NA,NA,NA,NA,NA,NA,NA,NA
"brow-sd","XGBoost + lags",1008,0.406827613177555,0.535386878564362,0.671079587483447,-0.202691627045694,0.915959496720878,NA,0.609453294062066,NA,NA,NA,NA,NA,NA,NA,NA,NA,NA,NA,NA,NA,NA,NA,NA,NA,NA,NA,NA,NA,NA
"brow-sd","XGBoost + lags",1009,0.404314299026539,0.531687646557411,0.653756615464915,-0.153433981234417,0.907149447681012,NA,0.614831579589748,NA,NA,NA,NA,NA,NA,NA,NA,NA,NA,NA,NA,NA,NA,NA,NA,NA,NA,NA,NA,NA,NA
"brow-sd","XGBoost + lags",1010,0.389028209825844,0.516839198205619,0.680374429522791,-0.180106892192227,0.986237351575961,NA,0.636044387505095,NA,NA,NA,NA,NA,NA,NA,NA,NA,NA,NA,NA,NA,NA,NA,NA,NA,NA,NA,NA,NA,NA
"brow-sd","XGBoost + lags",1011,0.38566156091496,0.514798094787393,0.685657125756392,-0.184691479854945,0.980631559395917,NA,0.638913381082505,NA,NA,NA,NA,NA,NA,NA,NA,NA,NA,NA,NA,NA,NA,NA,NA,NA,NA,NA,NA,NA,NA
"brow-sd","XGBoost + lags",1012,0.392586813108724,0.519370123232651,0.669826512756983,-0.159780366361721,0.94166035660412,NA,0.632471130054676,NA,NA,NA,NA,NA,NA,NA,NA,NA,NA,NA,NA,NA,NA,NA,NA,NA,NA,NA,NA,NA,NA
"brow-sd","XGBoost + lags",1013,0.388379398974279,0.511823596520585,0.678339365434816,-0.159002088716034,0.966420103749632,NA,0.643074035923616,NA,NA,NA,NA,NA,NA,NA,NA,NA,NA,NA,NA,NA,NA,NA,NA,NA,NA,NA,NA,NA,NA
"brow-sd","XGBoost + lags",1014,0.376947289659893,0.501278970723421,0.700413077010579,-0.177184758112358,0.996490855485055,NA,0.657629368092971,NA,NA,NA,NA,NA,NA,NA,NA,NA,NA,NA,NA,NA,NA,NA,NA,NA,NA,NA,NA,NA,NA
"brow-sd","XGBoost + lags",1015,0.389640157313042,0.520287075299222,0.67641991267629,-0.181335377669112,0.974988489020641,NA,0.631172234198219,NA,NA,NA,NA,NA,NA,NA,NA,NA,NA,NA,NA,NA,NA,NA,NA,NA,NA,NA,NA,NA,NA
"brow-sd","GraphSAGE",1001,0.384913461597996,0.512636669313225,0.706975451435462,-0.218395245297639,1.00845674476796,NA,0.641939124205122,NA,NA,NA,NA,NA,NA,NA,NA,NA,NA,NA,NA,NA,NA,NA,NA,NA,NA,NA,NA,NA,NA
"brow-sd","GraphSAGE",1002,0.39288846593444,0.525028637554639,0.709603920248164,-0.24993239047362,0.989861616290899,NA,0.624419083075359,NA,NA,NA,NA,NA,NA,NA,NA,NA,NA,NA,NA,NA,NA,NA,NA,NA,NA,NA,NA,NA,NA
"brow-sd","GraphSAGE",1003,0.373664933328451,0.503005820614316,0.710998633081216,-0.202230194078637,0.996297128437852,NA,0.655266448158549,NA,NA,NA,NA,NA,NA,NA,NA,NA,NA,NA,NA,NA,NA,NA,NA,NA,NA,NA,NA,NA,NA
"brow-sd","GraphSAGE",1004,0.37588153315758,0.506608567677284,0.711095899299839,-0.211203584255711,1.00342451313077,NA,0.650310499064379,NA,NA,NA,NA,NA,NA,NA,NA,NA,NA,NA,NA,NA,NA,NA,NA,NA,NA,NA,NA,NA,NA
"brow-sd","GraphSAGE",1005,0.386751067929405,0.515798430136772,0.695958814806815,-0.205236718244994,0.962463366393215,NA,0.637508719118767,NA,NA,NA,NA,NA,NA,NA,NA,NA,NA,NA,NA,NA,NA,NA,NA,NA,NA,NA,NA,NA,NA
"brow-sd","GraphSAGE",1006,0.389063821333635,0.523579564572014,0.696935621830094,-0.226510887659264,0.972918203055495,NA,0.626489420069684,NA,NA,NA,NA,NA,NA,NA,NA,NA,NA,NA,NA,NA,NA,NA,NA,NA,NA,NA,NA,NA,NA
"brow-sd","GraphSAGE",1007,0.377456116237578,0.508519665446229,0.711229639102328,-0.215785728210194,1.01313340746039,NA,0.647667230171706,NA,NA,NA,NA,NA,NA,NA,NA,NA,NA,NA,NA,NA,NA,NA,NA,NA,NA,NA,NA,NA,NA
"brow-sd","GraphSAGE",1008,0.368103255870717,0.497115837606581,0.717954112423036,-0.200223184066921,0.992615483126173,NA,0.663292545210832,NA,NA,NA,NA,NA,NA,NA,NA,NA,NA,NA,NA,NA,NA,NA,NA,NA,NA,NA,NA,NA,NA
"brow-sd","GraphSAGE",1009,0.37249343166256,0.501325044289044,0.705563518361064,-0.187621658800165,1.00703216064664,NA,0.657566429244071,NA,NA,NA,NA,NA,NA,NA,NA,NA,NA,NA,NA,NA,NA,NA,NA,NA,NA,NA,NA,NA,NA
"brow-sd","GraphSAGE",1010,0.386126580135153,0.517163640934823,0.699363537983006,-0.213422955987103,0.952815361561234,NA,0.635587302146595,NA,NA,NA,NA,NA,NA,NA,NA,NA,NA,NA,NA,NA,NA,NA,NA,NA,NA,NA,NA,NA,NA
"brow-sd","GraphSAGE",1011,0.390719254172342,0.520460467880526,0.711563753174466,-0.242031408090424,1.03520719588811,NA,0.630926359726866,NA,NA,NA,NA,NA,NA,NA,NA,NA,NA,NA,NA,NA,NA,NA,NA,NA,NA,NA,NA,NA,NA
"brow-sd","GraphSAGE",1012,0.379770488081101,0.512077822296457,0.713427827335677,-0.22780279686185,1.00189671259172,NA,0.642719373433443,NA,NA,NA,NA,NA,NA,NA,NA,NA,NA,NA,NA,NA,NA,NA,NA,NA,NA,NA,NA,NA,NA
"brow-sd","GraphSAGE",1013,0.37906760929005,0.507894230008162,0.701291930655992,-0.196624004118694,1.01098663350926,NA,0.648533375189984,NA,NA,NA,NA,NA,NA,NA,NA,NA,NA,NA,NA,NA,NA,NA,NA,NA,NA,NA,NA,NA,NA
"brow-sd","GraphSAGE",1014,0.386883787761637,0.518813130800749,0.709561934848065,-0.236578241522778,1.00799343659653,NA,0.633259011451999,NA,NA,NA,NA,NA,NA,NA,NA,NA,NA,NA,NA,NA,NA,NA,NA,NA,NA,NA,NA,NA,NA
"brow-sd","GraphSAGE",1015,0.377722194436462,0.507612136758226,0.704126779819078,-0.20126069129635,1.00443371291284,NA,0.648923688065291,NA,NA,NA,NA,NA,NA,NA,NA,NA,NA,NA,NA,NA,NA,NA,NA,NA,NA,NA,NA,NA,NA
"brow-sd","GraphSAGE + LayerNorm",1001,0.385691072476351,0.520498097251126,0.712408375693179,-0.244411971132758,1.01438386459177,NA,0.630872989637503,NA,NA,NA,NA,NA,NA,NA,NA,NA,NA,NA,NA,NA,NA,NA,NA,NA,NA,NA,NA,NA,NA
"brow-sd","GraphSAGE + LayerNorm",1002,0.374255710117001,0.509450988885818,0.711344580761766,-0.2155358598188,1.05096855472478,NA,0.646375495476128,NA,NA,NA,NA,NA,NA,NA,NA,NA,NA,NA,NA,NA,NA,NA,NA,NA,NA,NA,NA,NA,NA
"brow-sd","GraphSAGE + LayerNorm",1003,0.403340328559134,0.539152696281996,0.706721685720374,-0.274644327804496,1.00354999573519,NA,0.603939897358971,NA,NA,NA,NA,NA,NA,NA,NA,NA,NA,NA,NA,NA,NA,NA,NA,NA,NA,NA,NA,NA,NA
"brow-sd","GraphSAGE + LayerNorm",1004,0.374486808474143,0.509142090992877,0.703085820829827,-0.201293229854518,1.04068160460619,NA,0.646804195196306,NA,NA,NA,NA,NA,NA,NA,NA,NA,NA,NA,NA,NA,NA,NA,NA,NA,NA,NA,NA,NA,NA
"brow-sd","GraphSAGE + LayerNorm",1005,0.390172382779762,0.523582996031,0.714529703088151,-0.249729859150852,1.07017840682808,NA,0.626484524193212,NA,NA,NA,NA,NA,NA,NA,NA,NA,NA,NA,NA,NA,NA,NA,NA,NA,NA,NA,NA,NA,NA
"brow-sd","GraphSAGE + LayerNorm",1006,0.38211010818805,0.515279534157492,0.720912280112123,-0.242338664358566,1.06463904561209,NA,0.638237688595082,NA,NA,NA,NA,NA,NA,NA,NA,NA,NA,NA,NA,NA,NA,NA,NA,NA,NA,NA,NA,NA,NA
"brow-sd","GraphSAGE + LayerNorm",1007,0.379267729662641,0.514501326011627,0.707298351111195,-0.220098208011733,1.05563714174781,NA,0.639329576665044,NA,NA,NA,NA,NA,NA,NA,NA,NA,NA,NA,NA,NA,NA,NA,NA,NA,NA,NA,NA,NA,NA
"brow-sd","GraphSAGE + LayerNorm",1008,0.384952685693438,0.518272298574934,0.713012699562849,-0.24006345788757,1.02628708762058,NA,0.63402322481391,NA,NA,NA,NA,NA,NA,NA,NA,NA,NA,NA,NA,NA,NA,NA,NA,NA,NA,NA,NA,NA,NA
"brow-sd","GraphSAGE + LayerNorm",1009,0.380943855755194,0.510611258439148,0.718806328223831,-0.231045048897213,1.04460343708167,NA,0.64476290866537,NA,NA,NA,NA,NA,NA,NA,NA,NA,NA,NA,NA,NA,NA,NA,NA,NA,NA,NA,NA,NA,NA
"brow-sd","GraphSAGE + LayerNorm",1010,0.385292066976947,0.519055784535862,0.713099894292811,-0.241878424193577,1.0263646752338,NA,0.632915874872055,NA,NA,NA,NA,NA,NA,NA,NA,NA,NA,NA,NA,NA,NA,NA,NA,NA,NA,NA,NA,NA,NA
"brow-sd","GraphSAGE + LayerNorm",1011,0.380994276478727,0.513504027462165,0.722724705198485,-0.242243944588806,1.0561628460701,NA,0.640726453439469,NA,NA,NA,NA,NA,NA,NA,NA,NA,NA,NA,NA,NA,NA,NA,NA,NA,NA,NA,NA,NA,NA
"brow-sd","GraphSAGE + LayerNorm",1012,0.38224330192362,0.515524310303919,0.714512550470839,-0.232061494732397,1.07225351686438,NA,0.637893906973547,NA,NA,NA,NA,NA,NA,NA,NA,NA,NA,NA,NA,NA,NA,NA,NA,NA,NA,NA,NA,NA,NA
"brow-sd","GraphSAGE + LayerNorm",1013,0.369407228138222,0.501586162227357,0.715364713559223,-0.196019683848304,1.09897800645212,NA,0.65720961948435,NA,NA,NA,NA,NA,NA,NA,NA,NA,NA,NA,NA,NA,NA,NA,NA,NA,NA,NA,NA,NA,NA
"brow-sd","GraphSAGE + LayerNorm",1014,0.382266099170933,0.512282737938974,0.719862453453055,-0.237692856724763,1.02565866515572,NA,0.642433373788534,NA,NA,NA,NA,NA,NA,NA,NA,NA,NA,NA,NA,NA,NA,NA,NA,NA,NA,NA,NA,NA,NA
"brow-sd","GraphSAGE + LayerNorm",1015,0.394267657458501,0.532132840691801,0.703213103188083,-0.255245073486001,1.01959252082358,NA,0.614186289023124,NA,NA,NA,NA,NA,NA,NA,NA,NA,NA,NA,NA,NA,NA,NA,NA,NA,NA,NA,NA,NA,NA
"chi-la","OLS",1001,0.437943926084595,0.57574096403834,0.647822207916579,-0.0406810130745523,1.17351007696999,NA,0.631821802654044,"uniform",1,NA,NA,NA,NA,NA,NA,NA,NA,NA,NA,NA,NA,NA,NA,NA,NA,NA,NA,NA,NA
"chi-la","XGBoost",1001,0.435776223444592,0.572283295728566,0.636769612074549,0.022022803353595,1.00044532598872,NA,0.636230783385389,"uniform",1,NA,NA,NA,NA,NA,NA,NA,NA,NA,NA,NA,NA,NA,NA,NA,NA,NA,NA,NA,NA
"chi-la","XGBoost",1002,0.441397420790174,0.583917491650388,0.624782848169414,0.0019224459044992,1.08076061375733,NA,0.621289997580956,"uniform",1,NA,NA,NA,NA,NA,NA,NA,NA,NA,NA,NA,NA,NA,NA,NA,NA,NA,NA,NA,NA
"chi-la","XGBoost",1003,0.442019046247607,0.581615674233399,0.626012126228827,0.0308609182971588,1.03419531413963,NA,0.624269881274822,"uniform",1,NA,NA,NA,NA,NA,NA,NA,NA,NA,NA,NA,NA,NA,NA,NA,NA,NA,NA,NA,NA
"chi-la","XGBoost",1004,0.438051345581701,0.577545744171898,0.630532135978747,0.0222968475068147,1.0280690257214,NA,0.629509922088251,"uniform",1,NA,NA,NA,NA,NA,NA,NA,NA,NA,NA,NA,NA,NA,NA,NA,NA,NA,NA,NA,NA
"chi-la","XGBoost",1005,0.438760867922872,0.578597594351274,0.630132083910732,0.0295027607193303,1.04162143909342,NA,0.628159189517651,"uniform",1,NA,NA,NA,NA,NA,NA,NA,NA,NA,NA,NA,NA,NA,NA,NA,NA,NA,NA,NA,NA
"chi-la","XGBoost",1006,0.435732817886337,0.574394642990498,0.635327999424034,0.0396943215420062,1.00760716956248,NA,0.633541695896403,"uniform",1,NA,NA,NA,NA,NA,NA,NA,NA,NA,NA,NA,NA,NA,NA,NA,NA,NA,NA,NA,NA
"chi-la","XGBoost",1007,0.449024784630643,0.590732696180646,0.615033660336983,0.0245801871717718,1.05990076737147,NA,0.612398165510463,"uniform",1,NA,NA,NA,NA,NA,NA,NA,NA,NA,NA,NA,NA,NA,NA,NA,NA,NA,NA,NA,NA
"chi-la","XGBoost",1008,0.442111620957302,0.58143284309449,0.626726152221283,0.0328644678393635,1.04204749171093,NA,0.624506065997469,"uniform",1,NA,NA,NA,NA,NA,NA,NA,NA,NA,NA,NA,NA,NA,NA,NA,NA,NA,NA,NA,NA
"chi-la","XGBoost",1009,0.440084895337612,0.579542660871842,0.627830678902122,0.0232049916158321,1.02192931256172,NA,0.626943486929291,"uniform",1,NA,NA,NA,NA,NA,NA,NA,NA,NA,NA,NA,NA,NA,NA,NA,NA,NA,NA,NA,NA
"chi-la","XGBoost",1010,0.447293232473088,0.58684107311355,0.618794095031941,0.00280453649501963,1.04798143186266,NA,0.617488223120309,"uniform",1,NA,NA,NA,NA,NA,NA,NA,NA,NA,NA,NA,NA,NA,NA,NA,NA,NA,NA,NA,NA
"chi-la","XGBoost",1011,0.442179735027303,0.581957825265372,0.626081340500513,0.0174959750778942,1.05852159609306,NA,0.623827684590819,"uniform",1,NA,NA,NA,NA,NA,NA,NA,NA,NA,NA,NA,NA,NA,NA,NA,NA,NA,NA,NA,NA
"chi-la","XGBoost",1012,0.441296682560524,0.57937101883583,0.628850910853681,0.0152086373587199,1.05006630659847,NA,0.627164429067397,"uniform",1,NA,NA,NA,NA,NA,NA,NA,NA,NA,NA,NA,NA,NA,NA,NA,NA,NA,NA,NA,NA
"chi-la","XGBoost",1013,0.43542634720533,0.572519139308857,0.637308763032929,0.0238295739698406,1.03545347650244,NA,0.635930895853877,"uniform",1,NA,NA,NA,NA,NA,NA,NA,NA,NA,NA,NA,NA,NA,NA,NA,NA,NA,NA,NA,NA
"chi-la","XGBoost",1014,0.444131548602575,0.585583729761529,0.619194748124272,0.00695149171077979,1.00502793712288,NA,0.619125577527198,"uniform",1,NA,NA,NA,NA,NA,NA,NA,NA,NA,NA,NA,NA,NA,NA,NA,NA,NA,NA,NA,NA
"chi-la","XGBoost",1015,0.437801953832392,0.578414623909132,0.629854262948206,0.00778060728288573,1.04934298741438,NA,0.628394327446471,"uniform",1,NA,NA,NA,NA,NA,NA,NA,NA,NA,NA,NA,NA,NA,NA,NA,NA,NA,NA,NA,NA
"chi-la","XGBoost + lags",1001,0.534166618997134,0.735942944378566,0.448375632003532,0.184770519709607,0.859235801907129,NA,0.398421789206875,"uniform",1,NA,NA,NA,NA,NA,NA,NA,NA,NA,NA,NA,NA,NA,NA,NA,NA,NA,NA,NA,NA
"chi-la","XGBoost + lags",1002,0.497442387781235,0.661685424871685,0.526122603140199,0.103841896080233,1.03007746236718,NA,0.513697006922792,"uniform",1,NA,NA,NA,NA,NA,NA,NA,NA,NA,NA,NA,NA,NA,NA,NA,NA,NA,NA,NA,NA
"chi-la","XGBoost + lags",1003,0.499391871339308,0.67069020823873,0.536362929724261,0.17731350826569,0.957226360149403,NA,0.500370885793723,"uniform",1,NA,NA,NA,NA,NA,NA,NA,NA,NA,NA,NA,NA,NA,NA,NA,NA,NA,NA,NA,NA
"chi-la","XGBoost + lags",1004,0.499209214029925,0.66818891316363,0.523292231546267,0.130430849576098,0.976394309652714,NA,0.50409060453536,"uniform",1,NA,NA,NA,NA,NA,NA,NA,NA,NA,NA,NA,NA,NA,NA,NA,NA,NA,NA,NA,NA
"chi-la","XGBoost + lags",1005,0.466876438611939,0.604963233315287,0.607782910767731,0.113393875095001,0.998079981775085,NA,0.59349885983051,"uniform",1,NA,NA,NA,NA,NA,NA,NA,NA,NA,NA,NA,NA,NA,NA,NA,NA,NA,NA,NA,NA
"chi-la","XGBoost + lags",1006,0.479057599135398,0.626402323409055,0.589508981347904,0.150704651493835,0.986776992470202,NA,0.564176618990081,"uniform",1,NA,NA,NA,NA,NA,NA,NA,NA,NA,NA,NA,NA,NA,NA,NA,NA,NA,NA,NA,NA
"chi-la","XGBoost + lags",1007,0.475389706088892,0.623539202473468,0.577998441817398,0.0917508179976692,1.03019670891587,NA,0.568151582945374,"uniform",1,NA,NA,NA,NA,NA,NA,NA,NA,NA,NA,NA,NA,NA,NA,NA,NA,NA,NA,NA,NA
"chi-la","XGBoost + lags",1008,0.521356481786797,0.701695831467821,0.484845532014582,0.165297210059685,0.949191118199622,NA,0.453107964386063,"uniform",1,NA,NA,NA,NA,NA,NA,NA,NA,NA,NA,NA,NA,NA,NA,NA,NA,NA,NA,NA,NA
"chi-la","XGBoost + lags",1009,0.483885722414846,0.634205943722492,0.565109293928331,0.0976514100377641,1.04971540390495,NA,0.553250143718852,"uniform",1,NA,NA,NA,NA,NA,NA,NA,NA,NA,NA,NA,NA,NA,NA,NA,NA,NA,NA,NA,NA
"chi-la","XGBoost + lags",1010,0.502002655992196,0.670426269530308,0.523579973677883,0.142255432340637,0.975194635489599,NA,0.500764049473732,"uniform",1,NA,NA,NA,NA,NA,NA,NA,NA,NA,NA,NA,NA,NA,NA,NA,NA,NA,NA,NA,NA
"chi-la","XGBoost + lags",1011,0.502396914056821,0.662816952281038,0.527731294399424,0.118355729702707,0.983978632570212,NA,0.512032361939589,"uniform",1,NA,NA,NA,NA,NA,NA,NA,NA,NA,NA,NA,NA,NA,NA,NA,NA,NA,NA,NA,NA
"chi-la","XGBoost + lags",1012,0.454501802140405,0.594562093558677,0.61532469207629,0.084302189748777,0.989129391673231,NA,0.607356655699822,"uniform",1,NA,NA,NA,NA,NA,NA,NA,NA,NA,NA,NA,NA,NA,NA,NA,NA,NA,NA,NA,NA
"chi-la","XGBoost + lags",1013,0.462977148102284,0.597310838634333,0.61966379884823,0.11764966914183,1.03133667772224,NA,0.603717771569472,"uniform",1,NA,NA,NA,NA,NA,NA,NA,NA,NA,NA,NA,NA,NA,NA,NA,NA,NA,NA,NA,NA
"chi-la","XGBoost + lags",1014,0.488492541931648,0.650867435349757,0.540510218954813,0.0996199380759726,0.99410419451721,NA,0.529468295009469,"uniform",1,NA,NA,NA,NA,NA,NA,NA,NA,NA,NA,NA,NA,NA,NA,NA,NA,NA,NA,NA,NA
"chi-la","XGBoost + lags",1015,0.487880979551344,0.652511120791314,0.54641311839815,0.130727719174894,0.975575717103256,NA,0.527088754592767,"uniform",1,NA,NA,NA,NA,NA,NA,NA,NA,NA,NA,NA,NA,NA,NA,NA,NA,NA,NA,NA,NA
"chi-la","GraphSAGE",1001,0.437823556414562,0.599957384785502,0.60911623195912,0.084668048234431,0.96190194235411,NA,0.600198322105411,"uniform",1,NA,NA,NA,NA,NA,NA,NA,NA,NA,NA,NA,NA,NA,NA,NA,NA,NA,NA,NA,NA
"chi-la","GraphSAGE",1002,0.45639737161247,0.652840103917345,0.564935441378618,0.14430140115353,0.85910332332654,NA,0.526611769496225,"uniform",1,NA,NA,NA,NA,NA,NA,NA,NA,NA,NA,NA,NA,NA,NA,NA,NA,NA,NA,NA,NA
"chi-la","GraphSAGE",1003,0.451816856988919,0.618806439577164,0.585876473715556,0.0952888897112243,0.958308715512137,NA,0.574682301893847,"uniform",1,NA,NA,NA,NA,NA,NA,NA,NA,NA,NA,NA,NA,NA,NA,NA,NA,NA,NA,NA,NA
"chi-la","GraphSAGE",1004,0.462227773308315,0.683083591445685,0.506994144219045,0.111958509795,0.86991982840748,NA,0.481735439892769,"uniform",1,NA,NA,NA,NA,NA,NA,NA,NA,NA,NA,NA,NA,NA,NA,NA,NA,NA,NA,NA,NA
"chi-la","GraphSAGE",1005,0.454767708968796,0.617479087850092,0.60033021148108,0.142662937654096,0.956879486030507,NA,0.57650497426392,"uniform",1,NA,NA,NA,NA,NA,NA,NA,NA,NA,NA,NA,NA,NA,NA,NA,NA,NA,NA,NA,NA
"chi-la","GraphSAGE",1006,0.454509993403729,0.653139091167061,0.547631598531197,0.114976808727645,0.899937945992677,NA,0.526178066190451,"uniform",1,NA,NA,NA,NA,NA,NA,NA,NA,NA,NA,NA,NA,NA,NA,NA,NA,NA,NA,NA,NA
"chi-la","GraphSAGE",1007,0.44748646496309,0.621728487741176,0.581589551573661,0.0861341670051042,0.936288566284314,NA,0.570656057137794,"uniform",1,NA,NA,NA,NA,NA,NA,NA,NA,NA,NA,NA,NA,NA,NA,NA,NA,NA,NA,NA,NA
"chi-la","GraphSAGE",1008,0.455632738423968,0.629657763191817,0.566507981007497,0.071967690633873,0.957423235933315,NA,0.559634862059986,"uniform",1,NA,NA,NA,NA,NA,NA,NA,NA,NA,NA,NA,NA,NA,NA,NA,NA,NA,NA,NA,NA
"chi-la","GraphSAGE",1009,0.484372724938189,0.668207904528828,0.521465198913806,0.120185704364735,0.951431024970207,NA,0.504062414512782,"uniform",1,NA,NA,NA,NA,NA,NA,NA,NA,NA,NA,NA,NA,NA,NA,NA,NA,NA,NA,NA,NA
"chi-la","GraphSAGE",1010,0.460202666474108,0.625246738434045,0.587390592754056,0.13884301915464,0.98207390225809,NA,0.565783146883347,"uniform",1,NA,NA,NA,NA,NA,NA,NA,NA,NA,NA,NA,NA,NA,NA,NA,NA,NA,NA,NA,NA
"chi-la","GraphSAGE",1011,0.462779549489683,0.645767579799786,0.549308362549384,0.0876450459029723,0.921710197608171,NA,0.536813085739619,"uniform",1,NA,NA,NA,NA,NA,NA,NA,NA,NA,NA,NA,NA,NA,NA,NA,NA,NA,NA,NA,NA
"chi-la","GraphSAGE",1012,0.455599151389712,0.643669822829358,0.555776011301582,0.0950248295217597,0.906383098001933,NA,0.53981749603932,"uniform",1,NA,NA,NA,NA,NA,NA,NA,NA,NA,NA,NA,NA,NA,NA,NA,NA,NA,NA,NA,NA
"chi-la","GraphSAGE",1013,0.434594488995932,0.576453365381104,0.63799927656484,0.0791087576309393,1.01493156328822,NA,0.630910097796812,"uniform",1,NA,NA,NA,NA,NA,NA,NA,NA,NA,NA,NA,NA,NA,NA,NA,NA,NA,NA,NA,NA
"chi-la","GraphSAGE",1014,0.45259509065081,0.643757192411033,0.554783470880893,0.0999422622155868,0.921764973112731,NA,0.539692560303173,"uniform",1,NA,NA,NA,NA,NA,NA,NA,NA,NA,NA,NA,NA,NA,NA,NA,NA,NA,NA,NA,NA
"chi-la","GraphSAGE",1015,0.458707305243896,0.654949079279152,0.554329278970272,0.146292264259736,0.898913365057578,NA,0.523548303580041,"uniform",1,NA,NA,NA,NA,NA,NA,NA,NA,NA,NA,NA,NA,NA,NA,NA,NA,NA,NA,NA,NA
"chi-la","GraphSAGE + LayerNorm",1001,0.420804344004414,0.561340634588558,0.654555416820927,0.0070491621038435,1.09031433068348,NA,0.650009087348843,"uniform",1,NA,NA,NA,NA,NA,NA,NA,NA,NA,NA,NA,NA,NA,NA,NA,NA,NA,NA,NA,NA
"chi-la","GraphSAGE + LayerNorm",1002,0.459075481152673,0.608193052079829,0.610166783528604,0.134207340324494,1.04250257434923,NA,0.589146761374266,"uniform",1,NA,NA,NA,NA,NA,NA,NA,NA,NA,NA,NA,NA,NA,NA,NA,NA,NA,NA,NA,NA
"chi-la","GraphSAGE + LayerNorm",1003,0.441702880756917,0.588286145658841,0.62402981017153,0.0552640253317572,1.09869503355674,NA,0.615602063941454,"uniform",1,NA,NA,NA,NA,NA,NA,NA,NA,NA,NA,NA,NA,NA,NA,NA,NA,NA,NA,NA,NA
"chi-la","GraphSAGE + LayerNorm",1004,0.425997334935664,0.568942951052081,0.64284990069769,0.0358236576495324,1.04018722294742,NA,0.640464939233672,"uniform",1,NA,NA,NA,NA,NA,NA,NA,NA,NA,NA,NA,NA,NA,NA,NA,NA,NA,NA,NA,NA
"chi-la","GraphSAGE + LayerNorm",1005,0.419694036313415,0.56238676089679,0.655982775023458,-0.00989183858360612,1.11676029810929,NA,0.648703370830278,"uniform",1,NA,NA,NA,NA,NA,NA,NA,NA,NA,NA,NA,NA,NA,NA,NA,NA,NA,NA,NA,NA
"chi-la","GraphSAGE + LayerNorm",1006,0.431031743790757,0.573064035083986,0.641987704686144,0.0263267897834776,1.10682620506345,NA,0.635237559659005,"uniform",1,NA,NA,NA,NA,NA,NA,NA,NA,NA,NA,NA,NA,NA,NA,NA,NA,NA,NA,NA,NA
"chi-la","GraphSAGE + LayerNorm",1007,0.427644607701015,0.568560975369182,0.64907820223233,0.0488934909893238,1.1011346603078,NA,0.640947544910478,"uniform",1,NA,NA,NA,NA,NA,NA,NA,NA,NA,NA,NA,NA,NA,NA,NA,NA,NA,NA,NA,NA
"chi-la","GraphSAGE + LayerNorm",1008,0.434800838588699,0.580003967696692,0.632462916838388,0.0542425721786569,1.07189830209422,NA,0.626349356353513,"uniform",1,NA,NA,NA,NA,NA,NA,NA,NA,NA,NA,NA,NA,NA,NA,NA,NA,NA,NA,NA,NA
"chi-la","GraphSAGE + LayerNorm",1009,0.452384330367089,0.605877023127108,0.602179253081443,0.0665936865617607,1.10007668433545,NA,0.592269902035031,"uniform",1,NA,NA,NA,NA,NA,NA,NA,NA,NA,NA,NA,NA,NA,NA,NA,NA,NA,NA,NA,NA
"chi-la","GraphSAGE + LayerNorm",1010,0.446732089599268,0.600340135069868,0.610480724753856,0.0827069671486273,1.07798363101839,NA,0.599688042470106,"uniform",1,NA,NA,NA,NA,NA,NA,NA,NA,NA,NA,NA,NA,NA,NA,NA,NA,NA,NA,NA,NA
"chi-la","GraphSAGE + LayerNorm",1011,0.433333627471761,0.579293967141452,0.635901017304076,0.0703556430641319,1.07557418078078,NA,0.627263590748802,"uniform",1,NA,NA,NA,NA,NA,NA,NA,NA,NA,NA,NA,NA,NA,NA,NA,NA,NA,NA,NA,NA
"chi-la","GraphSAGE + LayerNorm",1012,0.431322065841366,0.575477898452657,0.637807437227359,0.0594885934467869,1.05475016251657,NA,0.632158179225587,"uniform",1,NA,NA,NA,NA,NA,NA,NA,NA,NA,NA,NA,NA,NA,NA,NA,NA,NA,NA,NA,NA
"chi-la","GraphSAGE + LayerNorm",1013,0.453011039837487,0.598898607760621,0.619853217182431,0.117369434866844,1.07402110768162,NA,0.601608179975089,"uniform",1,NA,NA,NA,NA,NA,NA,NA,NA,NA,NA,NA,NA,NA,NA,NA,NA,NA,NA,NA,NA
"chi-la","GraphSAGE + LayerNorm",1014,0.430497610060792,0.57181601764144,0.646570591831378,0.0604236447302146,1.10352865450279,NA,0.636824587149217,"uniform",1,NA,NA,NA,NA,NA,NA,NA,NA,NA,NA,NA,NA,NA,NA,NA,NA,NA,NA,NA,NA
"chi-la","GraphSAGE + LayerNorm",1015,0.460181338193104,0.614162891204933,0.597028888587825,0.102003844211656,1.09426579604278,NA,0.58104155416359,"uniform",1,NA,NA,NA,NA,NA,NA,NA,NA,NA,NA,NA,NA,NA,NA,NA,NA,NA,NA,NA,NA
"chi-la","GraphSAGE + LayerNorm",1001,0.44164485364232,0.588670318810851,0.625095607299794,-0.0740431019880829,1.08583789725964,NA,0.615099847166103,"gaussian",0.02,NA,NA,NA,NA,NA,NA,NA,NA,NA,NA,NA,NA,NA,NA,NA,NA,NA,NA,NA,NA
"chi-la","GraphSAGE + LayerNorm",1002,0.446607571638782,0.596876884752762,0.610149580549891,-0.0661390819181073,1.04213715890721,NA,0.604293370509138,"gaussian",0.02,NA,NA,NA,NA,NA,NA,NA,NA,NA,NA,NA,NA,NA,NA,NA,NA,NA,NA,NA,NA
"chi-la","GraphSAGE + LayerNorm",1003,0.437769691013685,0.586327647857021,0.625886106050468,-0.0659694757128643,1.07297420195726,NA,0.618157246831034,"gaussian",0.02,NA,NA,NA,NA,NA,NA,NA,NA,NA,NA,NA,NA,NA,NA,NA,NA,NA,NA,NA,NA
"chi-la","GraphSAGE + LayerNorm",1004,0.44066140376736,0.588026667812193,0.622559785989754,-0.0766464363786,1.01241330035095,NA,0.615941085189747,"gaussian",0.02,NA,NA,NA,NA,NA,NA,NA,NA,NA,NA,NA,NA,NA,NA,NA,NA,NA,NA,NA,NA
"chi-la","GraphSAGE + LayerNorm",1005,0.439688097831493,0.588288813318812,0.623461186840504,-0.0836592035873452,1.01208180458761,NA,0.61559857772877,"gaussian",0.02,NA,NA,NA,NA,NA,NA,NA,NA,NA,NA,NA,NA,NA,NA,NA,NA,NA,NA,NA,NA
"chi-la","GraphSAGE + LayerNorm",1001,0.44469490109067,0.593924272968279,0.612383268114108,-0.0524124871463508,1.04495544288178,NA,0.608198625559351,"gaussian",0.1,NA,NA,NA,NA,NA,NA,NA,NA,NA,NA,NA,NA,NA,NA,NA,NA,NA,NA,NA,NA
"chi-la","GraphSAGE + LayerNorm",1002,0.435290288896762,0.584430316938526,0.629158301902385,-0.0726495678690937,1.0697042652462,NA,0.620624501677097,"gaussian",0.1,NA,NA,NA,NA,NA,NA,NA,NA,NA,NA,NA,NA,NA,NA,NA,NA,NA,NA,NA,NA
"chi-la","GraphSAGE + LayerNorm",1003,0.433283744999006,0.58403516732854,0.627828940855911,-0.0741655364303195,1.0314046896095,NA,0.621137340921286,"gaussian",0.1,NA,NA,NA,NA,NA,NA,NA,NA,NA,NA,NA,NA,NA,NA,NA,NA,NA,NA,NA,NA
"chi-la","GraphSAGE + LayerNorm",1004,0.436670129519824,0.583005504816606,0.627868063430901,-0.0636867421357683,1.03914418765223,NA,0.622472044111912,"gaussian",0.1,NA,NA,NA,NA,NA,NA,NA,NA,NA,NA,NA,NA,NA,NA,NA,NA,NA,NA,NA,NA
"chi-la","GraphSAGE + LayerNorm",1005,0.43381947981321,0.583950454175208,0.62830884866041,-0.0731737340342435,1.04396606509932,NA,0.621247239518808,"gaussian",0.1,NA,NA,NA,NA,NA,NA,NA,NA,NA,NA,NA,NA,NA,NA,NA,NA,NA,NA,NA,NA
"chi-la","GraphSAGE + LayerNorm",1001,0.44076990213211,0.594687598906443,0.615199046725357,-0.0758203306719858,1.05414350568123,NA,0.607190873046969,"gaussian",0.25,NA,NA,NA,NA,NA,NA,NA,NA,NA,NA,NA,NA,NA,NA,NA,NA,NA,NA,NA,NA
"chi-la","GraphSAGE + LayerNorm",1002,0.4360934132193,0.585685185810506,0.626544293090557,-0.0719055146513367,1.05676534485888,NA,0.61899358833562,"gaussian",0.25,NA,NA,NA,NA,NA,NA,NA,NA,NA,NA,NA,NA,NA,NA,NA,NA,NA,NA,NA,NA
"chi-la","GraphSAGE + LayerNorm",1003,0.454133239255611,0.60780239324273,0.595229356473613,-0.0675605286833761,1.02938900757589,NA,0.589674396144242,"gaussian",0.25,NA,NA,NA,NA,NA,NA,NA,NA,NA,NA,NA,NA,NA,NA,NA,NA,NA,NA,NA,NA
"chi-la","GraphSAGE + LayerNorm",1004,0.434224605094889,0.582265738417146,0.629021942620989,-0.0660694392012165,1.03561547450427,NA,0.62342951468727,"gaussian",0.25,NA,NA,NA,NA,NA,NA,NA,NA,NA,NA,NA,NA,NA,NA,NA,NA,NA,NA,NA,NA
"chi-la","GraphSAGE + LayerNorm",1005,0.445385599168379,0.600043804573607,0.610668433809753,-0.0936219342885493,1.03874906632167,NA,0.600083136375335,"gaussian",0.25,NA,NA,NA,NA,NA,NA,NA,NA,NA,NA,NA,NA,NA,NA,NA,NA,NA,NA,NA,NA
"chi-la","GraphSAGE + LayerNorm",1001,0.439771794055025,0.604647268769001,0.619826485991908,-0.149071038217379,1.0464360159061,NA,0.593923369618802,"gaussian",0.5,NA,NA,NA,NA,NA,NA,NA,NA,NA,NA,NA,NA,NA,NA,NA,NA,NA,NA,NA,NA
"chi-la","GraphSAGE + LayerNorm",1002,0.436632067612112,0.595887615362806,0.632197146542531,-0.150497688911141,1.05004294443838,NA,0.60560397931581,"gaussian",0.5,NA,NA,NA,NA,NA,NA,NA,NA,NA,NA,NA,NA,NA,NA,NA,NA,NA,NA,NA,NA
"chi-la","GraphSAGE + LayerNorm",1003,0.434967894778974,0.587924455805057,0.62432530967941,-0.0798169756474957,1.04534198456172,NA,0.616074589409743,"gaussian",0.5,NA,NA,NA,NA,NA,NA,NA,NA,NA,NA,NA,NA,NA,NA,NA,NA,NA,NA,NA,NA
"chi-la","GraphSAGE + LayerNorm",1004,0.435255530152613,0.586796499065712,0.637647485586469,-0.1260363104464,1.06618594909507,NA,0.617546328973814,"gaussian",0.5,NA,NA,NA,NA,NA,NA,NA,NA,NA,NA,NA,NA,NA,NA,NA,NA,NA,NA,NA,NA
"chi-la","GraphSAGE + LayerNorm",1005,0.440783215730869,0.602150081973327,0.617758366029736,-0.129913829764182,1.05607166371164,NA,0.597270627583834,"gaussian",0.5,NA,NA,NA,NA,NA,NA,NA,NA,NA,NA,NA,NA,NA,NA,NA,NA,NA,NA,NA,NA
"chi-la","GraphSAGE + LayerNorm",1001,0.43695772654089,0.590965632528037,0.62597865391075,-0.0720292600578917,1.12856428223714,NA,0.612092428729873,"gaussian",1,NA,NA,NA,NA,NA,NA,NA,NA,NA,NA,NA,NA,NA,NA,NA,NA,NA,NA,NA,NA
"chi-la","GraphSAGE + LayerNorm",1002,0.422688714957914,0.566255060269064,0.649618714005081,-0.0389647254939684,1.08605206958881,NA,0.643854060006651,"gaussian",1,NA,NA,NA,NA,NA,NA,NA,NA,NA,NA,NA,NA,NA,NA,NA,NA,NA,NA,NA,NA
"chi-la","GraphSAGE + LayerNorm",1003,0.429115800110666,0.57492340030141,0.63476397954702,-0.0353208543712144,1.02921875770658,NA,0.632866701114115,"gaussian",1,NA,NA,NA,NA,NA,NA,NA,NA,NA,NA,NA,NA,NA,NA,NA,NA,NA,NA,NA,NA
"chi-la","GraphSAGE + LayerNorm",1004,0.416791474718482,0.557315480870497,0.659027641646695,-0.0395393671036312,1.06250623698198,NA,0.655010387016098,"gaussian",1,NA,NA,NA,NA,NA,NA,NA,NA,NA,NA,NA,NA,NA,NA,NA,NA,NA,NA,NA,NA
"chi-la","GraphSAGE + LayerNorm",1005,0.415768561526338,0.557394381569904,0.663201317523297,-0.0571654564620703,1.09148215720541,NA,0.654912697827526,"gaussian",1,NA,NA,NA,NA,NA,NA,NA,NA,NA,NA,NA,NA,NA,NA,NA,NA,NA,NA,NA,NA
"chi-la","GraphSAGE + LayerNorm",1001,0.417961822473157,0.55269521483422,0.668320915208579,0.0323398568332169,1.10896562742223,NA,0.660706753891246,"gaussian",2,NA,NA,NA,NA,NA,NA,NA,NA,NA,NA,NA,NA,NA,NA,NA,NA,NA,NA,NA,NA
"chi-la","GraphSAGE + LayerNorm",1002,0.418380733935407,0.55253678644939,0.664526751944178,0.0297388524994586,1.06731317376071,NA,0.660901240745332,"gaussian",2,NA,NA,NA,NA,NA,NA,NA,NA,NA,NA,NA,NA,NA,NA,NA,NA,NA,NA,NA,NA
"chi-la","GraphSAGE + LayerNorm",1003,0.41428219299168,0.552434800645794,0.663533461636602,0.0129944348553186,1.0628396403464,NA,0.661026409127475,"gaussian",2,NA,NA,NA,NA,NA,NA,NA,NA,NA,NA,NA,NA,NA,NA,NA,NA,NA,NA,NA,NA
"chi-la","GraphSAGE + LayerNorm",1004,0.425925949920173,0.564697784882929,0.651371256785262,0.0292456023636317,1.09186540235375,NA,0.645810262114369,"gaussian",2,NA,NA,NA,NA,NA,NA,NA,NA,NA,NA,NA,NA,NA,NA,NA,NA,NA,NA,NA,NA
"chi-la","GraphSAGE + LayerNorm",1005,0.415351500971981,0.552493266967726,0.663014408681848,0.0164928620126898,1.05428228670082,NA,0.660954655545684,"gaussian",2,NA,NA,NA,NA,NA,NA,NA,NA,NA,NA,NA,NA,NA,NA,NA,NA,NA,NA,NA,NA
"chi-la","GraphSAGE + LayerNorm",1001,0.423497827669024,0.565792438937973,0.651801178878263,0.0314835015795995,1.10869142327018,NA,0.644435753370455,"gaussian",4,NA,NA,NA,NA,NA,NA,NA,NA,NA,NA,NA,NA,NA,NA,NA,NA,NA,NA,NA,NA
"chi-la","GraphSAGE + LayerNorm",1002,0.444893088551469,0.592545315781623,0.621745936466551,0.0915676356286801,1.06649694664427,NA,0.610015861005051,"gaussian",4,NA,NA,NA,NA,NA,NA,NA,NA,NA,NA,NA,NA,NA,NA,NA,NA,NA,NA,NA,NA
"chi-la","GraphSAGE + LayerNorm",1003,0.436234856444518,0.581855893932374,0.633726524640348,0.0747704050985586,1.08099215062598,NA,0.623959448048177,"gaussian",4,NA,NA,NA,NA,NA,NA,NA,NA,NA,NA,NA,NA,NA,NA,NA,NA,NA,NA,NA,NA
"chi-la","GraphSAGE + LayerNorm",1004,0.438951753291638,0.582462518063112,0.633277278211284,0.0702490835463558,1.09340092012517,NA,0.623174943884409,"gaussian",4,NA,NA,NA,NA,NA,NA,NA,NA,NA,NA,NA,NA,NA,NA,NA,NA,NA,NA,NA,NA
"chi-la","GraphSAGE + LayerNorm",1005,0.445719290791243,0.602991120797911,0.600023639617204,-0.00808404550264026,1.0865381257754,NA,0.596144836551172,"gaussian",4,NA,NA,NA,NA,NA,NA,NA,NA,NA,NA,NA,NA,NA,NA,NA,NA,NA,NA,NA,NA
"ca-wv","GraphSAGE",1001,2.22390343522851,2.35039306566538,0.944001406149555,2.22088936047676,0.983801315892439,NA,0.475049707941791,"gaussian",4,NA,NA,NA,NA,NA,NA,NA,NA,NA,NA,NA,NA,NA,NA,NA,NA,NA,NA,NA,NA
"ca-wv","GraphSAGE",1002,3.90621448349167,4.04677134781903,0.918765385726685,3.90621448349167,0.858429344814195,NA,-0.556160975752947,"gaussian",4,NA,NA,NA,NA,NA,NA,NA,NA,NA,NA,NA,NA,NA,NA,NA,NA,NA,NA,NA,NA
"ca-wv","GraphSAGE",1003,2.3965693620535,2.5196687717757,0.942087297642946,2.39308240038135,0.965789869837771,NA,0.39671282313503,"gaussian",4,NA,NA,NA,NA,NA,NA,NA,NA,NA,NA,NA,NA,NA,NA,NA,NA,NA,NA,NA,NA
"ca-wv","GraphSAGE",1004,1.83290097617404,2.00044508198834,0.939056593147005,1.8318344944126,0.97838981157551,NA,0.619731410470118,"gaussian",4,NA,NA,NA,NA,NA,NA,NA,NA,NA,NA,NA,NA,NA,NA,NA,NA,NA,NA,NA,NA
"ca-wv","GraphSAGE",1005,2.79944855267312,3.00871786562185,0.886375600000394,2.78493458534772,0.905839743362546,NA,0.139798655372566,"gaussian",4,NA,NA,NA,NA,NA,NA,NA,NA,NA,NA,NA,NA,NA,NA,NA,NA,NA,NA,NA,NA
"ca-wv","GraphSAGE",1006,6.0019632433797,6.16164815718599,0.875805050217114,6.0019632433797,0.792041457104641,NA,-2.60770466953937,"gaussian",4,NA,NA,NA,NA,NA,NA,NA,NA,NA,NA,NA,NA,NA,NA,NA,NA,NA,NA,NA,NA
"ca-wv","GraphSAGE",1007,3.69661504445059,3.83002374521628,0.925362199068883,3.69661504445059,0.869680192044452,NA,-0.393927288936637,"gaussian",4,NA,NA,NA,NA,NA,NA,NA,NA,NA,NA,NA,NA,NA,NA,NA,NA,NA,NA,NA,NA
"ca-wv","GraphSAGE",1008,2.60643529787168,2.76759899695326,0.907810060323717,2.58288855081076,1.04553991192872,NA,0.272147268060376,"gaussian",4,NA,NA,NA,NA,NA,NA,NA,NA,NA,NA,NA,NA,NA,NA,NA,NA,NA,NA,NA,NA
"ca-wv","GraphSAGE",1009,2.49421638097519,2.68344661263983,0.908250786081478,2.48974909799876,0.941795390662724,NA,0.31573692275661,"gaussian",4,NA,NA,NA,NA,NA,NA,NA,NA,NA,NA,NA,NA,NA,NA,NA,NA,NA,NA,NA,NA
"ca-wv","GraphSAGE",1010,2.62328558212672,2.7638209450335,0.928793009878424,2.61326857276889,0.927241076806251,NA,0.274133096565405,"gaussian",4,NA,NA,NA,NA,NA,NA,NA,NA,NA,NA,NA,NA,NA,NA,NA,NA,NA,NA,NA,NA
"ca-wv","GraphSAGE",1011,2.65265087854295,2.76966834696341,0.943093092306667,2.65198960147061,0.940904381909283,NA,0.271058421626722,"gaussian",4,NA,NA,NA,NA,NA,NA,NA,NA,NA,NA,NA,NA,NA,NA,NA,NA,NA,NA,NA,NA
"ca-wv","GraphSAGE",1012,2.80089291198786,2.91144138068845,0.938649843383052,2.79823146198259,0.991251922734933,NA,0.194522732384747,"gaussian",4,NA,NA,NA,NA,NA,NA,NA,NA,NA,NA,NA,NA,NA,NA,NA,NA,NA,NA,NA,NA
"ca-wv","GraphSAGE",1013,3.88464033036005,4.04385406953039,0.910978852901256,3.88464033036005,0.844405356969399,NA,-0.553918141698064,"gaussian",4,NA,NA,NA,NA,NA,NA,NA,NA,NA,NA,NA,NA,NA,NA,NA,NA,NA,NA,NA,NA
"ca-wv","GraphSAGE",1014,3.55922385973808,3.71944595631976,0.912057330353875,3.55922385973808,0.863281245267114,NA,-0.314600196685082,"gaussian",4,NA,NA,NA,NA,NA,NA,NA,NA,NA,NA,NA,NA,NA,NA,NA,NA,NA,NA,NA,NA
"ca-wv","GraphSAGE",1015,3.59869416729435,3.75191931859944,0.909973808547071,3.59818707804977,0.878681031325926,NA,-0.337655158889549,"gaussian",4,NA,NA,NA,NA,NA,NA,NA,NA,NA,NA,NA,NA,NA,NA,NA,NA,NA,NA,NA,NA
"ca-wv","GraphSAGE + LayerNorm",1001,0.952713565337352,1.28897551577992,0.927082356717676,0.818852662166833,1.17838955914874,NA,0.842120216092699,"gaussian",4,NA,NA,NA,NA,NA,NA,NA,NA,NA,NA,NA,NA,NA,NA,NA,NA,NA,NA,NA,NA
"ca-wv","GraphSAGE + LayerNorm",1002,0.990235692328149,1.43536662443057,0.893924819689794,0.39366239855141,1.40767497301083,NA,0.804222456602812,"gaussian",4,NA,NA,NA,NA,NA,NA,NA,NA,NA,NA,NA,NA,NA,NA,NA,NA,NA,NA,NA,NA
"ca-wv","GraphSAGE + LayerNorm",1003,1.06480897547125,1.57073142063727,0.869692052273858,0.397040632618216,1.47097983681979,NA,0.765554959443012,"gaussian",4,NA,NA,NA,NA,NA,NA,NA,NA,NA,NA,NA,NA,NA,NA,NA,NA,NA,NA,NA,NA
"ca-wv","GraphSAGE + LayerNorm",1004,1.08716778370924,1.42272488697881,0.879661061118996,0.692813330954248,1.2095108964009,NA,0.807655822459366,"gaussian",4,NA,NA,NA,NA,NA,NA,NA,NA,NA,NA,NA,NA,NA,NA,NA,NA,NA,NA,NA,NA
"ca-wv","GraphSAGE + LayerNorm",1005,0.982005802266327,1.55811324485696,0.877289387179891,-0.0366127953861224,1.53995508773415,NA,0.769306570120441,"gaussian",4,NA,NA,NA,NA,NA,NA,NA,NA,NA,NA,NA,NA,NA,NA,NA,NA,NA,NA,NA,NA
"ca-wv","GraphSAGE + LayerNorm",1006,1.40565188201793,1.75152600927241,0.85772007607163,0.960794791197165,1.36578151748771,NA,0.708478648378754,"gaussian",4,NA,NA,NA,NA,NA,NA,NA,NA,NA,NA,NA,NA,NA,NA,NA,NA,NA,NA,NA,NA
"ca-wv","GraphSAGE + LayerNorm",1007,1.41599868802361,1.76679722774849,0.837579056286676,0.840393534510127,1.39475251285088,NA,0.703373050405939,"gaussian",4,NA,NA,NA,NA,NA,NA,NA,NA,NA,NA,NA,NA,NA,NA,NA,NA,NA,NA,NA,NA
"ca-wv","GraphSAGE + LayerNorm",1008,1.11951024645851,1.63051006795498,0.837645591481034,0.285877463581798,1.45740539585043,NA,0.747370445062164,"gaussian",4,NA,NA,NA,NA,NA,NA,NA,NA,NA,NA,NA,NA,NA,NA,NA,NA,NA,NA,NA,NA
"ca-wv","GraphSAGE + LayerNorm",1009,1.00516800548567,1.48400626223251,0.91232969568632,0.168458046057285,1.56497557007643,NA,0.790729190355329,"gaussian",4,NA,NA,NA,NA,NA,NA,NA,NA,NA,NA,NA,NA,NA,NA,NA,NA,NA,NA,NA,NA
"ca-wv","GraphSAGE + LayerNorm",1010,1.55015962936066,1.85153441296924,0.836197066187012,1.13597273389935,1.27696092811581,NA,0.674237743924671,"gaussian",4,NA,NA,NA,NA,NA,NA,NA,NA,NA,NA,NA,NA,NA,NA,NA,NA,NA,NA,NA,NA
"ca-wv","GraphSAGE + LayerNorm",1011,0.887716886150095,1.42814240588821,0.880427379060248,-0.0363728048163895,1.40872076488295,NA,0.806188199069085,"gaussian",4,NA,NA,NA,NA,NA,NA,NA,NA,NA,NA,NA,NA,NA,NA,NA,NA,NA,NA,NA,NA
"ca-wv","GraphSAGE + LayerNorm",1012,1.35374634990762,1.72536217306335,0.864556397678924,0.77871702005575,1.47558930923254,NA,0.717122938472516,"gaussian",4,NA,NA,NA,NA,NA,NA,NA,NA,NA,NA,NA,NA,NA,NA,NA,NA,NA,NA,NA,NA
"ca-wv","GraphSAGE + LayerNorm",1013,1.26699347548432,1.82295769457922,0.808094076078746,0.161296336205452,1.63293255202163,NA,0.684215821161452,"gaussian",4,NA,NA,NA,NA,NA,NA,NA,NA,NA,NA,NA,NA,NA,NA,NA,NA,NA,NA,NA,NA
"ca-wv","GraphSAGE + LayerNorm",1014,0.967079815148434,1.4864365538124,0.858478153177036,0.310609796545008,1.35639143587609,NA,0.790043201964979,"gaussian",4,NA,NA,NA,NA,NA,NA,NA,NA,NA,NA,NA,NA,NA,NA,NA,NA,NA,NA,NA,NA
"ca-wv","GraphSAGE + LayerNorm",1015,0.928009817451784,1.29993653462072,0.900013340788323,0.498436639597128,1.25424450543991,NA,0.839423685147335,"gaussian",4,NA,NA,NA,NA,NA,NA,NA,NA,NA,NA,NA,NA,NA,NA,NA,NA,NA,NA,NA,NA
"ca-wv","XGBoost + lags",1001,0.879684396541162,1.31524228952515,0.849017226864479,0.27521723094004,0.921275454548679,NA,0.8356200983354,"gaussian",4,NA,NA,NA,NA,NA,NA,NA,NA,NA,NA,NA,NA,NA,NA,NA,NA,NA,NA,NA,NA
"ca-wv","XGBoost + lags",1002,1.02678066575047,1.49857627811116,0.857230811086967,0.67300677037501,0.847885844788908,NA,0.786599764395481,"gaussian",4,NA,NA,NA,NA,NA,NA,NA,NA,NA,NA,NA,NA,NA,NA,NA,NA,NA,NA,NA,NA
"ca-wv","XGBoost + lags",1003,1.08162797955803,1.45293090775333,0.866729364593587,0.737625382322095,0.881625489569115,NA,0.799401762763318,"gaussian",4,NA,NA,NA,NA,NA,NA,NA,NA,NA,NA,NA,NA,NA,NA,NA,NA,NA,NA,NA,NA
"ca-wv","XGBoost + lags",1004,1.32374548021254,1.75119910632351,0.820355407066747,1.00004623049781,0.875024932900211,NA,0.708587456693034,"gaussian",4,NA,NA,NA,NA,NA,NA,NA,NA,NA,NA,NA,NA,NA,NA,NA,NA,NA,NA,NA,NA
"ca-wv","XGBoost + lags",1005,1.02501179027907,1.38150125694474,0.829967439773913,0.283552653623587,0.937517743582393,NA,0.818640731196778,"gaussian",4,NA,NA,NA,NA,NA,NA,NA,NA,NA,NA,NA,NA,NA,NA,NA,NA,NA,NA,NA,NA
"ca-wv","XGBoost + lags",1006,0.84762985418131,1.31416762551738,0.864759545215295,0.418491746043111,0.893721575065542,NA,0.835888613110284,"gaussian",4,NA,NA,NA,NA,NA,NA,NA,NA,NA,NA,NA,NA,NA,NA,NA,NA,NA,NA,NA,NA
"ca-wv","XGBoost + lags",1007,0.932295792268746,1.25585934999139,0.8864088269355,0.615315391903832,0.981854980664276,NA,0.850128451697301,"gaussian",4,NA,NA,NA,NA,NA,NA,NA,NA,NA,NA,NA,NA,NA,NA,NA,NA,NA,NA,NA,NA
"ca-wv","XGBoost + lags",1008,1.18656390403217,1.52158252866427,0.876865445361131,1.00292889102475,0.963117146126726,NA,0.779997197465264,"gaussian",4,NA,NA,NA,NA,NA,NA,NA,NA,NA,NA,NA,NA,NA,NA,NA,NA,NA,NA,NA,NA
"ca-wv","XGBoost + lags",1009,1.19439741351229,1.57310527346482,0.882551248133323,0.94778088859586,0.839318697690766,NA,0.764845788461634,"gaussian",4,NA,NA,NA,NA,NA,NA,NA,NA,NA,NA,NA,NA,NA,NA,NA,NA,NA,NA,NA,NA
"ca-wv","XGBoost + lags",1010,1.01136229937766,1.4292859740345,0.859327764638066,0.49357979114239,0.841908975991593,NA,0.805877689784282,"gaussian",4,NA,NA,NA,NA,NA,NA,NA,NA,NA,NA,NA,NA,NA,NA,NA,NA,NA,NA,NA,NA
"ca-wv","XGBoost + lags",1011,0.801324470925244,1.10440509673615,0.886075726686777,-0.0527715525784336,1.04600366510737,NA,0.884097182939756,"gaussian",4,NA,NA,NA,NA,NA,NA,NA,NA,NA,NA,NA,NA,NA,NA,NA,NA,NA,NA,NA,NA
"ca-wv","XGBoost + lags",1012,0.90070950399825,1.30679764744664,0.868779386395663,0.509856327112778,0.921221911603184,NA,0.837724156477249,"gaussian",4,NA,NA,NA,NA,NA,NA,NA,NA,NA,NA,NA,NA,NA,NA,NA,NA,NA,NA,NA,NA
"ca-wv","XGBoost + lags",1013,1.35161674869803,1.76736853480557,0.865726313948311,0.975456651750502,0.776010479997128,NA,0.703181186318923,"gaussian",4,NA,NA,NA,NA,NA,NA,NA,NA,NA,NA,NA,NA,NA,NA,NA,NA,NA,NA,NA,NA
"ca-wv","XGBoost + lags",1014,1.05610303529453,1.39215717667698,0.848647568817697,0.575546245435219,0.961808716104202,NA,0.815832188012599,"gaussian",4,NA,NA,NA,NA,NA,NA,NA,NA,NA,NA,NA,NA,NA,NA,NA,NA,NA,NA,NA,NA
"ca-wv","XGBoost + lags",1015,1.03839736211868,1.3586164219666,0.887359505501144,0.807342012286623,1.03140577954817,NA,0.824599467781464,"gaussian",4,NA,NA,NA,NA,NA,NA,NA,NA,NA,NA,NA,NA,NA,NA,NA,NA,NA,NA,NA,NA
"ca-wv","OLS",1001,1.39978981528049,1.55292645699889,0.947166676075164,1.36066634144572,0.979949450519633,NA,0.770839919869052,"uniform",1,NA,NA,NA,NA,NA,NA,NA,NA,NA,NA,NA,NA,NA,NA,NA,NA,NA,NA,NA,NA
"ca-wv","XGBoost",1001,1.20076234803532,1.62538898169867,0.870120266339151,1.05861177374592,0.885059918966186,NA,0.74895486467319,"uniform",1,NA,NA,NA,NA,NA,NA,NA,NA,NA,NA,NA,NA,NA,NA,NA,NA,NA,NA,NA,NA
"trees","OLS",1001,0.540654746871275,0.672930161168721,0.296410560654942,-0.0851992130962781,0.849240683621384,NA,0.27545501586697,"uniform",1,NA,NA,NA,NA,NA,NA,NA,NA,NA,NA,NA,NA,NA,NA,NA,NA,NA,NA,NA,NA
"trees","XGBoost",1001,0.536026297779595,0.676077339921608,0.295043147173287,-0.0824309464043401,0.813489234191399,NA,0.268662023271259,"uniform",1,NA,NA,NA,NA,NA,NA,NA,NA,NA,NA,NA,NA,NA,NA,NA,NA,NA,NA,NA,NA
"trees","XGBoost",1002,0.535007085774199,0.67491411950379,0.295385346184449,-0.0773606543516005,0.817945640766452,NA,0.271176455799238,"uniform",1,NA,NA,NA,NA,NA,NA,NA,NA,NA,NA,NA,NA,NA,NA,NA,NA,NA,NA,NA,NA
"trees","XGBoost",1003,0.539042826163355,0.680515298409526,0.290114797076727,-0.0867892727345705,0.796089702994661,NA,0.259029100962248,"uniform",1,NA,NA,NA,NA,NA,NA,NA,NA,NA,NA,NA,NA,NA,NA,NA,NA,NA,NA,NA,NA
"trees","XGBoost",1004,0.53495323009184,0.67260832975068,0.298435217561108,-0.0842314986573902,0.839333758284952,NA,0.276147882952466,"uniform",1,NA,NA,NA,NA,NA,NA,NA,NA,NA,NA,NA,NA,NA,NA,NA,NA,NA,NA,NA,NA
"trees","XGBoost",1005,0.5361125916717,0.676164660152463,0.295015480782701,-0.0814436354799944,0.811445834043818,NA,0.268473095995596,"uniform",1,NA,NA,NA,NA,NA,NA,NA,NA,NA,NA,NA,NA,NA,NA,NA,NA,NA,NA,NA,NA
"trees","XGBoost",1006,0.534883878769941,0.673999192985948,0.297038969106612,-0.0816583050267774,0.82579479908341,NA,0.273151130772479,"uniform",1,NA,NA,NA,NA,NA,NA,NA,NA,NA,NA,NA,NA,NA,NA,NA,NA,NA,NA,NA,NA
"trees","XGBoost",1007,0.534967513769388,0.674334993420244,0.295250873162217,-0.0765583865256611,0.824127439269238,NA,0.272426687863939,"uniform",1,NA,NA,NA,NA,NA,NA,NA,NA,NA,NA,NA,NA,NA,NA,NA,NA,NA,NA,NA,NA
"trees","XGBoost",1008,0.535441612931594,0.674158551877022,0.297579928606603,-0.0848569512926641,0.825749034527386,NA,0.272807381034335,"uniform",1,NA,NA,NA,NA,NA,NA,NA,NA,NA,NA,NA,NA,NA,NA,NA,NA,NA,NA,NA,NA
"trees","XGBoost",1009,0.537716465614443,0.678393657536611,0.290014518587156,-0.0799027338102475,0.809040051781694,NA,0.263642144997705,"uniform",1,NA,NA,NA,NA,NA,NA,NA,NA,NA,NA,NA,NA,NA,NA,NA,NA,NA,NA,NA,NA
"trees","XGBoost",1010,0.534770462110683,0.674142131268452,0.296112770921774,-0.076066963279771,0.821334427824643,NA,0.272842805341844,"uniform",1,NA,NA,NA,NA,NA,NA,NA,NA,NA,NA,NA,NA,NA,NA,NA,NA,NA,NA,NA,NA
"trees","XGBoost + lags",1001,0.613052100615996,0.777655743141557,0.197948917600411,-0.13783710769848,0.547550000402349,NA,0.0323904780651623,"uniform",1,NA,NA,NA,NA,NA,NA,NA,NA,NA,NA,NA,NA,NA,NA,NA,NA,NA,NA,NA,NA
"trees","XGBoost + lags",1002,0.601958190526799,0.761028833436792,0.199971906996865,-0.111342114124136,0.577752735324951,NA,0.0733246967033309,"uniform",1,NA,NA,NA,NA,NA,NA,NA,NA,NA,NA,NA,NA,NA,NA,NA,NA,NA,NA,NA,NA
"trees","XGBoost + lags",1003,0.581692807417979,0.73403441723286,0.225308306566305,-0.107496011982214,0.64388294597294,NA,0.137898872568538,"uniform",1,NA,NA,NA,NA,NA,NA,NA,NA,NA,NA,NA,NA,NA,NA,NA,NA,NA,NA,NA,NA
"trees","XGBoost + lags",1004,0.600164083982418,0.75700930203744,0.211025274527718,-0.147766402906596,0.60101169809551,NA,0.0830877008440368,"uniform",1,NA,NA,NA,NA,NA,NA,NA,NA,NA,NA,NA,NA,NA,NA,NA,NA,NA,NA,NA,NA
"trees","XGBoost + lags",1005,0.58979168526722,0.743234191479906,0.222436094993413,-0.126858370304747,0.624334090113758,NA,0.116153742698763,"uniform",1,NA,NA,NA,NA,NA,NA,NA,NA,NA,NA,NA,NA,NA,NA,NA,NA,NA,NA,NA,NA
"trees","XGBoost + lags",1006,0.58288039694645,0.733930646945456,0.224063712027119,-0.0886807186773229,0.636088029055888,NA,0.138142605440346,"uniform",1,NA,NA,NA,NA,NA,NA,NA,NA,NA,NA,NA,NA,NA,NA,NA,NA,NA,NA,NA,NA
"trees","XGBoost + lags",1007,0.612424984090272,0.77582318415717,0.200427361479552,-0.152516510606883,0.55750467766288,NA,0.0369454813520219,"uniform",1,NA,NA,NA,NA,NA,NA,NA,NA,NA,NA,NA,NA,NA,NA,NA,NA,NA,NA,NA,NA
"trees","XGBoost + lags",1008,0.581109019888986,0.73464649467146,0.212986382456542,-0.0519299656202156,0.632002611123412,NA,0.136460540418336,"uniform",1,NA,NA,NA,NA,NA,NA,NA,NA,NA,NA,NA,NA,NA,NA,NA,NA,NA,NA,NA,NA
"trees","XGBoost + lags",1009,0.581807724803441,0.740086748086502,0.20365911019982,-0.020248069591893,0.615645072685151,NA,0.123623705200572,"uniform",1,NA,NA,NA,NA,NA,NA,NA,NA,NA,NA,NA,NA,NA,NA,NA,NA,NA,NA,NA,NA
"trees","XGBoost + lags",1010,0.603219998567666,0.76370304447621,0.201600843792757,-0.106816930015321,0.568077023482628,NA,0.0668006881216276,"uniform",1,NA,NA,NA,NA,NA,NA,NA,NA,NA,NA,NA,NA,NA,NA,NA,NA,NA,NA,NA,NA
"trees","GraphSAGE",1001,0.586863938578013,0.764257019083234,0.20346857169894,0.0205832113512618,0.548970054992067,NA,0.065446349612435,"uniform",1,NA,NA,NA,NA,NA,NA,NA,NA,NA,NA,NA,NA,NA,NA,NA,NA,NA,NA,NA,NA
"trees","GraphSAGE",1002,0.598667550534511,0.780449109161464,0.185217029828875,-0.0443326255279891,0.520930426745393,NA,0.0254266203035317,"uniform",1,NA,NA,NA,NA,NA,NA,NA,NA,NA,NA,NA,NA,NA,NA,NA,NA,NA,NA,NA,NA
"trees","GraphSAGE",1003,0.582848576364129,0.755429341950185,0.199846716871447,0.00174780153616948,0.570866667457899,NA,0.0869110965447442,"uniform",1,NA,NA,NA,NA,NA,NA,NA,NA,NA,NA,NA,NA,NA,NA,NA,NA,NA,NA,NA,NA
"trees","GraphSAGE",1004,0.620004458896465,0.804242092403898,0.15768193777315,0.0209849678367783,0.475484232650698,NA,-0.0349013774289637,"uniform",1,NA,NA,NA,NA,NA,NA,NA,NA,NA,NA,NA,NA,NA,NA,NA,NA,NA,NA,NA,NA
"trees","GraphSAGE",1005,0.617900372987227,0.797654855987024,0.170878694646444,0.0164282069653265,0.487757832286304,NA,-0.0180178498827293,"uniform",1,NA,NA,NA,NA,NA,NA,NA,NA,NA,NA,NA,NA,NA,NA,NA,NA,NA,NA,NA,NA
"trees","GraphSAGE",1006,0.603927754252489,0.783193956762512,0.18068024366435,0.0144742350280652,0.513803569535051,NA,0.0185593961101006,"uniform",1,NA,NA,NA,NA,NA,NA,NA,NA,NA,NA,NA,NA,NA,NA,NA,NA,NA,NA,NA,NA
"trees","GraphSAGE",1007,0.592098588371695,0.76402789750093,0.200551223064316,0.0183719002127261,0.55022948361647,NA,0.0660066174506262,"uniform",1,NA,NA,NA,NA,NA,NA,NA,NA,NA,NA,NA,NA,NA,NA,NA,NA,NA,NA,NA,NA
"trees","GraphSAGE",1008,0.620288486615319,0.812446934740139,0.172962432001995,0.0324344853896628,0.465846359529091,NA,-0.0561251262311251,"uniform",1,NA,NA,NA,NA,NA,NA,NA,NA,NA,NA,NA,NA,NA,NA,NA,NA,NA,NA,NA,NA
"trees","GraphSAGE",1009,0.589878938962899,0.755260682980664,0.193731013419832,-0.0623229711134389,0.581677521948054,NA,0.087318767874703,"uniform",1,NA,NA,NA,NA,NA,NA,NA,NA,NA,NA,NA,NA,NA,NA,NA,NA,NA,NA,NA,NA
"trees","GraphSAGE",1010,0.600817437043948,0.773593112783313,0.188325675854879,-0.0812500088453506,0.541250968729954,NA,0.0424740441703723,"uniform",1,NA,NA,NA,NA,NA,NA,NA,NA,NA,NA,NA,NA,NA,NA,NA,NA,NA,NA,NA,NA
"trees","GraphSAGE + LayerNorm",1001,0.565750229072351,0.737165320180148,0.212980551129166,-0.0112124470779309,0.61673567316169,NA,0.130528887462214,"uniform",1,NA,NA,NA,NA,NA,NA,NA,NA,NA,NA,NA,NA,NA,NA,NA,NA,NA,NA,NA,NA
"trees","GraphSAGE + LayerNorm",1002,0.555341660499634,0.722584262590235,0.233696706443354,-0.0175168438963605,0.648559474602696,NA,0.164584817982185,"uniform",1,NA,NA,NA,NA,NA,NA,NA,NA,NA,NA,NA,NA,NA,NA,NA,NA,NA,NA,NA,NA
"trees","GraphSAGE + LayerNorm",1003,0.570226717086462,0.735994216918516,0.224585891362342,-0.0612460828696206,0.618709031561185,NA,0.133289276781223,"uniform",1,NA,NA,NA,NA,NA,NA,NA,NA,NA,NA,NA,NA,NA,NA,NA,NA,NA,NA,NA,NA
"trees","GraphSAGE + LayerNorm",1004,0.561576929476711,0.731451589951687,0.222811263223623,-0.0201089342304325,0.627958607425474,NA,0.143955103222958,"uniform",1,NA,NA,NA,NA,NA,NA,NA,NA,NA,NA,NA,NA,NA,NA,NA,NA,NA,NA,NA,NA
"trees","GraphSAGE + LayerNorm",1005,0.565507746835144,0.738023374175683,0.211252122857338,0.0241023330690714,0.616394185739936,NA,0.128503595871949,"uniform",1,NA,NA,NA,NA,NA,NA,NA,NA,NA,NA,NA,NA,NA,NA,NA,NA,NA,NA,NA,NA
"trees","GraphSAGE + LayerNorm",1006,0.568321496615418,0.734898369308313,0.214408359192013,-0.0272323888994014,0.624747509300359,NA,0.135868307350866,"uniform",1,NA,NA,NA,NA,NA,NA,NA,NA,NA,NA,NA,NA,NA,NA,NA,NA,NA,NA,NA,NA
"trees","GraphSAGE + LayerNorm",1007,0.559509285700416,0.723034297786391,0.227396733613576,-0.0128942579519386,0.654107776132593,NA,0.163543878307197,"uniform",1,NA,NA,NA,NA,NA,NA,NA,NA,NA,NA,NA,NA,NA,NA,NA,NA,NA,NA,NA,NA
"trees","GraphSAGE + LayerNorm",1008,0.57101367123453,0.738554002870217,0.22922834589434,-0.0747073713840541,0.610829325288238,NA,0.127249957410696,"uniform",1,NA,NA,NA,NA,NA,NA,NA,NA,NA,NA,NA,NA,NA,NA,NA,NA,NA,NA,NA,NA
"trees","GraphSAGE + LayerNorm",1009,0.566566940820552,0.742048049404504,0.211366284243573,0.0412931373318264,0.605575960616762,NA,0.118972586855908,"uniform",1,NA,NA,NA,NA,NA,NA,NA,NA,NA,NA,NA,NA,NA,NA,NA,NA,NA,NA,NA,NA
"trees","GraphSAGE + LayerNorm",1010,0.583574913022625,0.759991058253482,0.187156892091173,0.0170739567009327,0.565110431372966,NA,0.0758502907248746,"uniform",1,NA,NA,NA,NA,NA,NA,NA,NA,NA,NA,NA,NA,NA,NA,NA,NA,NA,NA,NA,NA
"trees","GraphSAGE + LayerNorm",1001,0.526994214473457,0.685554282290826,0.295857219562974,-0.0358550098554788,0.717675324927153,NA,0.248015200280719,"gaussian",0.1,NA,NA,NA,NA,NA,NA,NA,NA,NA,NA,NA,NA,NA,NA,NA,NA,NA,NA,NA,NA
"trees","GraphSAGE + LayerNorm",1002,0.529093904311613,0.688820312146275,0.290509103019629,-0.025161419057624,0.709582606050436,NA,0.240833113720993,"gaussian",0.1,NA,NA,NA,NA,NA,NA,NA,NA,NA,NA,NA,NA,NA,NA,NA,NA,NA,NA,NA,NA
"trees","GraphSAGE + LayerNorm",1003,0.52869406098223,0.689382369291321,0.288085381923441,-0.0208943886622798,0.710576825971582,NA,0.239593692494431,"gaussian",0.1,NA,NA,NA,NA,NA,NA,NA,NA,NA,NA,NA,NA,NA,NA,NA,NA,NA,NA,NA,NA
"trees","GraphSAGE + LayerNorm",1004,0.5334857632074,0.695847479836632,0.28749601647957,-0.0408440376807765,0.687206721970374,NA,0.225264452305149,"gaussian",0.1,NA,NA,NA,NA,NA,NA,NA,NA,NA,NA,NA,NA,NA,NA,NA,NA,NA,NA,NA,NA
"trees","GraphSAGE + LayerNorm",1005,0.531155362410491,0.69268590512865,0.291100607181795,-0.0416603984601798,0.695051857634272,NA,0.232288462622357,"gaussian",0.1,NA,NA,NA,NA,NA,NA,NA,NA,NA,NA,NA,NA,NA,NA,NA,NA,NA,NA,NA,NA
"trees","GraphSAGE + LayerNorm",1001,0.534497868756253,0.699752854448347,0.281640908163689,-0.0409139556063729,0.679915509073699,NA,0.216543796824803,"gaussian",0.25,NA,NA,NA,NA,NA,NA,NA,NA,NA,NA,NA,NA,NA,NA,NA,NA,NA,NA,NA,NA
"trees","GraphSAGE + LayerNorm",1002,0.549389127521795,0.717719396384015,0.266070368728656,-0.0535597792770372,0.637965440623783,NA,0.175795972307773,"gaussian",0.25,NA,NA,NA,NA,NA,NA,NA,NA,NA,NA,NA,NA,NA,NA,NA,NA,NA,NA,NA,NA
"trees","GraphSAGE + LayerNorm",1003,0.544158082576506,0.70940168086989,0.259836736561726,-0.0197300179690128,0.667583411005149,NA,0.194788827137044,"gaussian",0.25,NA,NA,NA,NA,NA,NA,NA,NA,NA,NA,NA,NA,NA,NA,NA,NA,NA,NA,NA,NA
"trees","GraphSAGE + LayerNorm",1004,0.551195640553662,0.718927610956238,0.255176242500868,-0.0462127519732732,0.642882772742378,NA,0.173018693322427,"gaussian",0.25,NA,NA,NA,NA,NA,NA,NA,NA,NA,NA,NA,NA,NA,NA,NA,NA,NA,NA,NA,NA
"trees","GraphSAGE + LayerNorm",1005,0.547892529099398,0.718240558976179,0.258386709503124,-0.0395026129961785,0.64065511792113,NA,0.174598567684992,"gaussian",0.25,NA,NA,NA,NA,NA,NA,NA,NA,NA,NA,NA,NA,NA,NA,NA,NA,NA,NA,NA,NA
"trees","GraphSAGE + LayerNorm",1001,0.554257889569511,0.716893160703951,0.256875681503639,-0.082248247605564,0.659688564757346,NA,0.177692520747579,"gaussian",0.5,NA,NA,NA,NA,NA,NA,NA,NA,NA,NA,NA,NA,NA,NA,NA,NA,NA,NA,NA,NA
"trees","GraphSAGE + LayerNorm",1002,0.547810746966321,0.714272160883635,0.260628714241151,-0.0496656422138189,0.653939962870448,NA,0.183694329625312,"gaussian",0.5,NA,NA,NA,NA,NA,NA,NA,NA,NA,NA,NA,NA,NA,NA,NA,NA,NA,NA,NA,NA
"trees","GraphSAGE + LayerNorm",1003,0.560010586144322,0.729820955528558,0.249941952380087,-0.0656061035750807,0.618258889455065,NA,0.147767632584666,"gaussian",0.5,NA,NA,NA,NA,NA,NA,NA,NA,NA,NA,NA,NA,NA,NA,NA,NA,NA,NA,NA,NA
"trees","GraphSAGE + LayerNorm",1004,0.55260073017461,0.713552440769888,0.261238091962088,-0.0746048510550002,0.66383121595956,NA,0.18533856454228,"gaussian",0.5,NA,NA,NA,NA,NA,NA,NA,NA,NA,NA,NA,NA,NA,NA,NA,NA,NA,NA,NA,NA
"trees","GraphSAGE + LayerNorm",1005,0.536760330782227,0.696738160342422,0.263813276726128,-0.0134491757522521,0.719128013114724,NA,0.223279869493111,"gaussian",0.5,NA,NA,NA,NA,NA,NA,NA,NA,NA,NA,NA,NA,NA,NA,NA,NA,NA,NA,NA,NA
"trees","GraphSAGE + LayerNorm",1001,0.546282139718438,0.705816679247788,0.255658904344951,-0.0423000884187963,0.693603001098791,NA,0.202906623949381,"gaussian",1,NA,NA,NA,NA,NA,NA,NA,NA,NA,NA,NA,NA,NA,NA,NA,NA,NA,NA,NA,NA
"trees","GraphSAGE + LayerNorm",1002,0.548448540401746,0.713511867009793,0.245223912244038,-0.03856086445654,0.673914913534558,NA,0.185431207874438,"gaussian",1,NA,NA,NA,NA,NA,NA,NA,NA,NA,NA,NA,NA,NA,NA,NA,NA,NA,NA,NA,NA
"trees","GraphSAGE + LayerNorm",1003,0.563525844684487,0.726866198063256,0.235604776717163,-0.0615813858620094,0.639481953914252,NA,0.154654369537234,"gaussian",1,NA,NA,NA,NA,NA,NA,NA,NA,NA,NA,NA,NA,NA,NA,NA,NA,NA,NA,NA,NA
"trees","GraphSAGE + LayerNorm",1004,0.553176388941893,0.720465367880075,0.230832815921196,-0.00078754787139651,0.659824266361768,NA,0.169477150991633,"gaussian",1,NA,NA,NA,NA,NA,NA,NA,NA,NA,NA,NA,NA,NA,NA,NA,NA,NA,NA,NA,NA
"trees","GraphSAGE + LayerNorm",1005,0.558121027933228,0.718713759593372,0.250508001089372,-0.0779356890767842,0.658658544887905,NA,0.173510605926272,"gaussian",1,NA,NA,NA,NA,NA,NA,NA,NA,NA,NA,NA,NA,NA,NA,NA,NA,NA,NA,NA,NA
"trees","GraphSAGE + LayerNorm",1001,0.575442148840103,0.751540880007043,0.199128973362735,0.0270834535922106,0.583247193935716,NA,0.0962868869361952,"gaussian",2,NA,NA,NA,NA,NA,NA,NA,NA,NA,NA,NA,NA,NA,NA,NA,NA,NA,NA,NA,NA
"trees","GraphSAGE + LayerNorm",1002,0.584500014670154,0.766437218057069,0.179700475104473,0.0533030940951758,0.555513237683076,NA,0.0601067346161159,"gaussian",2,NA,NA,NA,NA,NA,NA,NA,NA,NA,NA,NA,NA,NA,NA,NA,NA,NA,NA,NA,NA
"trees","GraphSAGE + LayerNorm",1003,0.570999571270602,0.744207030356374,0.204192905471493,0.0111074555526691,0.600789550816401,NA,0.113838448963807,"gaussian",2,NA,NA,NA,NA,NA,NA,NA,NA,NA,NA,NA,NA,NA,NA,NA,NA,NA,NA,NA,NA
"trees","GraphSAGE + LayerNorm",1004,0.566262479613238,0.732271584039142,0.207230021131326,-0.00774876406744168,0.6408276270384,NA,0.142034688460744,"gaussian",2,NA,NA,NA,NA,NA,NA,NA,NA,NA,NA,NA,NA,NA,NA,NA,NA,NA,NA,NA,NA
"trees","GraphSAGE + LayerNorm",1005,0.552166006548136,0.714615203194788,0.241594837549015,-0.0199956777392718,0.671068407570986,NA,0.18291004978562,"gaussian",2,NA,NA,NA,NA,NA,NA,NA,NA,NA,NA,NA,NA,NA,NA,NA,NA,NA,NA,NA,NA
"nyc311","OLS",1001,0.717663990598635,0.938319475631942,0.301369192980981,0.0261079076857145,1.01644268363858,NA,0.300748981980683,"uniform",1,NA,NA,NA,NA,NA,NA,NA,NA,NA,NA,NA,NA,NA,NA,NA,NA,NA,NA,NA,NA
"nyc311","XGBoost",1001,0.726834315927756,0.948283976378304,0.289044436999405,0.0232402044523899,0.910443052806616,NA,0.285818706709097,"uniform",1,NA,NA,NA,NA,NA,NA,NA,NA,NA,NA,NA,NA,NA,NA,NA,NA,NA,NA,NA,NA
"nyc311","XGBoost",1002,0.719670812568732,0.940165307461085,0.299618983861453,0.0367611470172038,0.958896825448528,NA,0.297995187925076,"uniform",1,NA,NA,NA,NA,NA,NA,NA,NA,NA,NA,NA,NA,NA,NA,NA,NA,NA,NA,NA,NA
"nyc311","XGBoost",1003,0.723052058128667,0.94498240310309,0.293117304077177,0.0360224663362448,0.937479552394999,NA,0.290783078617267,"uniform",1,NA,NA,NA,NA,NA,NA,NA,NA,NA,NA,NA,NA,NA,NA,NA,NA,NA,NA,NA,NA
"nyc311","XGBoost",1004,0.71960933093928,0.940815381247833,0.298281324610056,0.0273368643709359,0.954952205078724,NA,0.29702405509272,"uniform",1,NA,NA,NA,NA,NA,NA,NA,NA,NA,NA,NA,NA,NA,NA,NA,NA,NA,NA,NA,NA
"nyc311","XGBoost",1005,0.726221636878502,0.947524706976819,0.289353219753876,0.0288961397006172,0.928262053783047,NA,0.286961906279245,"uniform",1,NA,NA,NA,NA,NA,NA,NA,NA,NA,NA,NA,NA,NA,NA,NA,NA,NA,NA,NA,NA
"nyc311","XGBoost",1006,0.720067440890148,0.93952525977673,0.299824345077321,0.021307407071967,0.960275612943665,NA,0.298950687149487,"uniform",1,NA,NA,NA,NA,NA,NA,NA,NA,NA,NA,NA,NA,NA,NA,NA,NA,NA,NA,NA,NA
"nyc311","XGBoost",1007,0.726468407881171,0.950910746347234,0.285419325557967,0.0279452421762694,0.907824273875425,NA,0.281856627227434,"uniform",1,NA,NA,NA,NA,NA,NA,NA,NA,NA,NA,NA,NA,NA,NA,NA,NA,NA,NA,NA,NA
"nyc311","XGBoost",1008,0.722719389642777,0.946760503013358,0.291172602162685,0.0360110213373966,0.922918375552244,NA,0.288111610962353,"uniform",1,NA,NA,NA,NA,NA,NA,NA,NA,NA,NA,NA,NA,NA,NA,NA,NA,NA,NA,NA,NA
"nyc311","XGBoost",1009,0.722509608402592,0.94181553118779,0.297667372171481,0.0319410730289384,0.937378454836313,NA,0.295528639361953,"uniform",1,NA,NA,NA,NA,NA,NA,NA,NA,NA,NA,NA,NA,NA,NA,NA,NA,NA,NA,NA,NA
"nyc311","XGBoost",1010,0.731326707075646,0.957853940020592,0.277656225133548,0.0310639718954492,0.876045893559293,NA,0.271331113126317,"uniform",1,NA,NA,NA,NA,NA,NA,NA,NA,NA,NA,NA,NA,NA,NA,NA,NA,NA,NA,NA,NA
"nyc311","XGBoost + lags",1001,0.749475190849637,0.969024252578708,0.263427709501709,-0.0300406932610418,0.847919815249645,NA,0.254236816601096,"uniform",1,NA,NA,NA,NA,NA,NA,NA,NA,NA,NA,NA,NA,NA,NA,NA,NA,NA,NA,NA,NA
"nyc311","XGBoost + lags",1002,0.753522875151453,0.971805620194808,0.259362595696218,-0.0207890371522778,0.842459078326115,NA,0.249949579443609,"uniform",1,NA,NA,NA,NA,NA,NA,NA,NA,NA,NA,NA,NA,NA,NA,NA,NA,NA,NA,NA,NA
"nyc311","XGBoost + lags",1003,0.761741718700435,0.981156874684874,0.249517343637873,-0.0262811811391387,0.811157842125857,NA,0.23544532447624,"uniform",1,NA,NA,NA,NA,NA,NA,NA,NA,NA,NA,NA,NA,NA,NA,NA,NA,NA,NA,NA,NA
"nyc311","XGBoost + lags",1004,0.739741905236063,0.955169213983898,0.279071595986565,-0.0278367422925105,0.905407389931684,NA,0.275410095675345,"uniform",1,NA,NA,NA,NA,NA,NA,NA,NA,NA,NA,NA,NA,NA,NA,NA,NA,NA,NA,NA,NA
"nyc311","XGBoost + lags",1005,0.748707633560678,0.966736576507916,0.266234354829724,-0.0215768477980057,0.851396172526867,NA,0.257753861180272,"uniform",1,NA,NA,NA,NA,NA,NA,NA,NA,NA,NA,NA,NA,NA,NA,NA,NA,NA,NA,NA,NA
"nyc311","XGBoost + lags",1006,0.753971611118354,0.972293411755006,0.26122361396531,-0.0365377982569817,0.829946293156783,NA,0.249196424533052,"uniform",1,NA,NA,NA,NA,NA,NA,NA,NA,NA,NA,NA,NA,NA,NA,NA,NA,NA,NA,NA,NA
"nyc311","XGBoost + lags",1007,0.758778252764361,0.979067902666642,0.255293503884774,-0.0657141161201203,0.814930784754772,NA,0.238697471291603,"uniform",1,NA,NA,NA,NA,NA,NA,NA,NA,NA,NA,NA,NA,NA,NA,NA,NA,NA,NA,NA,NA
"nyc311","XGBoost + lags",1008,0.751130966739752,0.970714145410303,0.260281950118538,-0.0135665877982678,0.846928789088052,NA,0.251633458129197,"uniform",1,NA,NA,NA,NA,NA,NA,NA,NA,NA,NA,NA,NA,NA,NA,NA,NA,NA,NA,NA,NA
"nyc311","XGBoost + lags",1009,0.763533128284792,0.985569676371854,0.246982243856861,-0.0224758202468987,0.787292740157511,NA,0.228552613985397,"uniform",1,NA,NA,NA,NA,NA,NA,NA,NA,NA,NA,NA,NA,NA,NA,NA,NA,NA,NA,NA,NA
"nyc311","XGBoost + lags",1010,0.773649873604307,1.00134470611054,0.228015552861564,-0.0104743674609549,0.754008490226087,NA,0.203659399204099,"uniform",1,NA,NA,NA,NA,NA,NA,NA,NA,NA,NA,NA,NA,NA,NA,NA,NA,NA,NA,NA,NA
"nyc311","GraphSAGE",1001,0.726976285745195,0.955273144848838,0.279976199415984,0.0110436181672095,0.886089520214313,NA,0.275252403506396,"uniform",1,NA,NA,NA,NA,NA,NA,NA,NA,NA,NA,NA,NA,NA,NA,NA,NA,NA,NA,NA,NA
"nyc311","GraphSAGE",1002,0.753699292845709,0.988180593187722,0.245445622563322,0.0249704230848507,0.775834620110572,NA,0.224459848278648,"uniform",1,NA,NA,NA,NA,NA,NA,NA,NA,NA,NA,NA,NA,NA,NA,NA,NA,NA,NA,NA,NA
"nyc311","GraphSAGE",1003,0.743056435385022,0.973886049720967,0.260013888503149,0.00952441334860346,0.816076817819013,NA,0.246734744542292,"uniform",1,NA,NA,NA,NA,NA,NA,NA,NA,NA,NA,NA,NA,NA,NA,NA,NA,NA,NA,NA,NA
"nyc311","GraphSAGE",1004,0.728499663149886,0.953486170899016,0.282243117111042,0.0122191730748855,0.891701925177134,NA,0.277961353806554,"uniform",1,NA,NA,NA,NA,NA,NA,NA,NA,NA,NA,NA,NA,NA,NA,NA,NA,NA,NA,NA,NA
"nyc311","GraphSAGE",1005,0.749162260194784,0.980160636734123,0.254888145276774,0.00580811340259302,0.790677313847994,NA,0.236997149082201,"uniform",1,NA,NA,NA,NA,NA,NA,NA,NA,NA,NA,NA,NA,NA,NA,NA,NA,NA,NA,NA,NA
"nyc311","GraphSAGE",1006,0.744326471242426,0.973060912930482,0.260413713040479,-0.0268794886977791,0.824313170340993,NA,0.248010630091491,"uniform",1,NA,NA,NA,NA,NA,NA,NA,NA,NA,NA,NA,NA,NA,NA,NA,NA,NA,NA,NA,NA
"nyc311","GraphSAGE",1007,0.732950899117452,0.958898970816947,0.278808303166618,0.0297486023940326,0.852358909353435,NA,0.269740271791865,"uniform",1,NA,NA,NA,NA,NA,NA,NA,NA,NA,NA,NA,NA,NA,NA,NA,NA,NA,NA,NA,NA
"nyc311","GraphSAGE",1008,0.736518756993984,0.961769725845284,0.274963308216323,0.0255258560091438,0.846190263638293,NA,0.265361218417967,"uniform",1,NA,NA,NA,NA,NA,NA,NA,NA,NA,NA,NA,NA,NA,NA,NA,NA,NA,NA,NA,NA
"nyc311","GraphSAGE",1009,0.749655651047286,0.981618360143816,0.253930651061654,0.0303619919697003,0.787577917005596,NA,0.234725941366107,"uniform",1,NA,NA,NA,NA,NA,NA,NA,NA,NA,NA,NA,NA,NA,NA,NA,NA,NA,NA,NA,NA
"nyc311","GraphSAGE",1010,0.737052183941475,0.965704970485324,0.26866562690455,5.7629665601466e-05,0.842930541423644,NA,0.259337119873227,"uniform",1,NA,NA,NA,NA,NA,NA,NA,NA,NA,NA,NA,NA,NA,NA,NA,NA,NA,NA,NA,NA
"nyc311","GraphSAGE + LayerNorm",1001,0.752840954650945,0.980336058584362,0.25219128726302,0.0118720570159139,0.802082693755029,NA,0.236724011507946,"uniform",1,NA,NA,NA,NA,NA,NA,NA,NA,NA,NA,NA,NA,NA,NA,NA,NA,NA,NA,NA,NA
"nyc311","GraphSAGE + LayerNorm",1002,0.748092806041524,0.980426363482385,0.247653258061799,0.0108261211697567,0.826083899642942,NA,0.236583384761891,"uniform",1,NA,NA,NA,NA,NA,NA,NA,NA,NA,NA,NA,NA,NA,NA,NA,NA,NA,NA,NA,NA
"nyc311","GraphSAGE + LayerNorm",1003,0.755545060512553,0.987502953736998,0.242277750157642,0.0282393832585766,0.794941383514107,NA,0.225523128440428,"uniform",1,NA,NA,NA,NA,NA,NA,NA,NA,NA,NA,NA,NA,NA,NA,NA,NA,NA,NA,NA,NA
"nyc311","GraphSAGE + LayerNorm",1004,0.750697049366709,0.98365023224207,0.246515498112575,-0.0186937359660685,0.803821661488539,NA,0.231554549365664,"uniform",1,NA,NA,NA,NA,NA,NA,NA,NA,NA,NA,NA,NA,NA,NA,NA,NA,NA,NA,NA,NA
"nyc311","GraphSAGE + LayerNorm",1005,0.756081069758719,0.990881452086441,0.243548929675413,-0.0245799739584145,0.765502447732773,NA,0.220214699143054,"uniform",1,NA,NA,NA,NA,NA,NA,NA,NA,NA,NA,NA,NA,NA,NA,NA,NA,NA,NA,NA,NA
"nyc311","GraphSAGE + LayerNorm",1006,0.750997415970633,0.984143258606854,0.249436026494335,0.0379686666817398,0.790559181315114,NA,0.230784033989486,"uniform",1,NA,NA,NA,NA,NA,NA,NA,NA,NA,NA,NA,NA,NA,NA,NA,NA,NA,NA,NA,NA
"nyc311","GraphSAGE + LayerNorm",1007,0.750327593566124,0.983410791382867,0.247277311671885,0.00252433704504675,0.800577047836901,NA,0.231928614940092,"uniform",1,NA,NA,NA,NA,NA,NA,NA,NA,NA,NA,NA,NA,NA,NA,NA,NA,NA,NA,NA,NA
"nyc311","GraphSAGE + LayerNorm",1008,0.740601573751656,0.963484071147717,0.266956784713852,-0.00154061878474486,0.888372128758863,NA,0.262739911120819,"uniform",1,NA,NA,NA,NA,NA,NA,NA,NA,NA,NA,NA,NA,NA,NA,NA,NA,NA,NA,NA,NA
"nyc311","GraphSAGE + LayerNorm",1009,0.747365185143996,0.975060487364189,0.255992551285123,0.042741318630892,0.837589681335107,NA,0.244916879932529,"uniform",1,NA,NA,NA,NA,NA,NA,NA,NA,NA,NA,NA,NA,NA,NA,NA,NA,NA,NA,NA,NA
"nyc311","GraphSAGE + LayerNorm",1010,0.769470440735533,1.00276185642211,0.226014666356224,-0.00360486704839461,0.751926770175252,NA,0.201403766550971,"uniform",1,NA,NA,NA,NA,NA,NA,NA,NA,NA,NA,NA,NA,NA,NA,NA,NA,NA,NA,NA,NA
"nyc311","GraphSAGE + LayerNorm",1001,0.73649175390029,0.970012848599347,0.262413640081751,0.0717703941586794,0.872454300210009,NA,0.252714389090962,"gaussian",0.1,NA,NA,NA,NA,NA,NA,NA,NA,NA,NA,NA,NA,NA,NA,NA,NA,NA,NA,NA,NA
"nyc311","GraphSAGE + LayerNorm",1002,0.736398354643549,0.968548175060999,0.261963971478197,0.0542779103560553,0.88237945223776,NA,0.254969417192085,"gaussian",0.1,NA,NA,NA,NA,NA,NA,NA,NA,NA,NA,NA,NA,NA,NA,NA,NA,NA,NA,NA,NA
"nyc311","GraphSAGE + LayerNorm",1003,0.740681077935923,0.976371680071508,0.254956165112076,0.0623708486979638,0.841967656904416,NA,0.242884749260761,"gaussian",0.1,NA,NA,NA,NA,NA,NA,NA,NA,NA,NA,NA,NA,NA,NA,NA,NA,NA,NA,NA,NA
"nyc311","GraphSAGE + LayerNorm",1004,0.728090608589222,0.957524868379283,0.275440591515354,0.0480912178340734,0.925745876000662,NA,0.271831696915773,"gaussian",0.1,NA,NA,NA,NA,NA,NA,NA,NA,NA,NA,NA,NA,NA,NA,NA,NA,NA,NA,NA,NA
"nyc311","GraphSAGE + LayerNorm",1005,0.731615807929181,0.963465273024187,0.271774324450682,0.07976467462914,0.892381268930123,NA,0.26276867956949,"gaussian",0.1,NA,NA,NA,NA,NA,NA,NA,NA,NA,NA,NA,NA,NA,NA,NA,NA,NA,NA,NA,NA
"nyc311","GraphSAGE + LayerNorm",1001,0.732918589938699,0.961792888476903,0.268872340811903,0.0394344240597072,0.915148055484763,NA,0.26532583287418,"gaussian",0.25,NA,NA,NA,NA,NA,NA,NA,NA,NA,NA,NA,NA,NA,NA,NA,NA,NA,NA,NA,NA
"nyc311","GraphSAGE + LayerNorm",1002,0.735564267744002,0.969446634730697,0.260659362290692,0.0498598754570815,0.877303738595323,NA,0.253586542454649,"gaussian",0.25,NA,NA,NA,NA,NA,NA,NA,NA,NA,NA,NA,NA,NA,NA,NA,NA,NA,NA,NA,NA
"nyc311","GraphSAGE + LayerNorm",1003,0.736990248754119,0.969909715454071,0.259967106871963,0.0612692190344813,0.888277720924713,NA,0.252873285580822,"gaussian",0.25,NA,NA,NA,NA,NA,NA,NA,NA,NA,NA,NA,NA,NA,NA,NA,NA,NA,NA,NA,NA
"nyc311","GraphSAGE + LayerNorm",1004,0.727203241631511,0.956377916558596,0.277871244850277,0.0573096477128746,0.927701323005719,NA,0.27357509552697,"gaussian",0.25,NA,NA,NA,NA,NA,NA,NA,NA,NA,NA,NA,NA,NA,NA,NA,NA,NA,NA,NA,NA
"nyc311","GraphSAGE + LayerNorm",1005,0.736008220731351,0.967813266205352,0.264047222242057,0.0551063657365919,0.873519414691105,NA,0.256099607432713,"gaussian",0.25,NA,NA,NA,NA,NA,NA,NA,NA,NA,NA,NA,NA,NA,NA,NA,NA,NA,NA,NA,NA
"nyc311","GraphSAGE + LayerNorm",1001,0.738060027455347,0.96777390920281,0.264684351542076,0.0646307539421499,0.876996604579357,NA,0.256160108968213,"gaussian",0.5,NA,NA,NA,NA,NA,NA,NA,NA,NA,NA,NA,NA,NA,NA,NA,NA,NA,NA,NA,NA
"nyc311","GraphSAGE + LayerNorm",1002,0.745179861181567,0.979665990865303,0.251431076228419,0.0515282169433861,0.823466670030527,NA,0.23776706568753,"gaussian",0.5,NA,NA,NA,NA,NA,NA,NA,NA,NA,NA,NA,NA,NA,NA,NA,NA,NA,NA,NA,NA
"nyc311","GraphSAGE + LayerNorm",1003,0.740434564390057,0.970802415004787,0.256139502786697,0.0311501743162605,0.89051756475536,NA,0.251497350058856,"gaussian",0.5,NA,NA,NA,NA,NA,NA,NA,NA,NA,NA,NA,NA,NA,NA,NA,NA,NA,NA,NA,NA
"nyc311","GraphSAGE + LayerNorm",1004,0.749479424999178,0.989364587460209,0.240930758351728,0.0413351731564283,0.790249260008152,NA,0.222600299126615,"gaussian",0.5,NA,NA,NA,NA,NA,NA,NA,NA,NA,NA,NA,NA,NA,NA,NA,NA,NA,NA,NA,NA
"nyc311","GraphSAGE + LayerNorm",1005,0.743677145802034,0.984540528403567,0.244960902003624,0.0485527051554801,0.813199791430283,NA,0.230162888752985,"gaussian",0.5,NA,NA,NA,NA,NA,NA,NA,NA,NA,NA,NA,NA,NA,NA,NA,NA,NA,NA,NA,NA
"nyc311","GraphSAGE + LayerNorm",1001,0.742755667038392,0.969740249872924,0.260118636849451,0.0140381394961657,0.860574416695426,NA,0.253134343285035,"gaussian",1,NA,NA,NA,NA,NA,NA,NA,NA,NA,NA,NA,NA,NA,NA,NA,NA,NA,NA,NA,NA
"nyc311","GraphSAGE + LayerNorm",1002,0.751849361672736,0.984195031734435,0.245074117509443,0.0258176446367981,0.8079802778534,NA,0.230703099098078,"gaussian",1,NA,NA,NA,NA,NA,NA,NA,NA,NA,NA,NA,NA,NA,NA,NA,NA,NA,NA,NA,NA
"nyc311","GraphSAGE + LayerNorm",1003,0.763739887131374,0.999429376446233,0.227277476061629,-0.0212180816681874,0.770267694337215,NA,0.206702898700301,"gaussian",1,NA,NA,NA,NA,NA,NA,NA,NA,NA,NA,NA,NA,NA,NA,NA,NA,NA,NA,NA,NA
"nyc311","GraphSAGE + LayerNorm",1004,0.748454167192927,0.982599726565333,0.25050524952942,0.0638550809267347,0.808400513337666,NA,0.233195021192515,"gaussian",1,NA,NA,NA,NA,NA,NA,NA,NA,NA,NA,NA,NA,NA,NA,NA,NA,NA,NA,NA,NA
"nyc311","GraphSAGE + LayerNorm",1005,0.759806210491405,0.999685094445697,0.233128340367072,0.0686332569371344,0.760621074677318,NA,0.206296894424596,"gaussian",1,NA,NA,NA,NA,NA,NA,NA,NA,NA,NA,NA,NA,NA,NA,NA,NA,NA,NA,NA,NA
"nyc311","GraphSAGE + LayerNorm",1001,0.754970766331649,0.986817365742139,0.24808656738481,0.0750502756652416,0.79246361365744,NA,0.226598138344899,"gaussian",2,NA,NA,NA,NA,NA,NA,NA,NA,NA,NA,NA,NA,NA,NA,NA,NA,NA,NA,NA,NA
"nyc311","GraphSAGE + LayerNorm",1002,0.75839377776225,0.99472702240517,0.237035050148239,-0.00479773589922173,0.763012812852846,NA,0.214150324530292,"gaussian",2,NA,NA,NA,NA,NA,NA,NA,NA,NA,NA,NA,NA,NA,NA,NA,NA,NA,NA,NA,NA
"nyc311","GraphSAGE + LayerNorm",1003,0.7498750014753,0.98053556721971,0.25035030842452,-0.0345561107966871,0.814480998604348,NA,0.236413310611402,"gaussian",2,NA,NA,NA,NA,NA,NA,NA,NA,NA,NA,NA,NA,NA,NA,NA,NA,NA,NA,NA,NA
"nyc311","GraphSAGE + LayerNorm",1004,0.74048310986058,0.973165292811004,0.258726509325414,0.00697471863644145,0.830099077904205,NA,0.24784929020109,"gaussian",2,NA,NA,NA,NA,NA,NA,NA,NA,NA,NA,NA,NA,NA,NA,NA,NA,NA,NA,NA,NA
"nyc311","GraphSAGE + LayerNorm",1005,0.753454414108959,0.986487469442153,0.24428313332131,0.0631829413663029,0.80685865838832,NA,0.227115153496735,"gaussian",2,NA,NA,NA,NA,NA,NA,NA,NA,NA,NA,NA,NA,NA,NA,NA,NA,NA,NA,NA,NA
"heat","OLS",1001,0.585558056913198,0.836481322818753,0.821587464641186,0.319458075279452,0.895550761554297,NA,0.778037664137778,"uniform",1,"desmoines","cedarrapids","queen",NA,NA,NA,NA,NA,NA,NA,NA,NA,NA,NA,NA,NA,NA,NA,NA,NA
"heat","XGBoost",1001,0.728388695662699,0.969234762416726,0.722855182684842,0.243142442136336,1.05707390970575,NA,0.701994174421422,"uniform",1,"desmoines","cedarrapids","queen",NA,NA,NA,NA,NA,NA,NA,NA,NA,NA,NA,NA,NA,NA,NA,NA,NA
"heat","XGBoost",1002,0.710882199244077,0.949980171820604,0.742594614480062,0.285657087327024,1.0677812160045,NA,0.713716794580282,"uniform",1,"desmoines","cedarrapids","queen",NA,NA,NA,NA,NA,NA,NA,NA,NA,NA,NA,NA,NA,NA,NA,NA,NA
"heat","XGBoost",1003,0.685948556916503,0.913961896531567,0.761451786613013,0.26604636498411,1.0779781089448,NA,0.735013975153643,"uniform",1,"desmoines","cedarrapids","queen",NA,NA,NA,NA,NA,NA,NA,NA,NA,NA,NA,NA,NA,NA,NA,NA,NA
"heat","XGBoost",1004,0.7248545415405,0.951222546095833,0.734678290321014,0.234940334776019,1.08180384399754,NA,0.712967508496715,"uniform",1,"desmoines","cedarrapids","queen",NA,NA,NA,NA,NA,NA,NA,NA,NA,NA,NA,NA,NA,NA,NA,NA,NA
"heat","XGBoost",1005,0.669794070195064,0.899777305842551,0.770171270742627,0.263216458479874,1.08780361842319,NA,0.74317525816182,"uniform",1,"desmoines","cedarrapids","queen",NA,NA,NA,NA,NA,NA,NA,NA,NA,NA,NA,NA,NA,NA,NA,NA,NA
"heat","XGBoost",1006,0.707824143237062,0.931166970170134,0.739077179822866,0.186954896806136,1.06860195391137,NA,0.724943498454206,"uniform",1,"desmoines","cedarrapids","queen",NA,NA,NA,NA,NA,NA,NA,NA,NA,NA,NA,NA,NA,NA,NA,NA,NA
"heat","XGBoost",1007,0.680767384576008,0.917196098635886,0.768543479172004,0.318138938156743,1.07013550255384,NA,0.733135265085922,"uniform",1,"desmoines","cedarrapids","queen",NA,NA,NA,NA,NA,NA,NA,NA,NA,NA,NA,NA,NA,NA,NA,NA,NA
"heat","XGBoost",1008,0.701245619902761,0.93801719861004,0.743711230095481,0.2461424113407,1.07489054452394,NA,0.720881647920404,"uniform",1,"desmoines","cedarrapids","queen",NA,NA,NA,NA,NA,NA,NA,NA,NA,NA,NA,NA,NA,NA,NA,NA,NA
"heat","XGBoost",1009,0.690954437316409,0.921099749105302,0.748192240650565,0.21529578323452,1.06301663152559,NA,0.730858841271185,"uniform",1,"desmoines","cedarrapids","queen",NA,NA,NA,NA,NA,NA,NA,NA,NA,NA,NA,NA,NA,NA,NA,NA,NA
"heat","XGBoost",1010,0.687340946023921,0.913361837508264,0.76308343068091,0.274960096649183,1.07526193721714,NA,0.735361812537206,"uniform",1,"desmoines","cedarrapids","queen",NA,NA,NA,NA,NA,NA,NA,NA,NA,NA,NA,NA,NA,NA,NA,NA,NA
"heat","XGBoost + lags",1001,0.61875989137474,0.810187486571374,0.806304903110165,0.204500633346639,1.04125631457427,NA,0.791772611616651,"uniform",1,"desmoines","cedarrapids","queen",NA,NA,NA,NA,NA,NA,NA,NA,NA,NA,NA,NA,NA,NA,NA,NA,NA
"heat","XGBoost + lags",1002,0.592695991095259,0.79161403319112,0.821696326412212,0.25082670790747,1.02601070008809,NA,0.801210354711965,"uniform",1,"desmoines","cedarrapids","queen",NA,NA,NA,NA,NA,NA,NA,NA,NA,NA,NA,NA,NA,NA,NA,NA,NA
"heat","XGBoost + lags",1003,0.583688041592158,0.783414983521051,0.820336159429128,0.211929498405515,1.03184584675682,NA,0.805306910432316,"uniform",1,"desmoines","cedarrapids","queen",NA,NA,NA,NA,NA,NA,NA,NA,NA,NA,NA,NA,NA,NA,NA,NA,NA
"heat","XGBoost + lags",1004,0.606512595615835,0.809812925633884,0.809736036835701,0.22670641637795,1.04445518465624,NA,0.791965099943802,"uniform",1,"desmoines","cedarrapids","queen",NA,NA,NA,NA,NA,NA,NA,NA,NA,NA,NA,NA,NA,NA,NA,NA,NA
"heat","XGBoost + lags",1005,0.575420909005928,0.758316065390341,0.819640008462691,0.0774191548608205,0.986370781044508,NA,0.817582162261651,"uniform",1,"desmoines","cedarrapids","queen",NA,NA,NA,NA,NA,NA,NA,NA,NA,NA,NA,NA,NA,NA,NA,NA,NA
"heat","XGBoost + lags",1006,0.591274929625073,0.78593956902399,0.8196264850128,0.218115591777973,1.02492249420549,NA,0.804050076360996,"uniform",1,"desmoines","cedarrapids","queen",NA,NA,NA,NA,NA,NA,NA,NA,NA,NA,NA,NA,NA,NA,NA,NA,NA
"heat","XGBoost + lags",1007,0.582108384268265,0.771226016073564,0.821586235944491,0.17849295649849,1.01421521591422,NA,0.811318147059308,"uniform",1,"desmoines","cedarrapids","queen",NA,NA,NA,NA,NA,NA,NA,NA,NA,NA,NA,NA,NA,NA,NA,NA,NA
"heat","XGBoost + lags",1008,0.629860704000508,0.824911581485887,0.787267600042581,0.0954330336714892,1.01788936407593,NA,0.78413531832117,"uniform",1,"desmoines","cedarrapids","queen",NA,NA,NA,NA,NA,NA,NA,NA,NA,NA,NA,NA,NA,NA,NA,NA,NA
"heat","XGBoost + lags",1009,0.573565485456891,0.771186903549533,0.821065105491315,0.175021334082767,0.996445080628274,NA,0.811337284474852,"uniform",1,"desmoines","cedarrapids","queen",NA,NA,NA,NA,NA,NA,NA,NA,NA,NA,NA,NA,NA,NA,NA,NA,NA
"heat","XGBoost + lags",1010,0.582086372204554,0.783296886486569,0.81473414022112,0.168724758719496,1.0207844544929,NA,0.805365604595598,"uniform",1,"desmoines","cedarrapids","queen",NA,NA,NA,NA,NA,NA,NA,NA,NA,NA,NA,NA,NA,NA,NA,NA,NA
"heat","GraphSAGE",1001,0.697627716766076,0.94339318886876,0.834646252099289,0.229477278796277,0.742610248662007,NA,0.717673098001943,"uniform",1,"desmoines","cedarrapids","queen",NA,NA,NA,NA,NA,NA,NA,NA,NA,NA,NA,NA,NA,NA,NA,NA,NA
"heat","GraphSAGE",1002,0.688531923265498,0.947330854843789,0.828560229615615,0.123452274014484,0.734361505655789,NA,0.715311348623136,"uniform",1,"desmoines","cedarrapids","queen",NA,NA,NA,NA,NA,NA,NA,NA,NA,NA,NA,NA,NA,NA,NA,NA,NA
"heat","GraphSAGE",1003,0.701570794723482,0.913757596995636,0.836626894138783,0.286118759470889,0.768961372895636,NA,0.735132427512527,"uniform",1,"desmoines","cedarrapids","queen",NA,NA,NA,NA,NA,NA,NA,NA,NA,NA,NA,NA,NA,NA,NA,NA,NA
"heat","GraphSAGE",1004,0.624772382755782,0.834178894512615,0.844663536033342,0.0727011757946636,0.784510807756073,NA,0.779257892279481,"uniform",1,"desmoines","cedarrapids","queen",NA,NA,NA,NA,NA,NA,NA,NA,NA,NA,NA,NA,NA,NA,NA,NA,NA
"heat","GraphSAGE",1005,0.582811437196596,0.768062536265387,0.852296152525152,0.118662170324986,0.831566654470966,NA,0.81286287462341,"uniform",1,"desmoines","cedarrapids","queen",NA,NA,NA,NA,NA,NA,NA,NA,NA,NA,NA,NA,NA,NA,NA,NA,NA
"heat","GraphSAGE",1006,0.65637811744699,0.928271364676529,0.829706019804654,0.0819610315097512,0.741418471937038,NA,0.726651498830434,"uniform",1,"desmoines","cedarrapids","queen",NA,NA,NA,NA,NA,NA,NA,NA,NA,NA,NA,NA,NA,NA,NA,NA,NA
"heat","GraphSAGE",1007,0.611334879266704,0.81395694073398,0.85835275707902,0.283831408652732,0.817170943202404,NA,0.789830519154122,"uniform",1,"desmoines","cedarrapids","queen",NA,NA,NA,NA,NA,NA,NA,NA,NA,NA,NA,NA,NA,NA,NA,NA,NA
"heat","GraphSAGE",1008,0.706504252591772,0.947532141222106,0.82746454490236,0.189252108375443,0.741169688819607,NA,0.715190355972707,"uniform",1,"desmoines","cedarrapids","queen",NA,NA,NA,NA,NA,NA,NA,NA,NA,NA,NA,NA,NA,NA,NA,NA,NA
"heat","GraphSAGE",1009,0.669424143161197,0.87099458155012,0.814747480841076,0.125637417117359,0.800827779770764,NA,0.759343444508282,"uniform",1,"desmoines","cedarrapids","queen",NA,NA,NA,NA,NA,NA,NA,NA,NA,NA,NA,NA,NA,NA,NA,NA,NA
"heat","GraphSAGE",1010,0.609396237878822,0.7903525200149,0.855634909633751,0.341637070290075,0.877206184840837,NA,0.801843430753226,"uniform",1,"desmoines","cedarrapids","queen",NA,NA,NA,NA,NA,NA,NA,NA,NA,NA,NA,NA,NA,NA,NA,NA,NA
"heat","GraphSAGE + LayerNorm",1001,0.560935591321987,0.735397174830456,0.877564282592342,0.393329674079732,0.992895812604967,NA,0.828442106897367,"uniform",1,"desmoines","cedarrapids","queen",NA,NA,NA,NA,NA,NA,NA,NA,NA,NA,NA,NA,NA,NA,NA,NA,NA
"heat","GraphSAGE + LayerNorm",1002,0.579983972191859,0.776906454731045,0.864987220409145,0.411399727527144,0.946454286945311,NA,0.808528451675298,"uniform",1,"desmoines","cedarrapids","queen",NA,NA,NA,NA,NA,NA,NA,NA,NA,NA,NA,NA,NA,NA,NA,NA,NA
"heat","GraphSAGE + LayerNorm",1003,0.623285213297343,0.831288173766555,0.837575846563183,0.41089577464622,0.941514242526401,NA,0.780785138217822,"uniform",1,"desmoines","cedarrapids","queen",NA,NA,NA,NA,NA,NA,NA,NA,NA,NA,NA,NA,NA,NA,NA,NA,NA
"heat","GraphSAGE + LayerNorm",1004,0.596623813520794,0.783230297080899,0.841152605312254,0.333084467974107,0.974861078785627,NA,0.805398695593496,"uniform",1,"desmoines","cedarrapids","queen",NA,NA,NA,NA,NA,NA,NA,NA,NA,NA,NA,NA,NA,NA,NA,NA,NA
"heat","GraphSAGE + LayerNorm",1005,0.559890485140734,0.735670519331062,0.868319007757791,0.342455444585487,0.946249999351514,NA,0.828314548284246,"uniform",1,"desmoines","cedarrapids","queen",NA,NA,NA,NA,NA,NA,NA,NA,NA,NA,NA,NA,NA,NA,NA,NA,NA
"heat","GraphSAGE + LayerNorm",1006,0.597949924505696,0.783911215225536,0.845985339633505,0.344047786620253,0.940585195512555,NA,0.805060186833591,"uniform",1,"desmoines","cedarrapids","queen",NA,NA,NA,NA,NA,NA,NA,NA,NA,NA,NA,NA,NA,NA,NA,NA,NA
"heat","GraphSAGE + LayerNorm",1007,0.534395783486448,0.722528045566039,0.863741088004498,0.278511355770816,0.931026589746293,NA,0.834393946267211,"uniform",1,"desmoines","cedarrapids","queen",NA,NA,NA,NA,NA,NA,NA,NA,NA,NA,NA,NA,NA,NA,NA,NA,NA
"heat","GraphSAGE + LayerNorm",1008,0.528263601851629,0.694805300853542,0.881371231205088,0.329841461581074,1.00049048641854,NA,0.846858450824006,"uniform",1,"desmoines","cedarrapids","queen",NA,NA,NA,NA,NA,NA,NA,NA,NA,NA,NA,NA,NA,NA,NA,NA,NA
"heat","GraphSAGE + LayerNorm",1009,0.559077389332868,0.735345382119601,0.872077525204015,0.370590361382437,0.99290591336862,NA,0.828466271079017,"uniform",1,"desmoines","cedarrapids","queen",NA,NA,NA,NA,NA,NA,NA,NA,NA,NA,NA,NA,NA,NA,NA,NA,NA
"heat","GraphSAGE + LayerNorm",1010,0.527207261189794,0.682141516837482,0.89759399366815,0.377473530038657,0.997934965350003,NA,0.852390008581421,"uniform",1,"desmoines","cedarrapids","queen",NA,NA,NA,NA,NA,NA,NA,NA,NA,NA,NA,NA,NA,NA,NA,NA,NA
"heat","GraphSAGE + LayerNorm",1001,0.607390443033439,0.766765322142288,0.85763446630287,0.372736689665918,0.99122884749926,NA,0.813494468821008,"uniform",1,"desmoines","cedarrapids","queen2",NA,NA,NA,NA,NA,NA,NA,NA,NA,NA,NA,NA,NA,NA,NA,NA,NA
"heat","GraphSAGE + LayerNorm",1002,0.522612615638443,0.685290955344079,0.866893648986039,0.191555983467627,0.934709901150559,NA,0.85102383522379,"uniform",1,"desmoines","cedarrapids","queen2",NA,NA,NA,NA,NA,NA,NA,NA,NA,NA,NA,NA,NA,NA,NA,NA,NA
"heat","GraphSAGE + LayerNorm",1003,0.584961785474573,0.779060560713114,0.847875065800445,0.346889643552995,0.951139691002953,NA,0.807465204487145,"uniform",1,"desmoines","cedarrapids","queen2",NA,NA,NA,NA,NA,NA,NA,NA,NA,NA,NA,NA,NA,NA,NA,NA,NA
"heat","GraphSAGE + LayerNorm",1004,0.609072247985306,0.76750002646008,0.867247465741893,0.397264266833733,0.936059698974807,NA,0.813136883355065,"uniform",1,"desmoines","cedarrapids","queen2",NA,NA,NA,NA,NA,NA,NA,NA,NA,NA,NA,NA,NA,NA,NA,NA,NA
"heat","GraphSAGE + LayerNorm",1005,0.558153018603918,0.713138126125594,0.889613145090459,0.393723197148595,0.957331066337784,NA,0.838670383710415,"uniform",1,"desmoines","cedarrapids","queen2",NA,NA,NA,NA,NA,NA,NA,NA,NA,NA,NA,NA,NA,NA,NA,NA,NA
"heat","XGBoost + lags",1001,0.555663668071398,0.74860777356249,0.846311734279506,0.272422161079539,0.975224106043403,NA,0.822223048425158,"uniform",1,"desmoines","cedarrapids","queen2",NA,NA,NA,NA,NA,NA,NA,NA,NA,NA,NA,NA,NA,NA,NA,NA,NA
"heat","XGBoost + lags",1002,0.587680658886526,0.783884759000027,0.834556380276423,0.304617362213161,0.992534244898666,NA,0.805073344662002,"uniform",1,"desmoines","cedarrapids","queen2",NA,NA,NA,NA,NA,NA,NA,NA,NA,NA,NA,NA,NA,NA,NA,NA,NA
"heat","XGBoost + lags",1003,0.581097826804718,0.775165160183229,0.829152661740737,0.249512568960709,1.00462556178394,NA,0.80938578713447,"uniform",1,"desmoines","cedarrapids","queen2",NA,NA,NA,NA,NA,NA,NA,NA,NA,NA,NA,NA,NA,NA,NA,NA,NA
"heat","XGBoost + lags",1004,0.556861926972852,0.743431420665338,0.84903120350978,0.276590151210291,0.989821477020145,NA,0.824673075581664,"uniform",1,"desmoines","cedarrapids","queen2",NA,NA,NA,NA,NA,NA,NA,NA,NA,NA,NA,NA,NA,NA,NA,NA,NA
"heat","XGBoost + lags",1005,0.562121514418505,0.755628385031346,0.845039102238718,0.287067545570489,0.994656959898862,NA,0.818872948563028,"uniform",1,"desmoines","cedarrapids","queen2",NA,NA,NA,NA,NA,NA,NA,NA,NA,NA,NA,NA,NA,NA,NA,NA,NA
"heat","GraphSAGE + LayerNorm",1001,0.549445030710623,0.708178545728365,0.88217609814041,0.307980462459663,0.898814789007706,NA,0.840906542167043,"uniform",1,"desmoines","cedarrapids","knn30",NA,NA,NA,NA,NA,NA,NA,NA,NA,NA,NA,NA,NA,NA,NA,NA,NA
"heat","GraphSAGE + LayerNorm",1002,0.550173437789217,0.718782472550348,0.8499922101579,0.161604385301397,0.924918624232439,NA,0.83610649371682,"uniform",1,"desmoines","cedarrapids","knn30",NA,NA,NA,NA,NA,NA,NA,NA,NA,NA,NA,NA,NA,NA,NA,NA,NA
"heat","GraphSAGE + LayerNorm",1003,0.752750965986141,1.03024494065538,0.758017247720281,0.477493097371894,0.853330069556832,NA,0.663296391550081,"uniform",1,"desmoines","cedarrapids","knn30",NA,NA,NA,NA,NA,NA,NA,NA,NA,NA,NA,NA,NA,NA,NA,NA,NA
"heat","GraphSAGE + LayerNorm",1004,0.586166620328851,0.739906685259634,0.85310514990352,0.2671157257924,0.934879659865776,NA,0.826331644278462,"uniform",1,"desmoines","cedarrapids","knn30",NA,NA,NA,NA,NA,NA,NA,NA,NA,NA,NA,NA,NA,NA,NA,NA,NA
"heat","GraphSAGE + LayerNorm",1005,0.587180393503749,0.746557903236415,0.888736080051677,0.404230453386909,0.889534913553377,NA,0.823195308600973,"uniform",1,"desmoines","cedarrapids","knn30",NA,NA,NA,NA,NA,NA,NA,NA,NA,NA,NA,NA,NA,NA,NA,NA,NA
"heat","XGBoost + lags",1001,0.598485801999228,0.810470036513183,0.835297146515198,0.369057928365445,0.977007260615226,NA,0.791627349201152,"uniform",1,"desmoines","cedarrapids","knn30",NA,NA,NA,NA,NA,NA,NA,NA,NA,NA,NA,NA,NA,NA,NA,NA,NA
"heat","XGBoost + lags",1002,0.549662435429227,0.732900540948987,0.851864728427249,0.264380577841734,0.990014237006592,NA,0.829604989231346,"uniform",1,"desmoines","cedarrapids","knn30",NA,NA,NA,NA,NA,NA,NA,NA,NA,NA,NA,NA,NA,NA,NA,NA,NA
"heat","XGBoost + lags",1003,0.600931096396605,0.795514272643664,0.846019620600624,0.378256629477611,0.961111729875598,NA,0.799246677509898,"uniform",1,"desmoines","cedarrapids","knn30",NA,NA,NA,NA,NA,NA,NA,NA,NA,NA,NA,NA,NA,NA,NA,NA,NA
"heat","XGBoost + lags",1004,0.572275025125498,0.773457183327764,0.846257850534548,0.314771607491031,0.931321225296646,NA,0.810224849596622,"uniform",1,"desmoines","cedarrapids","knn30",NA,NA,NA,NA,NA,NA,NA,NA,NA,NA,NA,NA,NA,NA,NA,NA,NA
"heat","XGBoost + lags",1005,0.554067565363691,0.744954786858981,0.852887755448544,0.296080629225176,0.964956356786608,NA,0.823953814204444,"uniform",1,"desmoines","cedarrapids","knn30",NA,NA,NA,NA,NA,NA,NA,NA,NA,NA,NA,NA,NA,NA,NA,NA,NA
"heat-rev","OLS",1001,0.767964480581217,1.00831856187367,0.745980757528697,-0.394985965345325,1.1693320128118,NA,0.681456846195147,"uniform",1,"cedarrapids","desmoines","queen",NA,NA,NA,NA,NA,NA,NA,NA,NA,NA,NA,NA,NA,NA,NA,NA,NA
"heat-rev","XGBoost",1001,0.774154404647572,1.02642107904527,0.717987791677472,-0.310523815241207,0.863766262182371,NA,0.669916454072459,"uniform",1,"cedarrapids","desmoines","queen",NA,NA,NA,NA,NA,NA,NA,NA,NA,NA,NA,NA,NA,NA,NA,NA,NA
"heat-rev","XGBoost",1002,0.785671650276037,1.03251754982537,0.714476792741196,-0.313882101309167,0.864257222728168,NA,0.665983719376078,"uniform",1,"cedarrapids","desmoines","queen",NA,NA,NA,NA,NA,NA,NA,NA,NA,NA,NA,NA,NA,NA,NA,NA,NA
"heat-rev","XGBoost",1003,0.754341429510115,1.01319609482552,0.715299930622532,-0.284987884200529,0.887533244836382,NA,0.678367618938707,"uniform",1,"cedarrapids","desmoines","queen",NA,NA,NA,NA,NA,NA,NA,NA,NA,NA,NA,NA,NA,NA,NA,NA,NA
"heat-rev","XGBoost",1004,0.778000065789139,1.01453202199018,0.718430647152066,-0.339091010690645,0.923810411014217,NA,0.677518897338019,"uniform",1,"cedarrapids","desmoines","queen",NA,NA,NA,NA,NA,NA,NA,NA,NA,NA,NA,NA,NA,NA,NA,NA,NA
"heat-rev","XGBoost",1005,0.781733203476399,1.02193500057204,0.725206869350905,-0.353488021961098,0.88087761687772,NA,0.672795476664779,"uniform",1,"cedarrapids","desmoines","queen",NA,NA,NA,NA,NA,NA,NA,NA,NA,NA,NA,NA,NA,NA,NA,NA,NA
"heat-rev","XGBoost",1006,0.786142963731075,1.04062016119267,0.707418027456347,-0.331441893610515,0.883588793478012,NA,0.660720809754902,"uniform",1,"cedarrapids","desmoines","queen",NA,NA,NA,NA,NA,NA,NA,NA,NA,NA,NA,NA,NA,NA,NA,NA,NA
"heat-rev","XGBoost",1007,0.706428175040891,0.956013355377186,0.727542428200823,-0.176128315836151,0.929577526335954,NA,0.71364770370474,"uniform",1,"cedarrapids","desmoines","queen",NA,NA,NA,NA,NA,NA,NA,NA,NA,NA,NA,NA,NA,NA,NA,NA,NA
"heat-rev","XGBoost",1008,0.784115865251445,1.03786756699448,0.70003064577701,-0.296238484078979,0.893133996737465,NA,0.662513323135596,"uniform",1,"cedarrapids","desmoines","queen",NA,NA,NA,NA,NA,NA,NA,NA,NA,NA,NA,NA,NA,NA,NA,NA,NA
"heat-rev","XGBoost",1009,0.847435636510963,1.08966993830405,0.70385881667876,-0.427165027532353,0.859827685369543,NA,0.627983081560498,"uniform",1,"cedarrapids","desmoines","queen",NA,NA,NA,NA,NA,NA,NA,NA,NA,NA,NA,NA,NA,NA,NA,NA,NA
"heat-rev","XGBoost",1010,0.821829701123293,1.07435161760337,0.700299480915805,-0.387333806072471,0.872608030395063,NA,0.638369013959,"uniform",1,"cedarrapids","desmoines","queen",NA,NA,NA,NA,NA,NA,NA,NA,NA,NA,NA,NA,NA,NA,NA,NA,NA
"heat-rev","XGBoost + lags",1001,0.716775480503881,0.946292620044007,0.769704473588022,-0.32746208404813,0.871725392445295,NA,0.719441353527827,"uniform",1,"cedarrapids","desmoines","queen",NA,NA,NA,NA,NA,NA,NA,NA,NA,NA,NA,NA,NA,NA,NA,NA,NA
"heat-rev","XGBoost + lags",1002,0.715928021336312,0.956376566672937,0.760254695343601,-0.301971308463691,0.865832994213423,NA,0.713430078824934,"uniform",1,"cedarrapids","desmoines","queen",NA,NA,NA,NA,NA,NA,NA,NA,NA,NA,NA,NA,NA,NA,NA,NA,NA
"heat-rev","XGBoost + lags",1003,0.763096900399927,1.00139202212584,0.756256805519258,-0.356161602769331,0.832317316362437,NA,0.68581821288062,"uniform",1,"cedarrapids","desmoines","queen",NA,NA,NA,NA,NA,NA,NA,NA,NA,NA,NA,NA,NA,NA,NA,NA,NA
"heat-rev","XGBoost + lags",1004,0.813754274163875,1.04975648694935,0.742191109448145,-0.419727960277888,0.827487230891561,NA,0.654737122691371,"uniform",1,"cedarrapids","desmoines","queen",NA,NA,NA,NA,NA,NA,NA,NA,NA,NA,NA,NA,NA,NA,NA,NA,NA
"heat-rev","XGBoost + lags",1005,0.723989913207193,0.954968451017047,0.759876134168444,-0.3049773497835,0.871698763180875,NA,0.71427331682076,"uniform",1,"cedarrapids","desmoines","queen",NA,NA,NA,NA,NA,NA,NA,NA,NA,NA,NA,NA,NA,NA,NA,NA,NA
"heat-rev","XGBoost + lags",1006,0.731071743821647,0.96557018462492,0.756847171470698,-0.334644356536779,0.880779911955592,NA,0.707894021801491,"uniform",1,"cedarrapids","desmoines","queen",NA,NA,NA,NA,NA,NA,NA,NA,NA,NA,NA,NA,NA,NA,NA,NA,NA
"heat-rev","XGBoost + lags",1007,0.698639436850197,0.959360679337651,0.743903464471621,-0.208106893014488,0.86316290868457,NA,0.711638962013569,"uniform",1,"cedarrapids","desmoines","queen",NA,NA,NA,NA,NA,NA,NA,NA,NA,NA,NA,NA,NA,NA,NA,NA,NA
"heat-rev","XGBoost + lags",1008,0.704511666883783,0.944393808626347,0.75552020570593,-0.25992899485681,0.880994185257328,NA,0.720566150381265,"uniform",1,"cedarrapids","desmoines","queen",NA,NA,NA,NA,NA,NA,NA,NA,NA,NA,NA,NA,NA,NA,NA,NA,NA
"heat-rev","XGBoost + lags",1009,0.691127372916713,0.928012070905175,0.773406670969585,-0.281407319693593,0.866307953979763,NA,0.730176356799517,"uniform",1,"cedarrapids","desmoines","queen",NA,NA,NA,NA,NA,NA,NA,NA,NA,NA,NA,NA,NA,NA,NA,NA,NA
"heat-rev","XGBoost + lags",1010,0.690329400476216,0.928983441585217,0.767071518800534,-0.275939851732098,0.882477596622454,NA,0.729611200469571,"uniform",1,"cedarrapids","desmoines","queen",NA,NA,NA,NA,NA,NA,NA,NA,NA,NA,NA,NA,NA,NA,NA,NA,NA
"heat-rev","GraphSAGE",1001,0.696339206133247,0.886180609026024,0.832816585835684,-0.469883447911933,0.902647072155843,NA,0.753953474290188,"uniform",1,"cedarrapids","desmoines","queen",NA,NA,NA,NA,NA,NA,NA,NA,NA,NA,NA,NA,NA,NA,NA,NA,NA
"heat-rev","GraphSAGE",1002,0.618506128241924,0.810576228287526,0.850125088047415,-0.40937215364813,0.939918840371128,NA,0.794145446723998,"uniform",1,"cedarrapids","desmoines","queen",NA,NA,NA,NA,NA,NA,NA,NA,NA,NA,NA,NA,NA,NA,NA,NA,NA
"heat-rev","GraphSAGE",1003,0.586940911843282,0.781559295202282,0.847245296214826,-0.331727042091482,0.93460577984277,NA,0.808619970767596,"uniform",1,"cedarrapids","desmoines","queen",NA,NA,NA,NA,NA,NA,NA,NA,NA,NA,NA,NA,NA,NA,NA,NA,NA
"heat-rev","GraphSAGE",1004,0.611497679644495,0.807138506922821,0.833946248948741,-0.332554258990535,0.939907549624107,NA,0.795887836708247,"uniform",1,"cedarrapids","desmoines","queen",NA,NA,NA,NA,NA,NA,NA,NA,NA,NA,NA,NA,NA,NA,NA,NA,NA
"heat-rev","GraphSAGE",1005,0.606468715719138,0.81149448922082,0.833628729364751,-0.350428071724526,0.95962525566337,NA,0.793678778055789,"uniform",1,"cedarrapids","desmoines","queen",NA,NA,NA,NA,NA,NA,NA,NA,NA,NA,NA,NA,NA,NA,NA,NA,NA
"heat-rev","GraphSAGE",1006,0.594839386454225,0.795533483508984,0.83739109231006,-0.306091321357902,0.920060341422985,NA,0.801715083606134,"uniform",1,"cedarrapids","desmoines","queen",NA,NA,NA,NA,NA,NA,NA,NA,NA,NA,NA,NA,NA,NA,NA,NA,NA
"heat-rev","GraphSAGE",1007,0.641911606017306,0.875276097353072,0.81396626493437,-0.266077003861645,0.834934970366504,NA,0.759971457151469,"uniform",1,"cedarrapids","desmoines","queen",NA,NA,NA,NA,NA,NA,NA,NA,NA,NA,NA,NA,NA,NA,NA,NA,NA
"heat-rev","GraphSAGE",1008,0.563226158169777,0.779623612265469,0.822293946595284,-0.192597245778894,0.96463245889325,NA,0.809566776243303,"uniform",1,"cedarrapids","desmoines","queen",NA,NA,NA,NA,NA,NA,NA,NA,NA,NA,NA,NA,NA,NA,NA,NA,NA
"heat-rev","GraphSAGE",1009,0.570438695298568,0.763713041782326,0.845864038507447,-0.295909966344402,0.96414706788527,NA,0.817260191493057,"uniform",1,"cedarrapids","desmoines","queen",NA,NA,NA,NA,NA,NA,NA,NA,NA,NA,NA,NA,NA,NA,NA,NA,NA
"heat-rev","GraphSAGE",1010,0.538794015579234,0.741317938750571,0.84420972433842,-0.220641183351079,0.964604831222217,NA,0.827820369916782,"uniform",1,"cedarrapids","desmoines","queen",NA,NA,NA,NA,NA,NA,NA,NA,NA,NA,NA,NA,NA,NA,NA,NA,NA
"heat-rev","GraphSAGE + LayerNorm",1001,0.638591011882886,0.8519058550477,0.83760620495394,-0.447406213427589,0.950492819501309,NA,0.772618065175028,"uniform",1,"cedarrapids","desmoines","queen",NA,NA,NA,NA,NA,NA,NA,NA,NA,NA,NA,NA,NA,NA,NA,NA,NA
"heat-rev","GraphSAGE + LayerNorm",1002,0.622026962638287,0.834887048016706,0.848830283206394,-0.434653253560604,0.911375728199569,NA,0.781612287749172,"uniform",1,"cedarrapids","desmoines","queen",NA,NA,NA,NA,NA,NA,NA,NA,NA,NA,NA,NA,NA,NA,NA,NA,NA
"heat-rev","GraphSAGE + LayerNorm",1003,0.646296130834498,0.844326007425939,0.836574090358532,-0.401588146493388,0.90416038098013,NA,0.776646333981577,"uniform",1,"cedarrapids","desmoines","queen",NA,NA,NA,NA,NA,NA,NA,NA,NA,NA,NA,NA,NA,NA,NA,NA,NA
"heat-rev","GraphSAGE + LayerNorm",1004,0.653477605317646,0.8828683164757,0.826218190002469,-0.431439231527993,0.892009231867042,NA,0.755789341577405,"uniform",1,"cedarrapids","desmoines","queen",NA,NA,NA,NA,NA,NA,NA,NA,NA,NA,NA,NA,NA,NA,NA,NA,NA
"heat-rev","GraphSAGE + LayerNorm",1005,0.729679594646439,0.930320956605399,0.832817760179658,-0.567753956075258,0.943448397296417,NA,0.728832048961041,"uniform",1,"cedarrapids","desmoines","queen",NA,NA,NA,NA,NA,NA,NA,NA,NA,NA,NA,NA,NA,NA,NA,NA,NA
"heat-rev","GraphSAGE + LayerNorm",1006,0.545489476399142,0.753049171304381,0.85108264491122,-0.298075029986904,1.03395241641635,NA,0.822327824002987,"uniform",1,"cedarrapids","desmoines","queen",NA,NA,NA,NA,NA,NA,NA,NA,NA,NA,NA,NA,NA,NA,NA,NA,NA
"heat-rev","GraphSAGE + LayerNorm",1007,0.706760368380058,0.929495846771174,0.819085286636071,-0.51944023448651,0.925966048930431,NA,0.729312838137234,"uniform",1,"cedarrapids","desmoines","queen",NA,NA,NA,NA,NA,NA,NA,NA,NA,NA,NA,NA,NA,NA,NA,NA,NA
"heat-rev","GraphSAGE + LayerNorm",1008,0.547518275259119,0.7646425523711,0.844945264226109,-0.283875744684289,0.944819716243702,NA,0.816815097734967,"uniform",1,"cedarrapids","desmoines","queen",NA,NA,NA,NA,NA,NA,NA,NA,NA,NA,NA,NA,NA,NA,NA,NA,NA
"heat-rev","GraphSAGE + LayerNorm",1009,0.541493954455803,0.737000363051586,0.853864808640136,-0.27548580276131,1.01799782095279,NA,0.829820142756661,"uniform",1,"cedarrapids","desmoines","queen",NA,NA,NA,NA,NA,NA,NA,NA,NA,NA,NA,NA,NA,NA,NA,NA,NA
"heat-rev","GraphSAGE + LayerNorm",1010,0.591535695204244,0.805060436957866,0.83580195962112,-0.348516105070049,0.969829529820656,NA,0.796937503721067,"uniform",1,"cedarrapids","desmoines","queen",NA,NA,NA,NA,NA,NA,NA,NA,NA,NA,NA,NA,NA,NA,NA,NA,NA
"heat-rev","GraphSAGE + LayerNorm",1001,0.61117945080307,0.84926253233495,0.814390570695027,-0.35865993976747,0.991452195916946,NA,0.774026932973094,"uniform",1,"cedarrapids","desmoines","queen2",NA,NA,NA,NA,NA,NA,NA,NA,NA,NA,NA,NA,NA,NA,NA,NA,NA
"heat-rev","GraphSAGE + LayerNorm",1002,0.676832798040458,0.909222433999596,0.837742997462354,-0.506013544714298,0.876837810599072,NA,0.740992084192364,"uniform",1,"cedarrapids","desmoines","queen2",NA,NA,NA,NA,NA,NA,NA,NA,NA,NA,NA,NA,NA,NA,NA,NA,NA
"heat-rev","GraphSAGE + LayerNorm",1003,0.561792755806226,0.762982152230831,0.830717961992802,-0.204209179911651,1.00722543145135,NA,0.81760979585556,"uniform",1,"cedarrapids","desmoines","queen2",NA,NA,NA,NA,NA,NA,NA,NA,NA,NA,NA,NA,NA,NA,NA,NA,NA
"heat-rev","GraphSAGE + LayerNorm",1004,0.650230460575948,0.861558820736999,0.82685667450173,-0.43391298452299,0.977683968960987,NA,0.767435930808458,"uniform",1,"cedarrapids","desmoines","queen2",NA,NA,NA,NA,NA,NA,NA,NA,NA,NA,NA,NA,NA,NA,NA,NA,NA
"heat-rev","GraphSAGE + LayerNorm",1005,0.721470424807237,0.928758012329045,0.830667942153846,-0.554708953243044,0.931303522409168,NA,0.729742410882296,"uniform",1,"cedarrapids","desmoines","queen2",NA,NA,NA,NA,NA,NA,NA,NA,NA,NA,NA,NA,NA,NA,NA,NA,NA
"heat-rev","XGBoost + lags",1001,0.802962447527714,1.02605811104666,0.759108407868603,-0.37728678409595,0.805322383362006,NA,0.670149864283199,"uniform",1,"cedarrapids","desmoines","queen2",NA,NA,NA,NA,NA,NA,NA,NA,NA,NA,NA,NA,NA,NA,NA,NA,NA
"heat-rev","XGBoost + lags",1002,0.78107636898686,1.01952870811177,0.743862679581726,-0.359016897236801,0.834766280835566,NA,0.674334562444337,"uniform",1,"cedarrapids","desmoines","queen2",NA,NA,NA,NA,NA,NA,NA,NA,NA,NA,NA,NA,NA,NA,NA,NA,NA
"heat-rev","XGBoost + lags",1003,0.772835957615464,1.01229850303291,0.75613337378194,-0.351583713501688,0.815958126825433,NA,0.678937235638747,"uniform",1,"cedarrapids","desmoines","queen2",NA,NA,NA,NA,NA,NA,NA,NA,NA,NA,NA,NA,NA,NA,NA,NA,NA
"heat-rev","XGBoost + lags",1004,0.758040897789951,0.99556660299795,0.762122250427263,-0.371013152619612,0.835526849019744,NA,0.68946297338044,"uniform",1,"cedarrapids","desmoines","queen2",NA,NA,NA,NA,NA,NA,NA,NA,NA,NA,NA,NA,NA,NA,NA,NA,NA
"heat-rev","XGBoost + lags",1005,0.742099060334823,0.993003037697537,0.754997965651303,-0.254788577188433,0.806252997658223,NA,0.691060168375758,"uniform",1,"cedarrapids","desmoines","queen2",NA,NA,NA,NA,NA,NA,NA,NA,NA,NA,NA,NA,NA,NA,NA,NA,NA
"heat-rev","GraphSAGE + LayerNorm",1001,0.712922059063164,0.927839447456986,0.826509505407207,-0.546854621359722,0.947497639629379,NA,0.730276729536203,"uniform",1,"cedarrapids","desmoines","knn30",NA,NA,NA,NA,NA,NA,NA,NA,NA,NA,NA,NA,NA,NA,NA,NA,NA
"heat-rev","GraphSAGE + LayerNorm",1002,0.789250161782253,1.01781521183723,0.82169229887265,-0.625167833806499,0.854530936842906,NA,0.675428317978622,"uniform",1,"cedarrapids","desmoines","knn30",NA,NA,NA,NA,NA,NA,NA,NA,NA,NA,NA,NA,NA,NA,NA,NA,NA
"heat-rev","GraphSAGE + LayerNorm",1003,0.591789256247347,0.796842018826249,0.83714781841342,-0.3234555948687,0.940872833144076,NA,0.801062248218542,"uniform",1,"cedarrapids","desmoines","knn30",NA,NA,NA,NA,NA,NA,NA,NA,NA,NA,NA,NA,NA,NA,NA,NA,NA
"heat-rev","GraphSAGE + LayerNorm",1004,0.676960036342533,0.899758235476817,0.816266687797778,-0.460228819007596,0.938145257310381,NA,0.746356105805143,"uniform",1,"cedarrapids","desmoines","knn30",NA,NA,NA,NA,NA,NA,NA,NA,NA,NA,NA,NA,NA,NA,NA,NA,NA
"heat-rev","GraphSAGE + LayerNorm",1005,0.650269487584941,0.863945667893807,0.833625685282004,-0.452869244555894,0.94145716866804,NA,0.766145563194725,"uniform",1,"cedarrapids","desmoines","knn30",NA,NA,NA,NA,NA,NA,NA,NA,NA,NA,NA,NA,NA,NA,NA,NA,NA
"heat-rev","XGBoost + lags",1001,0.739163362226498,0.95077189751686,0.7868392573307,-0.292830037147431,0.810176760400304,NA,0.71677901781061,"uniform",1,"cedarrapids","desmoines","knn30",NA,NA,NA,NA,NA,NA,NA,NA,NA,NA,NA,NA,NA,NA,NA,NA,NA
"heat-rev","XGBoost + lags",1002,0.843565304977436,1.04946381301111,0.774794011112482,-0.457020167203515,0.790491834921844,NA,0.654929615637887,"uniform",1,"cedarrapids","desmoines","knn30",NA,NA,NA,NA,NA,NA,NA,NA,NA,NA,NA,NA,NA,NA,NA,NA,NA
"heat-rev","XGBoost + lags",1003,0.76669843751252,0.96841847148694,0.779889424271907,-0.356142020814452,0.827306868748774,NA,0.706168142578772,"uniform",1,"cedarrapids","desmoines","knn30",NA,NA,NA,NA,NA,NA,NA,NA,NA,NA,NA,NA,NA,NA,NA,NA,NA
"heat-rev","XGBoost + lags",1004,0.765996464042854,0.962270799395054,0.787914254531344,-0.414768450214051,0.851068907099732,NA,0.709886882699887,"uniform",1,"cedarrapids","desmoines","knn30",NA,NA,NA,NA,NA,NA,NA,NA,NA,NA,NA,NA,NA,NA,NA,NA,NA
"heat-rev","XGBoost + lags",1005,0.771615520726489,0.970327562821406,0.793509212006398,-0.377119529416091,0.809504731409258,NA,0.705008510073981,"uniform",1,"cedarrapids","desmoines","knn30",NA,NA,NA,NA,NA,NA,NA,NA,NA,NA,NA,NA,NA,NA,NA,NA,NA
"lulc","Logistic",1001,NA,NA,NA,NA,NA,NA,NA,NA,NA,"desmoines","cedarrapids","queen",0.891386593204775,0.792201177035792,0.926670391544558,0.942011049723757,0.642391304347826,0.0786816726778846,0.843269054178145,NA,NA,NA,NA,NA,NA,NA,NA,NA,NA
"lulc","XGBoost",1001,NA,NA,NA,NA,NA,NA,NA,NA,NA,"desmoines","cedarrapids","queen",0.864830119375574,0.662782248378573,0.890599164064376,0.967955801104972,0.357608695652174,0.100105792128274,0.912947658402204,NA,NA,NA,NA,NA,NA,NA,NA,NA,NA
"lulc","XGBoost",1002,NA,NA,NA,NA,NA,NA,NA,NA,NA,"desmoines","cedarrapids","queen",0.859063360881543,0.664421811193851,0.877846274321401,0.958408839779005,0.370434782608696,0.106036510053892,0.902846648301194,NA,NA,NA,NA,NA,NA,NA,NA,NA,NA
"lulc","XGBoost",1003,NA,NA,NA,NA,NA,NA,NA,NA,NA,"desmoines","cedarrapids","queen",0.858953168044077,0.672149171270718,0.876131179437904,0.954298342541436,0.39,0.104688026183123,0.896124885215794,NA,NA,NA,NA,NA,NA,NA,NA,NA,NA
"lulc","XGBoost",1004,NA,NA,NA,NA,NA,NA,NA,NA,NA,"desmoines","cedarrapids","queen",0.871992653810836,0.711861878453039,0.891831126591403,0.953723756906077,0.47,0.0939064906292844,0.882130394857668,NA,NA,NA,NA,NA,NA,NA,NA,NA,NA
"lulc","XGBoost",1005,NA,NA,NA,NA,NA,NA,NA,NA,NA,"desmoines","cedarrapids","queen",0.852378328741965,0.62887869325006,0.879724885899588,0.966453038674033,0.291304347826087,0.104886609476644,0.922901744719927,NA,NA,NA,NA,NA,NA,NA,NA,NA,NA
"lulc","XGBoost",1006,NA,NA,NA,NA,NA,NA,NA,NA,NA,"desmoines","cedarrapids","queen",0.849550045913682,0.639300504443911,0.863360393946671,0.956861878453039,0.321739130434783,0.110928453197365,0.909788797061524,NA,NA,NA,NA,NA,NA,NA,NA,NA,NA
"lulc","XGBoost",1007,NA,NA,NA,NA,NA,NA,NA,NA,NA,"desmoines","cedarrapids","queen",0.861561065197429,0.664625630554888,0.88004910401153,0.962077348066298,0.367173913043478,0.099686062422089,0.906446280991736,NA,NA,NA,NA,NA,NA,NA,NA,NA,NA
"lulc","XGBoost",1008,NA,NA,NA,NA,NA,NA,NA,NA,NA,"desmoines","cedarrapids","queen",0.85050505050505,0.629743334134038,0.880363146769156,0.963182320441989,0.296304347826087,0.108419308203646,0.919338842975207,NA,NA,NA,NA,NA,NA,NA,NA,NA,NA
"lulc","XGBoost",1009,NA,NA,NA,NA,NA,NA,NA,NA,NA,"desmoines","cedarrapids","queen",0.85465564738292,0.615527504203699,0.868591803987509,0.976707182320442,0.254347826086956,0.110869539119935,0.937667584940312,NA,NA,NA,NA,NA,NA,NA,NA,NA,NA
"lulc","XGBoost",1010,NA,NA,NA,NA,NA,NA,NA,NA,NA,"desmoines","cedarrapids","queen",0.845693296602387,0.639577948594763,0.866348186404033,0.95089502762431,0.328260869565217,0.113081051368314,0.903728191000918,NA,NA,NA,NA,NA,NA,NA,NA,NA,NA
"lulc","XGBoost + lags",1001,NA,NA,NA,NA,NA,NA,NA,NA,NA,"desmoines","cedarrapids","queen",0.870964187327824,0.712715229401874,0.896352740811916,0.951734806629834,0.473695652173913,0.0964468413900081,0.879853076216713,NA,NA,NA,NA,NA,NA,NA,NA,NA,NA
"lulc","XGBoost + lags",1002,NA,NA,NA,NA,NA,NA,NA,NA,NA,"desmoines","cedarrapids","queen",0.871184573002755,0.735449435503243,0.887965717030989,0.94046408839779,0.530434782608696,0.0973310002416064,0.860899908172635,NA,NA,NA,NA,NA,NA,NA,NA,NA,NA
"lulc","XGBoost + lags",1003,NA,NA,NA,NA,NA,NA,NA,NA,NA,"desmoines","cedarrapids","queen",0.855353535353535,0.69215205380735,0.873602397309628,0.938651933701657,0.445652173913043,0.106171160011999,0.873719008264463,NA,NA,NA,NA,NA,NA,NA,NA,NA,NA
"lulc","XGBoost + lags",1004,NA,NA,NA,NA,NA,NA,NA,NA,NA,"desmoines","cedarrapids","queen",0.878383838383838,0.737356233485467,0.899380514052366,0.950364640883978,0.524347826086957,0.0892957908565546,0.870156106519743,NA,NA,NA,NA,NA,NA,NA,NA,NA,NA
"lulc","XGBoost + lags",1005,NA,NA,NA,NA,NA,NA,NA,NA,NA,"desmoines","cedarrapids","queen",0.864830119375574,0.689367283209224,0.887471659860679,0.954386740331492,0.424347826086957,0.0985212416070204,0.890394857667585,NA,NA,NA,NA,NA,NA,NA,NA,NA,NA
"lulc","XGBoost + lags",1006,NA,NA,NA,NA,NA,NA,NA,NA,NA,"desmoines","cedarrapids","queen",0.861524334251607,0.67819913523901,0.880519774201298,0.955093922651934,0.401304347826087,0.104925419042089,0.894876033057851,NA,NA,NA,NA,NA,NA,NA,NA,NA,NA
"lulc","XGBoost + lags",1007,NA,NA,NA,NA,NA,NA,NA,NA,NA,"desmoines","cedarrapids","queen",0.865160697887971,0.694675354311794,0.890763742493397,0.95217679558011,0.437173913043478,0.0966700422570946,0.886391184573003,NA,NA,NA,NA,NA,NA,NA,NA,NA,NA
"lulc","XGBoost + lags",1008,NA,NA,NA,NA,NA,NA,NA,NA,NA,"desmoines","cedarrapids","queen",0.855977961432507,0.69694415085275,0.884656968532306,0.937149171270718,0.456739130434783,0.102548808956206,0.870596877869605,NA,NA,NA,NA,NA,NA,NA,NA,NA,NA
"lulc","XGBoost + lags",1009,NA,NA,NA,NA,NA,NA,NA,NA,NA,"desmoines","cedarrapids","queen",0.878714416896235,0.723872928176795,0.897597732404515,0.957745856353591,0.49,0.0890810104138854,0.882093663911846,NA,NA,NA,NA,NA,NA,NA,NA,NA,NA
"lulc","XGBoost + lags",1010,NA,NA,NA,NA,NA,NA,NA,NA,NA,"desmoines","cedarrapids","queen",0.856014692378329,0.668995676195052,0.874731876050925,0.951469613259669,0.386521739130435,0.110563469049123,0.894361799816345,NA,NA,NA,NA,NA,NA,NA,NA,NA,NA
"lulc","GraphSAGE",1001,NA,NA,NA,NA,NA,NA,NA,NA,NA,"desmoines","cedarrapids","queen",0.830743801652893,0.767232284410281,0.886216776363203,0.863160220994475,0.671304347826087,0.125948842268738,0.772855831037649,NA,NA,NA,NA,NA,NA,NA,NA,NA,NA
"lulc","GraphSAGE",1002,NA,NA,NA,NA,NA,NA,NA,NA,NA,"desmoines","cedarrapids","queen",0.880367309458219,0.859004924333413,0.935896031707898,0.891270718232044,0.826739130434783,0.0890784504416223,0.769954086317723,NA,NA,NA,NA,NA,NA,NA,NA,NA,NA
"lulc","GraphSAGE",1003,NA,NA,NA,NA,NA,NA,NA,NA,NA,"desmoines","cedarrapids","queen",0.865160697887971,0.875748018256065,0.946458135959644,0.859756906077348,0.891739130434783,0.0960907652139059,0.732782369146005,NA,NA,NA,NA,NA,NA,NA,NA,NA,NA
"lulc","GraphSAGE",1004,NA,NA,NA,NA,NA,NA,NA,NA,NA,"desmoines","cedarrapids","queen",0.84415059687787,0.85072387701177,0.926783214028349,0.840795580110497,0.860652173913043,0.110184110475495,0.722277318640955,NA,NA,NA,NA,NA,NA,NA,NA,NA,NA
"lulc","GraphSAGE",1005,NA,NA,NA,NA,NA,NA,NA,NA,NA,"desmoines","cedarrapids","queen",0.809329660238751,0.731660100888782,0.832450401153012,0.848972375690608,0.614347826086956,0.15334985866096,0.77068870523416,NA,NA,NA,NA,NA,NA,NA,NA,NA,NA
"lulc","GraphSAGE",1006,NA,NA,NA,NA,NA,NA,NA,NA,NA,"desmoines","cedarrapids","queen",0.859834710743802,0.880423852990632,0.938001743934662,0.849325966850829,0.911521739130435,0.106542736029214,0.720771349862259,NA,NA,NA,NA,NA,NA,NA,NA,NA,NA
"lulc","GraphSAGE",1007,NA,NA,NA,NA,NA,NA,NA,NA,NA,"desmoines","cedarrapids","queen",0.870266299357208,0.85743057890944,0.940419961566182,0.876817679558011,0.83804347826087,0.0918633951685905,0.75603305785124,NA,NA,NA,NA,NA,NA,NA,NA,NA,NA
"lulc","GraphSAGE",1008,NA,NA,NA,NA,NA,NA,NA,NA,NA,"desmoines","cedarrapids","queen",0.850431588613407,0.869051044919529,0.93849104972376,0.84092817679558,0.897173913043478,0.111988801021145,0.716216712580349,NA,NA,NA,NA,NA,NA,NA,NA,NA,NA
"lulc","GraphSAGE",1009,NA,NA,NA,NA,NA,NA,NA,NA,NA,"desmoines","cedarrapids","queen",0.869531680440771,0.866514172471775,0.935712846504925,0.87107182320442,0.86195652173913,0.0949540057919432,0.747217630853995,NA,NA,NA,NA,NA,NA,NA,NA,NA,NA
"lulc","GraphSAGE",1010,NA,NA,NA,NA,NA,NA,NA,NA,NA,"desmoines","cedarrapids","queen",0.84198347107438,0.807334254143646,0.91067559452318,0.859668508287293,0.755,0.119374393170561,0.755812672176309,NA,NA,NA,NA,NA,NA,NA,NA,NA,NA
"lulc","GraphSAGE + LayerNorm",1001,NA,NA,NA,NA,NA,NA,NA,NA,NA,"desmoines","cedarrapids","queen",0.89564738292011,0.840487509007927,0.948538342541437,0.923801104972376,0.757173913043478,0.0703575692044514,0.808741965105601,NA,NA,NA,NA,NA,NA,NA,NA,NA,NA
"lulc","GraphSAGE + LayerNorm",1002,NA,NA,NA,NA,NA,NA,NA,NA,NA,"desmoines","cedarrapids","queen",0.894104683195592,0.849864280566899,0.945295762671152,0.916685082872928,0.78304347826087,0.0735621031047177,0.798457300275482,NA,NA,NA,NA,NA,NA,NA,NA,NA,NA
"lulc","GraphSAGE + LayerNorm",1003,NA,NA,NA,NA,NA,NA,NA,NA,NA,"desmoines","cedarrapids","queen",0.861928374655647,0.869646649051165,0.936094460725441,0.857988950276243,0.881304347826087,0.0942715871053566,0.73307621671258,NA,NA,NA,NA,NA,NA,NA,NA,NA,NA
"lulc","GraphSAGE + LayerNorm",1004,NA,NA,NA,NA,NA,NA,NA,NA,NA,"desmoines","cedarrapids","queen",0.822736455463728,0.725957602690368,0.874591371607014,0.872132596685083,0.579782608695652,0.122706082181718,0.795775941230487,NA,NA,NA,NA,NA,NA,NA,NA,NA,NA
"lulc","GraphSAGE + LayerNorm",1005,NA,NA,NA,NA,NA,NA,NA,NA,NA,"desmoines","cedarrapids","queen",0.863434343434343,0.825695892385299,0.919146019697332,0.882696132596685,0.768695652173913,0.0973890810102272,0.772635445362718,NA,NA,NA,NA,NA,NA,NA,NA,NA,NA
"lulc","GraphSAGE + LayerNorm",1006,NA,NA,NA,NA,NA,NA,NA,NA,NA,"desmoines","cedarrapids","queen",0.897079889807163,0.881270237809272,0.955121056930097,0.905149171270718,0.857391304347826,0.0698978074872638,0.776308539944904,NA,NA,NA,NA,NA,NA,NA,NA,NA,NA
"lulc","GraphSAGE + LayerNorm",1007,NA,NA,NA,NA,NA,NA,NA,NA,NA,"desmoines","cedarrapids","queen",0.877355371900826,0.797268196012491,0.929674624069176,0.918232044198895,0.676304347826087,0.0793808139388323,0.817777777777778,NA,NA,NA,NA,NA,NA,NA,NA,NA,NA
"lulc","GraphSAGE + LayerNorm",1008,NA,NA,NA,NA,NA,NA,NA,NA,NA,"desmoines","cedarrapids","queen",0.863654729109275,0.829032548642806,0.92785797742013,0.881325966850829,0.776739130434783,0.093930803551963,0.770137741046832,NA,NA,NA,NA,NA,NA,NA,NA,NA,NA
"lulc","GraphSAGE + LayerNorm",1009,NA,NA,NA,NA,NA,NA,NA,NA,NA,"desmoines","cedarrapids","queen",0.838126721763085,0.801549963968292,0.899022627912567,0.856795580110497,0.746304347826087,0.113409066256254,0.754894398530762,NA,NA,NA,NA,NA,NA,NA,NA,NA,NA
"lulc","GraphSAGE + LayerNorm",1010,NA,NA,NA,NA,NA,NA,NA,NA,NA,"desmoines","cedarrapids","queen",0.870964187327824,0.854992793658419,0.936016238289693,0.879116022099448,0.830869565217391,0.0882925019600473,0.759155188246097,NA,NA,NA,NA,NA,NA,NA,NA,NA,NA
"lulc","GraphSAGE + LayerNorm",1001,NA,NA,NA,NA,NA,NA,NA,NA,NA,"desmoines","cedarrapids","queen2",0.867584940312213,0.875734446312755,0.942963531107375,0.863425414364641,0.88804347826087,0.0899247452746519,0.736455463728191,NA,NA,NA,NA,NA,NA,NA,NA,NA,NA
"lulc","GraphSAGE + LayerNorm",1002,NA,NA,NA,NA,NA,NA,NA,NA,NA,"desmoines","cedarrapids","queen2",0.86137741046832,0.848272279606053,0.932502157098244,0.868066298342541,0.828478260869565,0.0930660955623039,0.750376492194674,NA,NA,NA,NA,NA,NA,NA,NA,NA,NA
"lulc","GraphSAGE + LayerNorm",1003,NA,NA,NA,NA,NA,NA,NA,NA,NA,"desmoines","cedarrapids","queen2",0.84752984389348,0.889820201777564,0.934850478020658,0.825944751381215,0.953695652173913,0.118873096459605,0.694214876033058,NA,NA,NA,NA,NA,NA,NA,NA,NA,NA
"lulc","GraphSAGE + LayerNorm",1004,NA,NA,NA,NA,NA,NA,NA,NA,NA,"desmoines","cedarrapids","queen2",0.832580348943985,0.828954600048042,0.902822430939227,0.834430939226519,0.823478260869565,0.119854708581246,0.723269054178145,NA,NA,NA,NA,NA,NA,NA,NA,NA,NA
"lulc","GraphSAGE + LayerNorm",1005,NA,NA,NA,NA,NA,NA,NA,NA,NA,"desmoines","cedarrapids","queen2",0.83544536271809,0.826868123949075,0.902607638722075,0.83982320441989,0.813913043478261,0.126522812237129,0.729366391184573,NA,NA,NA,NA,NA,NA,NA,NA,NA,NA
"lulc","XGBoost + lags",1001,NA,NA,NA,NA,NA,NA,NA,NA,NA,"desmoines","cedarrapids","queen2",0.870229568411387,0.737039754984386,0.898689445111698,0.938209944751381,0.535869565217391,0.0956174359522052,0.858108356290174,NA,NA,NA,NA,NA,NA,NA,NA,NA,NA
"lulc","XGBoost + lags",1002,NA,NA,NA,NA,NA,NA,NA,NA,NA,"desmoines","cedarrapids","queen2",0.854214876033058,0.6891288734086,0.885037914965169,0.938475138121547,0.439782608695652,0.103864456218166,0.874563820018366,NA,NA,NA,NA,NA,NA,NA,NA,NA,NA
"lulc","XGBoost + lags",1003,NA,NA,NA,NA,NA,NA,NA,NA,NA,"desmoines","cedarrapids","queen2",0.855537190082645,0.691223396588998,0.890962920970457,0.939403314917127,0.44304347826087,0.103984831288017,0.874784205693297,NA,NA,NA,NA,NA,NA,NA,NA,NA,NA
"lulc","XGBoost + lags",1004,NA,NA,NA,NA,NA,NA,NA,NA,NA,"desmoines","cedarrapids","queen2",0.869017447199265,0.714228441028105,0.900406605813113,0.948022099447514,0.480434782608696,0.0957642683101075,0.875629017447199,NA,NA,NA,NA,NA,NA,NA,NA,NA,NA
"lulc","XGBoost + lags",1005,NA,NA,NA,NA,NA,NA,NA,NA,NA,"desmoines","cedarrapids","queen2",0.859283746556474,0.689407518616382,0.880917963007448,0.945988950276243,0.432826086956522,0.104805439641223,0.88198347107438,NA,NA,NA,NA,NA,NA,NA,NA,NA,NA
"lulc","GraphSAGE + LayerNorm",1001,NA,NA,NA,NA,NA,NA,NA,NA,NA,"desmoines","cedarrapids","knn30",0.84653810835629,0.856403555128513,0.931005962046599,0.841502762430939,0.871304347826087,0.105129237860342,0.721065197428834,NA,NA,NA,NA,NA,NA,NA,NA,NA,NA
"lulc","GraphSAGE + LayerNorm",1002,NA,NA,NA,NA,NA,NA,NA,NA,NA,"desmoines","cedarrapids","knn30",0.867621671258035,0.856099207302426,0.934270795099687,0.873502762430939,0.838695652173913,0.0901319984203309,0.753168044077135,NA,NA,NA,NA,NA,NA,NA,NA,NA,NA
"lulc","GraphSAGE + LayerNorm",1003,NA,NA,NA,NA,NA,NA,NA,NA,NA,"desmoines","cedarrapids","knn30",0.881065197428834,0.89752714388662,0.958254177276001,0.872662983425414,0.922391304347826,0.083122273947197,0.738328741965106,NA,NA,NA,NA,NA,NA,NA,NA,NA,NA
"lulc","GraphSAGE + LayerNorm",1004,NA,NA,NA,NA,NA,NA,NA,NA,NA,"desmoines","cedarrapids","knn30",0.850651974288338,0.864247657938986,0.934820711025701,0.84371270718232,0.884782608695652,0.101518842626866,0.720624426078971,NA,NA,NA,NA,NA,NA,NA,NA,NA,NA
"lulc","GraphSAGE + LayerNorm",1005,NA,NA,NA,NA,NA,NA,NA,NA,NA,"desmoines","cedarrapids","knn30",0.82020202020202,0.837267595484026,0.908901767955802,0.811491712707182,0.86304347826087,0.13312057339652,0.697520661157025,NA,NA,NA,NA,NA,NA,NA,NA,NA,NA
"lulc","XGBoost + lags",1001,NA,NA,NA,NA,NA,NA,NA,NA,NA,"desmoines","cedarrapids","knn30",0.871331496786042,0.71103110737449,0.892023151573387,0.953149171270718,0.468913043478261,0.0975314804261598,0.881836547291093,NA,NA,NA,NA,NA,NA,NA,NA,NA,NA
"lulc","XGBoost + lags",1002,NA,NA,NA,NA,NA,NA,NA,NA,NA,"desmoines","cedarrapids","knn30",0.867364554637282,0.709683521498919,0.888887148690848,0.947845303867403,0.471521739130435,0.102129881017887,0.876988062442608,NA,NA,NA,NA,NA,NA,NA,NA,NA,NA
"lulc","XGBoost + lags",1003,NA,NA,NA,NA,NA,NA,NA,NA,NA,"desmoines","cedarrapids","knn30",0.860863177226814,0.686027984626471,0.877775138121548,0.950099447513812,0.42195652173913,0.105094026912155,0.887235996326905,NA,NA,NA,NA,NA,NA,NA,NA,NA,NA
"lulc","XGBoost + lags",1004,NA,NA,NA,NA,NA,NA,NA,NA,NA,"desmoines","cedarrapids","knn30",0.876694214876033,0.742141604612059,0.905854499159263,0.945370165745856,0.538913043478261,0.093173783192888,0.863544536271809,NA,NA,NA,NA,NA,NA,NA,NA,NA,NA
"lulc","XGBoost + lags",1005,NA,NA,NA,NA,NA,NA,NA,NA,NA,"desmoines","cedarrapids","knn30",0.864977043158861,0.705389382656738,0.892266644246941,0.946430939226519,0.464347826086957,0.102045563260436,0.87702479338843,NA,NA,NA,NA,NA,NA,NA,NA,NA,NA
"trees-rev","OLS",1001,0.547006283666862,0.689176667124598,0.332287422943911,0.0668208219531498,1.07803476106624,NA,0.324193229067535,"uniform",1,"brooklyn","queens",NA,NA,NA,NA,NA,NA,NA,NA,NA,NA,NA,NA,NA,NA,NA,NA,NA,NA
"trees-rev","XGBoost",1001,0.538499114194829,0.683949159651567,0.341833467187119,0.0634673243940585,1.07576359459612,NA,0.334406536521955,"uniform",1,"brooklyn","queens",NA,NA,NA,NA,NA,NA,NA,NA,NA,NA,NA,NA,NA,NA,NA,NA,NA,NA
"trees-rev","XGBoost",1002,0.539123548078586,0.684054205316705,0.341564256896193,0.0620325127159992,1.08029541932105,NA,0.334202067881815,"uniform",1,"brooklyn","queens",NA,NA,NA,NA,NA,NA,NA,NA,NA,NA,NA,NA,NA,NA,NA,NA,NA,NA
"trees-rev","XGBoost",1003,0.538714775443217,0.684343262054815,0.341431846874899,0.0640941656588771,1.0816918290789,NA,0.333639264411108,"uniform",1,"brooklyn","queens",NA,NA,NA,NA,NA,NA,NA,NA,NA,NA,NA,NA,NA,NA,NA,NA,NA,NA
"trees-rev","XGBoost",1004,0.541139112839216,0.685769959880474,0.340076581977768,0.065944051377215,1.1042520964112,NA,0.330857951419067,"uniform",1,"brooklyn","queens",NA,NA,NA,NA,NA,NA,NA,NA,NA,NA,NA,NA,NA,NA,NA,NA,NA,NA
"trees-rev","XGBoost",1005,0.538592840515716,0.683710944848014,0.342257916446529,0.0609912242919957,1.08487575370318,NA,0.334870099060888,"uniform",1,"brooklyn","queens",NA,NA,NA,NA,NA,NA,NA,NA,NA,NA,NA,NA,NA,NA,NA,NA,NA,NA
"trees-rev","XGBoost",1006,0.538844005950144,0.683071010654172,0.343444980772047,0.0573215038853333,1.09640328099686,NA,0.336114602098112,"uniform",1,"brooklyn","queens",NA,NA,NA,NA,NA,NA,NA,NA,NA,NA,NA,NA,NA,NA,NA,NA,NA,NA
"trees-rev","XGBoost",1007,0.539465198037463,0.684364737301739,0.340333365462194,0.0603143344727535,1.07261558908341,NA,0.333597441873602,"uniform",1,"brooklyn","queens",NA,NA,NA,NA,NA,NA,NA,NA,NA,NA,NA,NA,NA,NA,NA,NA,NA,NA
"trees-rev","XGBoost",1008,0.538785392951245,0.683899075644237,0.342241185105215,0.0642638321023062,1.07961121585893,NA,0.334504012677559,"uniform",1,"brooklyn","queens",NA,NA,NA,NA,NA,NA,NA,NA,NA,NA,NA,NA,NA,NA,NA,NA,NA,NA
"trees-rev","XGBoost",1009,0.539993170797678,0.684502555111556,0.34183477185629,0.0625767133374895,1.1021057721361,NA,0.333329013698915,"uniform",1,"brooklyn","queens",NA,NA,NA,NA,NA,NA,NA,NA,NA,NA,NA,NA,NA,NA,NA,NA,NA,NA
"trees-rev","XGBoost",1010,0.539892842751709,0.685424901610965,0.33910425174296,0.06370934999792,1.07853194684555,NA,0.331531165242154,"uniform",1,"brooklyn","queens",NA,NA,NA,NA,NA,NA,NA,NA,NA,NA,NA,NA,NA,NA,NA,NA,NA,NA
"trees-rev","XGBoost + lags",1001,0.583402744693496,0.739479723586203,0.244503057845291,0.0718491696495501,0.800325383083002,NA,0.221938460541565,"uniform",1,"brooklyn","queens",NA,NA,NA,NA,NA,NA,NA,NA,NA,NA,NA,NA,NA,NA,NA,NA,NA,NA
"trees-rev","XGBoost + lags",1002,0.592878010482504,0.755370099440249,0.224025220819599,0.0924108595155632,0.75443803767408,NA,0.188140293991022,"uniform",1,"brooklyn","queens",NA,NA,NA,NA,NA,NA,NA,NA,NA,NA,NA,NA,NA,NA,NA,NA,NA,NA
"trees-rev","XGBoost + lags",1003,0.595728595875636,0.756537604031307,0.222099473754336,0.0904231705021691,0.749396472977207,NA,0.185628724004189,"uniform",1,"brooklyn","queens",NA,NA,NA,NA,NA,NA,NA,NA,NA,NA,NA,NA,NA,NA,NA,NA,NA,NA
"trees-rev","XGBoost + lags",1004,0.589776471777564,0.749094596398768,0.232217262001424,0.0892521681372587,0.776181650488342,NA,0.201573879776815,"uniform",1,"brooklyn","queens",NA,NA,NA,NA,NA,NA,NA,NA,NA,NA,NA,NA,NA,NA,NA,NA,NA,NA
"trees-rev","XGBoost + lags",1005,0.579320107190138,0.735779291809813,0.250335466053079,0.0808414304179077,0.824573446850161,NA,0.229705975293045,"uniform",1,"brooklyn","queens",NA,NA,NA,NA,NA,NA,NA,NA,NA,NA,NA,NA,NA,NA,NA,NA,NA,NA
"trees-rev","XGBoost + lags",1006,0.589688111667045,0.750661972224899,0.232405601370773,0.0837666182824936,0.756064358063282,NA,0.198229193989365,"uniform",1,"brooklyn","queens",NA,NA,NA,NA,NA,NA,NA,NA,NA,NA,NA,NA,NA,NA,NA,NA,NA,NA
"trees-rev","XGBoost + lags",1007,0.58430730350993,0.744957233266639,0.241835181187937,0.096241789415074,0.784322870536361,NA,0.210369180872809,"uniform",1,"brooklyn","queens",NA,NA,NA,NA,NA,NA,NA,NA,NA,NA,NA,NA,NA,NA,NA,NA,NA,NA
"trees-rev","XGBoost + lags",1008,0.591721157494852,0.751904456050986,0.227210098489768,0.0874758324974782,0.767932928169461,NA,0.195572840711097,"uniform",1,"brooklyn","queens",NA,NA,NA,NA,NA,NA,NA,NA,NA,NA,NA,NA,NA,NA,NA,NA,NA,NA
"trees-rev","XGBoost + lags",1009,0.583777019194526,0.743129088871689,0.243507691404579,0.0830773538722102,0.779665524993563,NA,0.214239974593188,"uniform",1,"brooklyn","queens",NA,NA,NA,NA,NA,NA,NA,NA,NA,NA,NA,NA,NA,NA,NA,NA,NA,NA
"trees-rev","XGBoost + lags",1010,0.586130294333175,0.745813834543716,0.237535567392776,0.0924717646823754,0.789842961768046,NA,0.208552196965655,"uniform",1,"brooklyn","queens",NA,NA,NA,NA,NA,NA,NA,NA,NA,NA,NA,NA,NA,NA,NA,NA,NA,NA
"trees-rev","GraphSAGE",1001,0.577607072861059,0.764292030103712,0.241969250384092,0.188709775580848,0.766516847309855,NA,0.168848736462892,"uniform",1,"brooklyn","queens",NA,NA,NA,NA,NA,NA,NA,NA,NA,NA,NA,NA,NA,NA,NA,NA,NA,NA
"trees-rev","GraphSAGE",1002,0.584552518655392,0.770691702942479,0.235622065099631,0.199918132424392,0.75851095481755,NA,0.154871447045876,"uniform",1,"brooklyn","queens",NA,NA,NA,NA,NA,NA,NA,NA,NA,NA,NA,NA,NA,NA,NA,NA,NA,NA
"trees-rev","GraphSAGE",1003,0.564954332998723,0.739763615275795,0.280589383341254,0.189055477433019,0.852552733343665,NA,0.221340938803724,"uniform",1,"brooklyn","queens",NA,NA,NA,NA,NA,NA,NA,NA,NA,NA,NA,NA,NA,NA,NA,NA,NA,NA
"trees-rev","GraphSAGE",1004,0.573407644645761,0.754046547226852,0.262831204697314,0.193239299849347,0.789355519997357,NA,0.190982866958788,"uniform",1,"brooklyn","queens",NA,NA,NA,NA,NA,NA,NA,NA,NA,NA,NA,NA,NA,NA,NA,NA,NA,NA
"trees-rev","GraphSAGE",1005,0.575310596735699,0.755566234988395,0.2476637942287,0.158266461391151,0.761458838042559,NA,0.18771863255224,"uniform",1,"brooklyn","queens",NA,NA,NA,NA,NA,NA,NA,NA,NA,NA,NA,NA,NA,NA,NA,NA,NA,NA
"trees-rev","GraphSAGE",1006,0.568390203527477,0.748166625813108,0.260458664223309,0.159994034799636,0.780976431341722,NA,0.20355081843974,"uniform",1,"brooklyn","queens",NA,NA,NA,NA,NA,NA,NA,NA,NA,NA,NA,NA,NA,NA,NA,NA,NA,NA
"trees-rev","GraphSAGE",1007,0.567062272727154,0.74197148395517,0.274927467281704,0.186618891316113,0.849063952055968,NA,0.216686093902709,"uniform",1,"brooklyn","queens",NA,NA,NA,NA,NA,NA,NA,NA,NA,NA,NA,NA,NA,NA,NA,NA,NA,NA
"trees-rev","GraphSAGE",1008,0.558607076524755,0.734149756372726,0.281504967625298,0.165451176371278,0.845211019822132,NA,0.233114147962397,"uniform",1,"brooklyn","queens",NA,NA,NA,NA,NA,NA,NA,NA,NA,NA,NA,NA,NA,NA,NA,NA,NA,NA
"trees-rev","GraphSAGE",1009,0.569299419100259,0.744910217612676,0.263992111131827,0.174542445468679,0.835888975022265,NA,0.210468847903826,"uniform",1,"brooklyn","queens",NA,NA,NA,NA,NA,NA,NA,NA,NA,NA,NA,NA,NA,NA,NA,NA,NA,NA
"trees-rev","GraphSAGE",1010,0.583835320574534,0.758418620373637,0.242522291543038,0.131098222229482,0.720506168213367,NA,0.181574067574655,"uniform",1,"brooklyn","queens",NA,NA,NA,NA,NA,NA,NA,NA,NA,NA,NA,NA,NA,NA,NA,NA,NA,NA
"trees-rev","GraphSAGE + LayerNorm",1001,0.55679152545573,0.733338046661652,0.279001022237698,0.162749315905982,0.867539493968952,NA,0.234809018966383,"uniform",1,"brooklyn","queens",NA,NA,NA,NA,NA,NA,NA,NA,NA,NA,NA,NA,NA,NA,NA,NA,NA,NA
"trees-rev","GraphSAGE + LayerNorm",1002,0.563583681726312,0.738476181745652,0.263340920333039,0.159438840505052,0.901809040972113,NA,0.224048829397164,"uniform",1,"brooklyn","queens",NA,NA,NA,NA,NA,NA,NA,NA,NA,NA,NA,NA,NA,NA,NA,NA,NA,NA
"trees-rev","GraphSAGE + LayerNorm",1003,0.563824432678677,0.743795720473395,0.26820158831921,0.186935581202321,0.873250459305622,NA,0.212829594033946,"uniform",1,"brooklyn","queens",NA,NA,NA,NA,NA,NA,NA,NA,NA,NA,NA,NA,NA,NA,NA,NA,NA,NA
"trees-rev","GraphSAGE + LayerNorm",1004,0.559646465697216,0.737312496238552,0.279207878222385,0.184862871278972,0.892031409604263,NA,0.226492379270036,"uniform",1,"brooklyn","queens",NA,NA,NA,NA,NA,NA,NA,NA,NA,NA,NA,NA,NA,NA,NA,NA,NA,NA
"trees-rev","GraphSAGE + LayerNorm",1005,0.562370506940234,0.740510133697923,0.276300826852254,0.194914314315357,0.913528812312892,NA,0.219768607812429,"uniform",1,"brooklyn","queens",NA,NA,NA,NA,NA,NA,NA,NA,NA,NA,NA,NA,NA,NA,NA,NA,NA,NA
"trees-rev","GraphSAGE + LayerNorm",1006,0.565258386896052,0.748002502975348,0.263599664355994,0.181096505558305,0.818077687296643,NA,0.203900208957806,"uniform",1,"brooklyn","queens",NA,NA,NA,NA,NA,NA,NA,NA,NA,NA,NA,NA,NA,NA,NA,NA,NA,NA
"trees-rev","GraphSAGE + LayerNorm",1007,0.560850678070023,0.73975101619509,0.272708580491502,0.174971255847066,0.855498769411373,NA,0.221367461613472,"uniform",1,"brooklyn","queens",NA,NA,NA,NA,NA,NA,NA,NA,NA,NA,NA,NA,NA,NA,NA,NA,NA,NA
"trees-rev","GraphSAGE + LayerNorm",1008,0.556451060321255,0.728949195241931,0.297225077704004,0.192909805168511,0.96756499082083,NA,0.24394057896729,"uniform",1,"brooklyn","queens",NA,NA,NA,NA,NA,NA,NA,NA,NA,NA,NA,NA,NA,NA,NA,NA,NA,NA
"trees-rev","GraphSAGE + LayerNorm",1009,0.568406356531445,0.747537725673146,0.253066143976526,0.159719302003495,0.821921450964278,NA,0.204889227464137,"uniform",1,"brooklyn","queens",NA,NA,NA,NA,NA,NA,NA,NA,NA,NA,NA,NA,NA,NA,NA,NA,NA,NA
"trees-rev","GraphSAGE + LayerNorm",1010,0.55131334057769,0.726490307338991,0.293933728174532,0.169887989609615,0.897489460200286,NA,0.249032648157409,"uniform",1,"brooklyn","queens",NA,NA,NA,NA,NA,NA,NA,NA,NA,NA,NA,NA,NA,NA,NA,NA,NA,NA
"trees-rev","GraphSAGE + LayerNorm",1001,0.531947188700838,0.695537805382335,0.334835712654314,0.126404535518513,0.964981245954744,NA,0.311660187675754,"gaussian",0.1,"brooklyn","queens",NA,NA,NA,NA,NA,NA,NA,NA,NA,NA,NA,NA,NA,NA,NA,NA,NA,NA
"trees-rev","GraphSAGE + LayerNorm",1002,0.537472427279198,0.703146631735539,0.317723304765908,0.113943640599698,0.915133072280297,NA,0.296517644412015,"gaussian",0.1,"brooklyn","queens",NA,NA,NA,NA,NA,NA,NA,NA,NA,NA,NA,NA,NA,NA,NA,NA,NA,NA
"trees-rev","GraphSAGE + LayerNorm",1003,0.536032562107205,0.704087150987504,0.319331841409133,0.124639453680665,0.917332830112638,NA,0.294634449162623,"gaussian",0.1,"brooklyn","queens",NA,NA,NA,NA,NA,NA,NA,NA,NA,NA,NA,NA,NA,NA,NA,NA,NA,NA
"trees-rev","GraphSAGE + LayerNorm",1004,0.535349408751003,0.701815537988198,0.322732648597761,0.118018115015328,0.902857777775607,NA,0.29917858195875,"gaussian",0.1,"brooklyn","queens",NA,NA,NA,NA,NA,NA,NA,NA,NA,NA,NA,NA,NA,NA,NA,NA,NA,NA
"trees-rev","GraphSAGE + LayerNorm",1005,0.533502023166694,0.700310466197967,0.326826807068046,0.123179850037098,0.911825885946784,NA,0.302181238563105,"gaussian",0.1,"brooklyn","queens",NA,NA,NA,NA,NA,NA,NA,NA,NA,NA,NA,NA,NA,NA,NA,NA,NA,NA
"trees-rev","GraphSAGE + LayerNorm",1001,0.538422983471626,0.707322927732993,0.316488043878207,0.13321247561954,0.909911653440267,NA,0.28813624769945,"gaussian",0.25,"brooklyn","queens",NA,NA,NA,NA,NA,NA,NA,NA,NA,NA,NA,NA,NA,NA,NA,NA,NA,NA
"trees-rev","GraphSAGE + LayerNorm",1002,0.54451127977307,0.719287903265318,0.304058155421602,0.15920652639404,0.895456372877986,NA,0.263848975540845,"gaussian",0.25,"brooklyn","queens",NA,NA,NA,NA,NA,NA,NA,NA,NA,NA,NA,NA,NA,NA,NA,NA,NA,NA
"trees-rev","GraphSAGE + LayerNorm",1003,0.542466058136913,0.715072296781365,0.303641818435269,0.142099228181094,0.917444369905029,NA,0.272452565373288,"gaussian",0.25,"brooklyn","queens",NA,NA,NA,NA,NA,NA,NA,NA,NA,NA,NA,NA,NA,NA,NA,NA,NA,NA
"trees-rev","GraphSAGE + LayerNorm",1004,0.539194250833319,0.70823504424276,0.316582004284848,0.141991264266521,0.933706314857273,NA,0.286299119834825,"gaussian",0.25,"brooklyn","queens",NA,NA,NA,NA,NA,NA,NA,NA,NA,NA,NA,NA,NA,NA,NA,NA,NA,NA
"trees-rev","GraphSAGE + LayerNorm",1005,0.54011187557014,0.713994379133262,0.305526339971902,0.130190351599083,0.870469986010847,NA,0.274644358104219,"gaussian",0.25,"brooklyn","queens",NA,NA,NA,NA,NA,NA,NA,NA,NA,NA,NA,NA,NA,NA,NA,NA,NA,NA
"trees-rev","GraphSAGE + LayerNorm",1001,0.550214520891622,0.723992233827834,0.290446225226401,0.145789321341664,0.874188714148014,NA,0.254188247121271,"gaussian",0.5,"brooklyn","queens",NA,NA,NA,NA,NA,NA,NA,NA,NA,NA,NA,NA,NA,NA,NA,NA,NA,NA
"trees-rev","GraphSAGE + LayerNorm",1002,0.54786762777154,0.722864882592971,0.296863324215994,0.145856007426195,0.844374187690611,NA,0.256509092979993,"gaussian",0.5,"brooklyn","queens",NA,NA,NA,NA,NA,NA,NA,NA,NA,NA,NA,NA,NA,NA,NA,NA,NA,NA
"trees-rev","GraphSAGE + LayerNorm",1003,0.559673672474106,0.740264725180255,0.268799320896966,0.11958758471042,0.755458674219077,NA,0.220285666776934,"gaussian",0.5,"brooklyn","queens",NA,NA,NA,NA,NA,NA,NA,NA,NA,NA,NA,NA,NA,NA,NA,NA,NA,NA
"trees-rev","GraphSAGE + LayerNorm",1004,0.545961436555011,0.721819090095934,0.293690676851663,0.134580163113028,0.849199893936956,NA,0.258658802521857,"gaussian",0.5,"brooklyn","queens",NA,NA,NA,NA,NA,NA,NA,NA,NA,NA,NA,NA,NA,NA,NA,NA,NA,NA
"trees-rev","GraphSAGE + LayerNorm",1005,0.551644439059986,0.731183555137969,0.286161140447877,0.15669751258392,0.830466171364249,NA,0.239298560353161,"gaussian",0.5,"brooklyn","queens",NA,NA,NA,NA,NA,NA,NA,NA,NA,NA,NA,NA,NA,NA,NA,NA,NA,NA
"trees-rev","GraphSAGE + LayerNorm",1001,0.557208193836091,0.735647702948026,0.279417359703277,0.17149718289286,0.858523582770777,NA,0.229981473804994,"gaussian",1,"brooklyn","queens",NA,NA,NA,NA,NA,NA,NA,NA,NA,NA,NA,NA,NA,NA,NA,NA,NA,NA
"trees-rev","GraphSAGE + LayerNorm",1002,0.562988210106334,0.741413677990735,0.269825483151921,0.177354062746166,0.859527668335904,NA,0.217863424665484,"gaussian",1,"brooklyn","queens",NA,NA,NA,NA,NA,NA,NA,NA,NA,NA,NA,NA,NA,NA,NA,NA,NA,NA
"trees-rev","GraphSAGE + LayerNorm",1003,0.555447124900053,0.73342631799133,0.285412502095317,0.179222673433574,0.88224630501994,NA,0.234624796994546,"gaussian",1,"brooklyn","queens",NA,NA,NA,NA,NA,NA,NA,NA,NA,NA,NA,NA,NA,NA,NA,NA,NA,NA
"trees-rev","GraphSAGE + LayerNorm",1004,0.558150012120382,0.737107234637258,0.287374016504122,0.196709464633316,0.879503770383646,NA,0.226922995361157,"gaussian",1,"brooklyn","queens",NA,NA,NA,NA,NA,NA,NA,NA,NA,NA,NA,NA,NA,NA,NA,NA,NA,NA
"trees-rev","GraphSAGE + LayerNorm",1005,0.562149799116447,0.745219769789446,0.27049967948527,0.191429214712605,0.849077493872759,NA,0.209812522182438,"gaussian",1,"brooklyn","queens",NA,NA,NA,NA,NA,NA,NA,NA,NA,NA,NA,NA,NA,NA,NA,NA,NA,NA
"trees-rev","GraphSAGE + LayerNorm",1001,0.559338252148109,0.736924997464835,0.277288174470288,0.178895973554329,0.887605055161861,NA,0.22730520827474,"gaussian",2,"brooklyn","queens",NA,NA,NA,NA,NA,NA,NA,NA,NA,NA,NA,NA,NA,NA,NA,NA,NA,NA
"trees-rev","GraphSAGE + LayerNorm",1002,0.560993428189369,0.737676326702914,0.26899533056143,0.164204152953068,0.881061867724697,NA,0.225728808670854,"gaussian",2,"brooklyn","queens",NA,NA,NA,NA,NA,NA,NA,NA,NA,NA,NA,NA,NA,NA,NA,NA,NA,NA
"trees-rev","GraphSAGE + LayerNorm",1003,0.565632215291283,0.747952538259399,0.269967161970956,0.212432626476438,0.925478280799503,NA,0.204006560397185,"gaussian",2,"brooklyn","queens",NA,NA,NA,NA,NA,NA,NA,NA,NA,NA,NA,NA,NA,NA,NA,NA,NA,NA
"trees-rev","GraphSAGE + LayerNorm",1004,0.552818401086415,0.727220088322157,0.291684499531943,0.171821186364444,0.920849039731944,NA,0.247523152576121,"gaussian",2,"brooklyn","queens",NA,NA,NA,NA,NA,NA,NA,NA,NA,NA,NA,NA,NA,NA,NA,NA,NA,NA
"trees-rev","GraphSAGE + LayerNorm",1005,0.564297578472552,0.741794638876212,0.265231821645007,0.171185022466891,0.864854683277249,NA,0.217059447068382,"gaussian",2,"brooklyn","queens",NA,NA,NA,NA,NA,NA,NA,NA,NA,NA,NA,NA,NA,NA,NA,NA,NA,NA
"nyc311-rev","OLS",1001,0.650959381050839,0.859817848311957,0.496776529683444,-0.0273228270322798,0.887450622272196,NA,0.488269558301542,"uniform",1,"brooklyn","queens",NA,NA,NA,NA,NA,NA,NA,NA,NA,NA,NA,NA,NA,NA,NA,NA,NA,NA
"nyc311-rev","XGBoost",1001,0.6424658112246,0.854192174954853,0.504059866824303,-0.0276051337852598,0.884539974848262,NA,0.494944019463101,"uniform",1,"brooklyn","queens",NA,NA,NA,NA,NA,NA,NA,NA,NA,NA,NA,NA,NA,NA,NA,NA,NA,NA
"nyc311-rev","XGBoost",1002,0.641436013650361,0.853868548723386,0.503650811355187,-0.0254485904693128,0.888849148394673,NA,0.495326646243285,"uniform",1,"brooklyn","queens",NA,NA,NA,NA,NA,NA,NA,NA,NA,NA,NA,NA,NA,NA,NA,NA,NA,NA
"nyc311-rev","XGBoost",1003,0.639022776700722,0.852189845815228,0.50498547467932,-0.0258563089752467,0.893240569556808,NA,0.497309068092456,"uniform",1,"brooklyn","queens",NA,NA,NA,NA,NA,NA,NA,NA,NA,NA,NA,NA,NA,NA,NA,NA,NA,NA
"nyc311-rev","XGBoost",1004,0.636561343681659,0.849589921516856,0.506594356846518,-0.0254435630648993,0.903534067460097,NA,0.500371683052831,"uniform",1,"brooklyn","queens",NA,NA,NA,NA,NA,NA,NA,NA,NA,NA,NA,NA,NA,NA,NA,NA,NA,NA
"nyc311-rev","XGBoost",1005,0.642824189204065,0.856487921616008,0.500886892491186,-0.0281489406780179,0.887101018980171,NA,0.492225570995699,"uniform",1,"brooklyn","queens",NA,NA,NA,NA,NA,NA,NA,NA,NA,NA,NA,NA,NA,NA,NA,NA,NA,NA
"nyc311-rev","XGBoost",1006,0.641008505025339,0.856386373523215,0.501906302009887,-0.0307508700749501,0.882451875113811,NA,0.492345970750932,"uniform",1,"brooklyn","queens",NA,NA,NA,NA,NA,NA,NA,NA,NA,NA,NA,NA,NA,NA,NA,NA,NA,NA
"nyc311-rev","XGBoost",1007,0.64407599214745,0.858322654594239,0.500830163580516,-0.0283989580989807,0.874983361642342,NA,0.490047774165176,"uniform",1,"brooklyn","queens",NA,NA,NA,NA,NA,NA,NA,NA,NA,NA,NA,NA,NA,NA,NA,NA,NA,NA
"nyc311-rev","XGBoost",1008,0.645618081986749,0.861337769612823,0.497919635268512,-0.0279262527164738,0.871004924990558,NA,0.486458762074207,"uniform",1,"brooklyn","queens",NA,NA,NA,NA,NA,NA,NA,NA,NA,NA,NA,NA,NA,NA,NA,NA,NA,NA
"nyc311-rev","XGBoost",1009,0.639792363674064,0.853935259926143,0.504121338143653,-0.0243821503988595,0.885300625189763,NA,0.495247784733131,"uniform",1,"brooklyn","queens",NA,NA,NA,NA,NA,NA,NA,NA,NA,NA,NA,NA,NA,NA,NA,NA,NA,NA
"nyc311-rev","XGBoost",1010,0.638574672412678,0.851836130611273,0.505174590384111,-0.0214439025510045,0.893813083929875,NA,0.497726281522161,"uniform",1,"brooklyn","queens",NA,NA,NA,NA,NA,NA,NA,NA,NA,NA,NA,NA,NA,NA,NA,NA,NA,NA
"nyc311-rev","XGBoost + lags",1001,0.677732345482515,0.898356724874704,0.45842463142885,0.0244701115084261,0.8399588098588,NA,0.441367771707392,"uniform",1,"brooklyn","queens",NA,NA,NA,NA,NA,NA,NA,NA,NA,NA,NA,NA,NA,NA,NA,NA,NA,NA
"nyc311-rev","XGBoost + lags",1002,0.666719387752148,0.886394920132814,0.469242332346327,0.00437415212597784,0.856911834151828,NA,0.456145335427349,"uniform",1,"brooklyn","queens",NA,NA,NA,NA,NA,NA,NA,NA,NA,NA,NA,NA,NA,NA,NA,NA,NA,NA
"nyc311-rev","XGBoost + lags",1003,0.669279474300475,0.891371690330103,0.467969172187626,0.0160748292271382,0.836917340936405,NA,0.450021116976576,"uniform",1,"brooklyn","queens",NA,NA,NA,NA,NA,NA,NA,NA,NA,NA,NA,NA,NA,NA,NA,NA,NA,NA
"nyc311-rev","XGBoost + lags",1004,0.666216194321615,0.886688069149502,0.4694099249515,0.024161637648181,0.856296193205729,NA,0.455785548113627,"uniform",1,"brooklyn","queens",NA,NA,NA,NA,NA,NA,NA,NA,NA,NA,NA,NA,NA,NA,NA,NA,NA,NA
"nyc311-rev","XGBoost + lags",1005,0.686108828004906,0.898906060659823,0.470081812617111,-0.0141952296193447,0.800333086380171,NA,0.440684367239721,"uniform",1,"brooklyn","queens",NA,NA,NA,NA,NA,NA,NA,NA,NA,NA,NA,NA,NA,NA,NA,NA,NA,NA
"nyc311-rev","XGBoost + lags",1006,0.666017182343188,0.887390883017763,0.47306809751321,0.00449818154189354,0.836278023723526,NA,0.454922486885712,"uniform",1,"brooklyn","queens",NA,NA,NA,NA,NA,NA,NA,NA,NA,NA,NA,NA,NA,NA,NA,NA,NA,NA
"nyc311-rev","XGBoost + lags",1007,0.657659653528401,0.870303258626727,0.485991269614385,0.0162311532169684,0.874022406920554,NA,0.475712431633083,"uniform",1,"brooklyn","queens",NA,NA,NA,NA,NA,NA,NA,NA,NA,NA,NA,NA,NA,NA,NA,NA,NA,NA
"nyc311-rev","XGBoost + lags",1008,0.669427829326589,0.887199184314931,0.469214468122286,-0.00501716244218773,0.852532996925254,NA,0.455157962295487,"uniform",1,"brooklyn","queens",NA,NA,NA,NA,NA,NA,NA,NA,NA,NA,NA,NA,NA,NA,NA,NA,NA,NA
"nyc311-rev","XGBoost + lags",1009,0.662443274686976,0.882281392679391,0.4736854411217,0.0118723931241385,0.860705552752994,NA,0.461181397801709,"uniform",1,"brooklyn","queens",NA,NA,NA,NA,NA,NA,NA,NA,NA,NA,NA,NA,NA,NA,NA,NA,NA,NA
"nyc311-rev","XGBoost + lags",1010,0.651162616606785,0.870116153283522,0.484985038625302,0.0230980693738654,0.882016844584671,NA,0.475937839178261,"uniform",1,"brooklyn","queens",NA,NA,NA,NA,NA,NA,NA,NA,NA,NA,NA,NA,NA,NA,NA,NA,NA,NA
"nyc311-rev","GraphSAGE",1001,0.67070844572493,0.88687449816228,0.484719775178921,-0.0122526299909957,0.803311018942324,NA,0.455556678385025,"uniform",1,"brooklyn","queens",NA,NA,NA,NA,NA,NA,NA,NA,NA,NA,NA,NA,NA,NA,NA,NA,NA,NA
"nyc311-rev","GraphSAGE",1002,0.681336511148985,0.904583675138596,0.474270937478855,-0.00767536815128642,0.773572139186029,NA,0.433596624994193,"uniform",1,"brooklyn","queens",NA,NA,NA,NA,NA,NA,NA,NA,NA,NA,NA,NA,NA,NA,NA,NA,NA,NA
"nyc311-rev","GraphSAGE",1003,0.700715994355709,0.933234433935203,0.445064742145745,0.0014803960859458,0.752949542863748,NA,0.397149187835485,"uniform",1,"brooklyn","queens",NA,NA,NA,NA,NA,NA,NA,NA,NA,NA,NA,NA,NA,NA,NA,NA,NA,NA
"nyc311-rev","GraphSAGE",1004,0.679315336559496,0.911264188936931,0.459949459477849,0.0391165470496713,0.787002196732051,NA,0.425199750427967,"uniform",1,"brooklyn","queens",NA,NA,NA,NA,NA,NA,NA,NA,NA,NA,NA,NA,NA,NA,NA,NA,NA,NA
"nyc311-rev","GraphSAGE",1005,0.674467223667352,0.895505063164122,0.474286413854749,0.00606615938529936,0.800787092894898,NA,0.444908685259531,"uniform",1,"brooklyn","queens",NA,NA,NA,NA,NA,NA,NA,NA,NA,NA,NA,NA,NA,NA,NA,NA,NA,NA
"nyc311-rev","GraphSAGE",1006,0.676089339755663,0.890210799880594,0.486940284027762,-0.0123291282122155,0.787674489414928,NA,0.451452729585704,"uniform",1,"brooklyn","queens",NA,NA,NA,NA,NA,NA,NA,NA,NA,NA,NA,NA,NA,NA,NA,NA,NA,NA
"nyc311-rev","GraphSAGE",1007,0.661568339418496,0.88055554830267,0.489071795575474,0.0117137558091953,0.813545329925352,NA,0.463287318995937,"uniform",1,"brooklyn","queens",NA,NA,NA,NA,NA,NA,NA,NA,NA,NA,NA,NA,NA,NA,NA,NA,NA,NA
"nyc311-rev","GraphSAGE",1008,0.67432133773507,0.894380223031721,0.476093797889373,-0.0180405084475819,0.800511027577418,NA,0.446302305167331,"uniform",1,"brooklyn","queens",NA,NA,NA,NA,NA,NA,NA,NA,NA,NA,NA,NA,NA,NA,NA,NA,NA,NA
"nyc311-rev","GraphSAGE",1009,0.667056911818085,0.887523780303389,0.481834769574746,0.00678032983998384,0.808465942758813,NA,0.454759211044912,"uniform",1,"brooklyn","queens",NA,NA,NA,NA,NA,NA,NA,NA,NA,NA,NA,NA,NA,NA,NA,NA,NA,NA
"nyc311-rev","GraphSAGE",1010,0.687469791600523,0.914106029553975,0.447891048956798,0.0569473920070062,0.811910708113306,NA,0.421609051280924,"uniform",1,"brooklyn","queens",NA,NA,NA,NA,NA,NA,NA,NA,NA,NA,NA,NA,NA,NA,NA,NA,NA,NA
"nyc311-rev","GraphSAGE + LayerNorm",1001,0.676349197095382,0.912664182342831,0.442585063456427,0.0500741812441926,0.834462116821596,NA,0.423432239491044,"uniform",1,"brooklyn","queens",NA,NA,NA,NA,NA,NA,NA,NA,NA,NA,NA,NA,NA,NA,NA,NA,NA,NA
"nyc311-rev","GraphSAGE + LayerNorm",1002,0.663953317108175,0.894245912008103,0.466674343348467,0.0613811237185874,0.837389107055489,NA,0.446468592655074,"uniform",1,"brooklyn","queens",NA,NA,NA,NA,NA,NA,NA,NA,NA,NA,NA,NA,NA,NA,NA,NA,NA,NA
"nyc311-rev","GraphSAGE + LayerNorm",1003,0.668844598351753,0.903738953020208,0.454888534109526,0.0394867106161695,0.82973308028385,NA,0.434653973421399,"uniform",1,"brooklyn","queens",NA,NA,NA,NA,NA,NA,NA,NA,NA,NA,NA,NA,NA,NA,NA,NA,NA,NA
"nyc311-rev","GraphSAGE + LayerNorm",1004,0.664768496652091,0.900528498004146,0.459376751031136,0.0552186457869093,0.832476754425955,NA,0.43866352536784,"uniform",1,"brooklyn","queens",NA,NA,NA,NA,NA,NA,NA,NA,NA,NA,NA,NA,NA,NA,NA,NA,NA,NA
"nyc311-rev","GraphSAGE + LayerNorm",1005,0.687733276547295,0.933710459838765,0.428854514398573,0.0479354277806413,0.788838740958117,NA,0.396534024524127,"uniform",1,"brooklyn","queens",NA,NA,NA,NA,NA,NA,NA,NA,NA,NA,NA,NA,NA,NA,NA,NA,NA,NA
"nyc311-rev","GraphSAGE + LayerNorm",1006,0.66657928388451,0.905643716592282,0.455476291203929,0.0795296013892871,0.831030848003977,NA,0.432268361239153,"uniform",1,"brooklyn","queens",NA,NA,NA,NA,NA,NA,NA,NA,NA,NA,NA,NA,NA,NA,NA,NA,NA,NA
"nyc311-rev","GraphSAGE + LayerNorm",1007,0.675288941195431,0.912022384847417,0.449958320397068,0.074195908177724,0.819242244692711,NA,0.424242854486949,"uniform",1,"brooklyn","queens",NA,NA,NA,NA,NA,NA,NA,NA,NA,NA,NA,NA,NA,NA,NA,NA,NA,NA
"nyc311-rev","GraphSAGE + LayerNorm",1008,0.688290486405631,0.926910978906131,0.442703014575985,0.0841361716290666,0.786783798296533,NA,0.405291161076087,"uniform",1,"brooklyn","queens",NA,NA,NA,NA,NA,NA,NA,NA,NA,NA,NA,NA,NA,NA,NA,NA,NA,NA
"nyc311-rev","GraphSAGE + LayerNorm",1009,0.665941847019709,0.904477243441648,0.453834017510451,0.0670094577911923,0.837858177255763,NA,0.433729901168872,"uniform",1,"brooklyn","queens",NA,NA,NA,NA,NA,NA,NA,NA,NA,NA,NA,NA,NA,NA,NA,NA,NA,NA
"nyc311-rev","GraphSAGE + LayerNorm",1010,0.668151699994741,0.90451099306709,0.452754386282149,0.0589147692022158,0.839032151967004,NA,0.433687640823612,"uniform",1,"brooklyn","queens",NA,NA,NA,NA,NA,NA,NA,NA,NA,NA,NA,NA,NA,NA,NA,NA,NA,NA
"nyc311-rev","GraphSAGE + LayerNorm",1001,0.641747601657106,0.8763176267985,0.480417410160341,0.0222206718207581,0.86533618046488,NA,0.468441048978623,"gaussian",0.1,"brooklyn","queens",NA,NA,NA,NA,NA,NA,NA,NA,NA,NA,NA,NA,NA,NA,NA,NA,NA,NA
"nyc311-rev","GraphSAGE + LayerNorm",1002,0.657126296875718,0.885198696965041,0.475256238879846,-0.024161837624939,0.840011562882444,NA,0.457612249439492,"gaussian",0.1,"brooklyn","queens",NA,NA,NA,NA,NA,NA,NA,NA,NA,NA,NA,NA,NA,NA,NA,NA,NA,NA
"nyc311-rev","GraphSAGE + LayerNorm",1003,0.63978245834904,0.87272128833454,0.486990058536437,0.0328108142657633,0.857495052661025,NA,0.47279504844182,"gaussian",0.1,"brooklyn","queens",NA,NA,NA,NA,NA,NA,NA,NA,NA,NA,NA,NA,NA,NA,NA,NA,NA,NA
"nyc311-rev","GraphSAGE + LayerNorm",1004,0.643484713633925,0.876992043856385,0.479718159177158,0.00603275532650407,0.863093023057816,NA,0.467622554950036,"gaussian",0.1,"brooklyn","queens",NA,NA,NA,NA,NA,NA,NA,NA,NA,NA,NA,NA,NA,NA,NA,NA,NA,NA
"nyc311-rev","GraphSAGE + LayerNorm",1005,0.644682520821008,0.878422049186236,0.48084880040892,0.0253176503609547,0.851953811584652,NA,0.465884971875066,"gaussian",0.1,"brooklyn","queens",NA,NA,NA,NA,NA,NA,NA,NA,NA,NA,NA,NA,NA,NA,NA,NA,NA,NA
"nyc311-rev","GraphSAGE + LayerNorm",1001,0.64002335036047,0.875360225198411,0.481712467593563,0.0215022640092354,0.864716046941022,NA,0.469601900643644,"gaussian",0.25,"brooklyn","queens",NA,NA,NA,NA,NA,NA,NA,NA,NA,NA,NA,NA,NA,NA,NA,NA,NA,NA
"nyc311-rev","GraphSAGE + LayerNorm",1002,0.645088937498098,0.877289748212844,0.479637704651946,0.0256834149001411,0.863822056184601,NA,0.467261051133589,"gaussian",0.25,"brooklyn","queens",NA,NA,NA,NA,NA,NA,NA,NA,NA,NA,NA,NA,NA,NA,NA,NA,NA,NA
"nyc311-rev","GraphSAGE + LayerNorm",1003,0.63556797937883,0.865779697154549,0.490383291986836,0.0226584132677001,0.881396520580444,NA,0.48114842991301,"gaussian",0.25,"brooklyn","queens",NA,NA,NA,NA,NA,NA,NA,NA,NA,NA,NA,NA,NA,NA,NA,NA,NA,NA
"nyc311-rev","GraphSAGE + LayerNorm",1004,0.641480308143663,0.872964702411504,0.485630530385465,0.00567756311860476,0.858894638051162,NA,0.4725009178763,"gaussian",0.25,"brooklyn","queens",NA,NA,NA,NA,NA,NA,NA,NA,NA,NA,NA,NA,NA,NA,NA,NA,NA,NA
"nyc311-rev","GraphSAGE + LayerNorm",1005,0.647464112010921,0.879044480133704,0.479785330746903,0.0241863594367039,0.852983904159911,NA,0.465127778890947,"gaussian",0.25,"brooklyn","queens",NA,NA,NA,NA,NA,NA,NA,NA,NA,NA,NA,NA,NA,NA,NA,NA,NA,NA
"nyc311-rev","GraphSAGE + LayerNorm",1001,0.645907058010111,0.883371725671923,0.473331902082117,0.0285376410627048,0.858214032446065,NA,0.459848819061692,"gaussian",0.5,"brooklyn","queens",NA,NA,NA,NA,NA,NA,NA,NA,NA,NA,NA,NA,NA,NA,NA,NA,NA,NA
"nyc311-rev","GraphSAGE + LayerNorm",1002,0.653086473125166,0.888544858227596,0.473307455109725,0.0411622774532119,0.834445405944099,NA,0.45350391265069,"gaussian",0.5,"brooklyn","queens",NA,NA,NA,NA,NA,NA,NA,NA,NA,NA,NA,NA,NA,NA,NA,NA,NA,NA
"nyc311-rev","GraphSAGE + LayerNorm",1003,0.643165058360738,0.872755707680031,0.485016670687144,0.0265573435878435,0.865192240032324,NA,0.472753462640151,"gaussian",0.5,"brooklyn","queens",NA,NA,NA,NA,NA,NA,NA,NA,NA,NA,NA,NA,NA,NA,NA,NA,NA,NA
"nyc311-rev","GraphSAGE + LayerNorm",1004,0.648057008292582,0.879577074407092,0.477624966437798,0.00258112884495993,0.857728190430458,NA,0.464479447238373,"gaussian",0.5,"brooklyn","queens",NA,NA,NA,NA,NA,NA,NA,NA,NA,NA,NA,NA,NA,NA,NA,NA,NA,NA
"nyc311-rev","GraphSAGE + LayerNorm",1005,0.646387754530371,0.88173827048644,0.479445863470997,0.0446499224539529,0.844638271597694,NA,0.461844574581871,"gaussian",0.5,"brooklyn","queens",NA,NA,NA,NA,NA,NA,NA,NA,NA,NA,NA,NA,NA,NA,NA,NA,NA,NA
"nyc311-rev","GraphSAGE + LayerNorm",1001,0.666285083727491,0.901730453085776,0.457370987427192,0.0334313755424003,0.829098818357784,NA,0.437164069217533,"gaussian",1,"brooklyn","queens",NA,NA,NA,NA,NA,NA,NA,NA,NA,NA,NA,NA,NA,NA,NA,NA,NA,NA
"nyc311-rev","GraphSAGE + LayerNorm",1002,0.659280463834076,0.891316356882236,0.46917053574805,0.0495376253165732,0.838586847973638,NA,0.45008939664849,"gaussian",1,"brooklyn","queens",NA,NA,NA,NA,NA,NA,NA,NA,NA,NA,NA,NA,NA,NA,NA,NA,NA,NA
"nyc311-rev","GraphSAGE + LayerNorm",1003,0.661709968372822,0.893302241995772,0.462824707131498,0.00567618723016788,0.846724733455315,NA,0.447636225344416,"gaussian",1,"brooklyn","queens",NA,NA,NA,NA,NA,NA,NA,NA,NA,NA,NA,NA,NA,NA,NA,NA,NA,NA
"nyc311-rev","GraphSAGE + LayerNorm",1004,0.676390042780212,0.912640724490738,0.452929404852653,0.0660371743089389,0.805379220694256,NA,0.423461877703417,"gaussian",1,"brooklyn","queens",NA,NA,NA,NA,NA,NA,NA,NA,NA,NA,NA,NA,NA,NA,NA,NA,NA,NA
"nyc311-rev","GraphSAGE + LayerNorm",1005,0.661892138946458,0.899453137907842,0.460136406510781,0.0454321230604928,0.832211817149914,NA,0.44000335732454,"gaussian",1,"brooklyn","queens",NA,NA,NA,NA,NA,NA,NA,NA,NA,NA,NA,NA,NA,NA,NA,NA,NA,NA
"nyc311-rev","GraphSAGE + LayerNorm",1001,0.684318580291298,0.921366535743609,0.436874342649415,0.074634858593313,0.821471966048579,NA,0.412384544842423,"gaussian",2,"brooklyn","queens",NA,NA,NA,NA,NA,NA,NA,NA,NA,NA,NA,NA,NA,NA,NA,NA,NA,NA
"nyc311-rev","GraphSAGE + LayerNorm",1002,0.670861975984362,0.902059242478514,0.4631310924266,0.0683389934970495,0.817293784583414,NA,0.436753551372451,"gaussian",2,"brooklyn","queens",NA,NA,NA,NA,NA,NA,NA,NA,NA,NA,NA,NA,NA,NA,NA,NA,NA,NA
"nyc311-rev","GraphSAGE + LayerNorm",1003,0.664674798624615,0.895826333007096,0.460777116919977,0.0317578631987105,0.844726781671682,NA,0.444510326620871,"gaussian",2,"brooklyn","queens",NA,NA,NA,NA,NA,NA,NA,NA,NA,NA,NA,NA,NA,NA,NA,NA,NA,NA
"nyc311-rev","GraphSAGE + LayerNorm",1004,0.657535968206185,0.890576832244822,0.465555867814668,0.041216763154013,0.855052941425753,NA,0.451001539073517,"gaussian",2,"brooklyn","queens",NA,NA,NA,NA,NA,NA,NA,NA,NA,NA,NA,NA,NA,NA,NA,NA,NA,NA
"nyc311-rev","GraphSAGE + LayerNorm",1005,0.68796375560945,0.934187159741544,0.431413257419053,0.0927503121167477,0.79259607195568,NA,0.395917675840445,"gaussian",2,"brooklyn","queens",NA,NA,NA,NA,NA,NA,NA,NA,NA,NA,NA,NA,NA,NA,NA,NA,NA,NA
"reviews","OLS",1001,1.43811288551027,1.6960344866017,0.248485860899796,-0.302275755338261,1.29700908538113,NA,0.210373730667379,"uniform",1,"broward","sandiego",NA,NA,NA,NA,NA,NA,NA,NA,NA,NA,NA,NA,NA,NA,NA,NA,NA,NA
"reviews","XGBoost",1001,1.37031094948647,1.65816644096528,0.247052177055326,-0.0788638966059486,1.02096586510641,NA,0.245240699774488,"uniform",1,"broward","sandiego",NA,NA,NA,NA,NA,NA,NA,NA,NA,NA,NA,NA,NA,NA,NA,NA,NA,NA
"reviews","XGBoost",1002,1.35390567712899,1.62909055146071,0.277051297401139,-0.0905837627693091,1.12294299923872,NA,0.271477985090143,"uniform",1,"broward","sandiego",NA,NA,NA,NA,NA,NA,NA,NA,NA,NA,NA,NA,NA,NA,NA,NA,NA,NA
"reviews","XGBoost",1003,1.34502800070348,1.61989702204331,0.28691356136308,-0.0987303772274539,1.14426118182143,NA,0.279677394099447,"uniform",1,"broward","sandiego",NA,NA,NA,NA,NA,NA,NA,NA,NA,NA,NA,NA,NA,NA,NA,NA,NA,NA
"reviews","XGBoost",1004,1.3378412595227,1.6113407382546,0.295053449940036,-0.102591685273863,1.14788904375459,NA,0.287266774585371,"uniform",1,"broward","sandiego",NA,NA,NA,NA,NA,NA,NA,NA,NA,NA,NA,NA,NA,NA,NA,NA,NA,NA
"reviews","XGBoost",1005,1.36074910588288,1.63927163670163,0.265879998076035,-0.0634330535740434,1.10574921057542,NA,0.262343659633676,"uniform",1,"broward","sandiego",NA,NA,NA,NA,NA,NA,NA,NA,NA,NA,NA,NA,NA,NA,NA,NA,NA,NA
"reviews","XGBoost",1006,1.33567953356976,1.61251576328946,0.294216638160696,-0.126383565676859,1.12447243961507,NA,0.286226914154456,"uniform",1,"broward","sandiego",NA,NA,NA,NA,NA,NA,NA,NA,NA,NA,NA,NA,NA,NA,NA,NA,NA,NA
"reviews","XGBoost",1007,1.3586743390053,1.63666867809308,0.26960438139096,-0.0757627752522921,1.12533463150953,NA,0.264684412011331,"uniform",1,"broward","sandiego",NA,NA,NA,NA,NA,NA,NA,NA,NA,NA,NA,NA,NA,NA,NA,NA,NA,NA
"reviews","XGBoost",1008,1.35861374823773,1.63691126865965,0.270599856217684,-0.0601895616775896,1.15983428495483,NA,0.264466415727215,"uniform",1,"broward","sandiego",NA,NA,NA,NA,NA,NA,NA,NA,NA,NA,NA,NA,NA,NA,NA,NA,NA,NA
"reviews","XGBoost",1009,1.35218736088051,1.62881526200622,0.276466892499329,-0.0781741297159904,1.11768580617868,NA,0.271724180714679,"uniform",1,"broward","sandiego",NA,NA,NA,NA,NA,NA,NA,NA,NA,NA,NA,NA,NA,NA,NA,NA,NA,NA
"reviews","XGBoost",1010,1.34067724891819,1.62024256444574,0.285452320741198,-0.129861828464287,1.0768256693166,NA,0.279370055364713,"uniform",1,"broward","sandiego",NA,NA,NA,NA,NA,NA,NA,NA,NA,NA,NA,NA,NA,NA,NA,NA,NA,NA
"reviews","XGBoost + lags",1001,1.43870790605485,1.75322400814773,0.18618051012538,-0.235376031571723,0.78036602328402,NA,0.156224232497599,"uniform",1,"broward","sandiego",NA,NA,NA,NA,NA,NA,NA,NA,NA,NA,NA,NA,NA,NA,NA,NA,NA,NA
"reviews","XGBoost + lags",1002,1.42332604293135,1.72656385529941,0.198521398934704,-0.207215510596924,0.862517022119339,NA,0.1816906370852,"uniform",1,"broward","sandiego",NA,NA,NA,NA,NA,NA,NA,NA,NA,NA,NA,NA,NA,NA,NA,NA,NA,NA
"reviews","XGBoost + lags",1003,1.42858502378188,1.72586347092125,0.201227690771432,-0.238970159687556,0.888061469913278,NA,0.182354400370397,"uniform",1,"broward","sandiego",NA,NA,NA,NA,NA,NA,NA,NA,NA,NA,NA,NA,NA,NA,NA,NA,NA,NA
"reviews","XGBoost + lags",1004,1.43041256852337,1.73573917746586,0.206783641704657,-0.320386015025363,0.85829929285238,NA,0.172970192456542,"uniform",1,"broward","sandiego",NA,NA,NA,NA,NA,NA,NA,NA,NA,NA,NA,NA,NA,NA,NA,NA,NA,NA
"reviews","XGBoost + lags",1005,1.4059695530113,1.70591140447809,0.216696440030349,-0.190950791787531,0.862178446585972,NA,0.201150117621113,"uniform",1,"broward","sandiego",NA,NA,NA,NA,NA,NA,NA,NA,NA,NA,NA,NA,NA,NA,NA,NA,NA,NA
"reviews","XGBoost + lags",1006,1.37672804731092,1.66338224045107,0.258826024802401,-0.257152078445163,1.02774968239279,NA,0.240485007560267,"uniform",1,"broward","sandiego",NA,NA,NA,NA,NA,NA,NA,NA,NA,NA,NA,NA,NA,NA,NA,NA,NA,NA
"reviews","XGBoost + lags",1007,1.3936966057645,1.69451572173525,0.235148252275758,-0.27316447869161,0.900395298702874,NA,0.211787286452745,"uniform",1,"broward","sandiego",NA,NA,NA,NA,NA,NA,NA,NA,NA,NA,NA,NA,NA,NA,NA,NA,NA,NA
"reviews","XGBoost + lags",1008,1.43318397821494,1.73267828195984,0.190872694667328,-0.193965821743542,0.864857821580842,NA,0.17588447797268,"uniform",1,"broward","sandiego",NA,NA,NA,NA,NA,NA,NA,NA,NA,NA,NA,NA,NA,NA,NA,NA,NA,NA
"reviews","XGBoost + lags",1009,1.39445925292445,1.69619376578551,0.236781032678435,-0.297522480988184,0.911062355637845,NA,0.210225411827828,"uniform",1,"broward","sandiego",NA,NA,NA,NA,NA,NA,NA,NA,NA,NA,NA,NA,NA,NA,NA,NA,NA,NA
"reviews","XGBoost + lags",1010,1.42251982187662,1.72796728041288,0.209967448383634,-0.282427143587627,0.83917604171432,NA,0.180359782560533,"uniform",1,"broward","sandiego",NA,NA,NA,NA,NA,NA,NA,NA,NA,NA,NA,NA,NA,NA,NA,NA,NA,NA
"reviews","GraphSAGE",1001,1.38702431714204,1.71438753273072,0.283554067488363,-0.539042429765232,0.837981623417738,NA,0.193191936569691,"uniform",1,"broward","sandiego",NA,NA,NA,NA,NA,NA,NA,NA,NA,NA,NA,NA,NA,NA,NA,NA,NA,NA
"reviews","GraphSAGE",1002,1.40266022876448,1.74292243158899,0.244626969468187,-0.426040918664873,0.744898722950534,NA,0.166110800094519,"uniform",1,"broward","sandiego",NA,NA,NA,NA,NA,NA,NA,NA,NA,NA,NA,NA,NA,NA,NA,NA,NA,NA
"reviews","GraphSAGE",1003,1.47246247987381,1.84230533343063,0.223626569729894,-0.620207744976875,0.679536333737596,NA,0.0683013865641472,"uniform",1,"broward","sandiego",NA,NA,NA,NA,NA,NA,NA,NA,NA,NA,NA,NA,NA,NA,NA,NA,NA,NA
"reviews","GraphSAGE",1004,1.42398312653699,1.75880824422325,0.245410715802283,-0.524642011731158,0.782265725375115,NA,0.150840611281917,"uniform",1,"broward","sandiego",NA,NA,NA,NA,NA,NA,NA,NA,NA,NA,NA,NA,NA,NA,NA,NA,NA,NA
"reviews","GraphSAGE",1005,1.4477053050044,1.80784946849257,0.230979637020049,-0.549581090359103,0.693205977471593,NA,0.102825828715492,"uniform",1,"broward","sandiego",NA,NA,NA,NA,NA,NA,NA,NA,NA,NA,NA,NA,NA,NA,NA,NA,NA,NA
"reviews","GraphSAGE",1006,1.35967925937374,1.71347062449384,0.282883616051276,-0.442164316336302,0.739343245638069,NA,0.194054718314186,"uniform",1,"broward","sandiego",NA,NA,NA,NA,NA,NA,NA,NA,NA,NA,NA,NA,NA,NA,NA,NA,NA,NA
"reviews","GraphSAGE",1007,1.46227737713248,1.84293801852013,0.229758797780378,-0.64718295113817,0.688292478951672,NA,0.0676613482075986,"uniform",1,"broward","sandiego",NA,NA,NA,NA,NA,NA,NA,NA,NA,NA,NA,NA,NA,NA,NA,NA,NA,NA
"reviews","GraphSAGE",1008,1.50756256628904,1.87857141707355,0.225716651687687,-0.749386763216157,0.702965957790916,NA,0.031259067001553,"uniform",1,"broward","sandiego",NA,NA,NA,NA,NA,NA,NA,NA,NA,NA,NA,NA,NA,NA,NA,NA,NA,NA
"reviews","GraphSAGE",1009,1.41837808944142,1.75239726777033,0.260046217898316,-0.552326811449189,0.785967436211078,NA,0.157019817110826,"uniform",1,"broward","sandiego",NA,NA,NA,NA,NA,NA,NA,NA,NA,NA,NA,NA,NA,NA,NA,NA,NA,NA
"reviews","GraphSAGE",1010,1.44205069380381,1.79264095010568,0.262554552880301,-0.666238749559899,0.772192065347743,NA,0.117857275965756,"uniform",1,"broward","sandiego",NA,NA,NA,NA,NA,NA,NA,NA,NA,NA,NA,NA,NA,NA,NA,NA,NA,NA
"reviews","GraphSAGE + LayerNorm",1001,1.37847823248173,1.71154090937663,0.281795955186377,-0.529472281046934,0.848586648869247,NA,0.195869011493322,"uniform",1,"broward","sandiego",NA,NA,NA,NA,NA,NA,NA,NA,NA,NA,NA,NA,NA,NA,NA,NA,NA,NA
"reviews","GraphSAGE + LayerNorm",1002,1.38277923647624,1.70683250174178,0.261009597199029,-0.430184469213909,0.836835709768394,NA,0.200287215726745,"uniform",1,"broward","sandiego",NA,NA,NA,NA,NA,NA,NA,NA,NA,NA,NA,NA,NA,NA,NA,NA,NA,NA
"reviews","GraphSAGE + LayerNorm",1003,1.42661971171826,1.77620719512164,0.230025890408485,-0.438060017330385,0.697190942710754,NA,0.133956950892525,"uniform",1,"broward","sandiego",NA,NA,NA,NA,NA,NA,NA,NA,NA,NA,NA,NA,NA,NA,NA,NA,NA,NA
"reviews","GraphSAGE + LayerNorm",1004,1.42738992544853,1.75965897415988,0.259992828555814,-0.599297610914255,0.82696550000338,NA,0.150018941235849,"uniform",1,"broward","sandiego",NA,NA,NA,NA,NA,NA,NA,NA,NA,NA,NA,NA,NA,NA,NA,NA,NA,NA
"reviews","GraphSAGE + LayerNorm",1005,1.35374598898801,1.67517087211547,0.279166306735887,-0.36752911200532,0.825899284884465,NA,0.22968127267156,"uniform",1,"broward","sandiego",NA,NA,NA,NA,NA,NA,NA,NA,NA,NA,NA,NA,NA,NA,NA,NA,NA,NA
"reviews","GraphSAGE + LayerNorm",1006,1.32907844644879,1.65110800428662,0.291887300202885,-0.323061195752601,0.833874250747943,NA,0.251652700149028,"uniform",1,"broward","sandiego",NA,NA,NA,NA,NA,NA,NA,NA,NA,NA,NA,NA,NA,NA,NA,NA,NA,NA
"reviews","GraphSAGE + LayerNorm",1007,1.36842926353366,1.68951338026936,0.270001834983512,-0.4111287934268,0.859886617452847,NA,0.216434147150526,"uniform",1,"broward","sandiego",NA,NA,NA,NA,NA,NA,NA,NA,NA,NA,NA,NA,NA,NA,NA,NA,NA,NA
"reviews","GraphSAGE + LayerNorm",1008,1.39492758579829,1.73017147214102,0.283650173261607,-0.584351330656635,0.831500487871181,NA,0.17826738592347,"uniform",1,"broward","sandiego",NA,NA,NA,NA,NA,NA,NA,NA,NA,NA,NA,NA,NA,NA,NA,NA,NA,NA
"reviews","GraphSAGE + LayerNorm",1009,1.39370657607404,1.71596653671869,0.271395313228495,-0.517680631642139,0.869397836464519,NA,0.191705061752308,"uniform",1,"broward","sandiego",NA,NA,NA,NA,NA,NA,NA,NA,NA,NA,NA,NA,NA,NA,NA,NA,NA,NA
"reviews","GraphSAGE + LayerNorm",1010,1.45600870384561,1.80411029527762,0.254778802569845,-0.696308137101443,0.803941367523528,NA,0.106533239579335,"uniform",1,"broward","sandiego",NA,NA,NA,NA,NA,NA,NA,NA,NA,NA,NA,NA,NA,NA,NA,NA,NA,NA
"reviews","GraphSAGE + LayerNorm",1001,1.32828422755827,1.64006519849674,0.291378787384246,-0.305533219567227,0.89367846157605,NA,0.261629296540891,"gaussian",0.1,"broward","sandiego",NA,NA,NA,NA,NA,NA,NA,NA,NA,NA,NA,NA,NA,NA,NA,NA,NA,NA
"reviews","GraphSAGE + LayerNorm",1002,1.30281288628644,1.62060556096614,0.296504705880955,-0.182773478919446,0.856763409662068,NA,0.279047121662304,"gaussian",0.1,"broward","sandiego",NA,NA,NA,NA,NA,NA,NA,NA,NA,NA,NA,NA,NA,NA,NA,NA,NA,NA
"reviews","GraphSAGE + LayerNorm",1003,1.34744564302754,1.66154232249659,0.267850866198708,-0.26899725987816,0.871498434599552,NA,0.24216432378579,"gaussian",0.1,"broward","sandiego",NA,NA,NA,NA,NA,NA,NA,NA,NA,NA,NA,NA,NA,NA,NA,NA,NA,NA
"reviews","GraphSAGE + LayerNorm",1004,1.35683196766664,1.67602745262735,0.275117921660754,-0.367922374542019,0.846363191450007,NA,0.22889328295448,"gaussian",0.1,"broward","sandiego",NA,NA,NA,NA,NA,NA,NA,NA,NA,NA,NA,NA,NA,NA,NA,NA,NA,NA
"reviews","GraphSAGE + LayerNorm",1005,1.32235990916807,1.6410977767661,0.293338074161521,-0.303621668930648,0.863475322841933,NA,0.260699253572104,"gaussian",0.1,"broward","sandiego",NA,NA,NA,NA,NA,NA,NA,NA,NA,NA,NA,NA,NA,NA,NA,NA,NA,NA
"reviews","GraphSAGE + LayerNorm",1001,1.36048760223859,1.68454064571096,0.276055711054954,-0.41413048429871,0.855021449414892,NA,0.221039888448235,"gaussian",0.25,"broward","sandiego",NA,NA,NA,NA,NA,NA,NA,NA,NA,NA,NA,NA,NA,NA,NA,NA,NA,NA
"reviews","GraphSAGE + LayerNorm",1002,1.33193993512698,1.65827178659218,0.282039137391736,-0.307327740904027,0.835287084294081,NA,0.245144794905858,"gaussian",0.25,"broward","sandiego",NA,NA,NA,NA,NA,NA,NA,NA,NA,NA,NA,NA,NA,NA,NA,NA,NA,NA
"reviews","GraphSAGE + LayerNorm",1003,1.38881382211791,1.72707896463735,0.268374070883605,-0.514456327869548,0.811294667450377,NA,0.181202289467364,"gaussian",0.25,"broward","sandiego",NA,NA,NA,NA,NA,NA,NA,NA,NA,NA,NA,NA,NA,NA,NA,NA,NA,NA
"reviews","GraphSAGE + LayerNorm",1004,1.36502102943634,1.69092480943864,0.265392914307832,-0.371673351740196,0.822570680346195,NA,0.215124409481432,"gaussian",0.25,"broward","sandiego",NA,NA,NA,NA,NA,NA,NA,NA,NA,NA,NA,NA,NA,NA,NA,NA,NA,NA
"reviews","GraphSAGE + LayerNorm",1005,1.32492696201745,1.63553374345085,0.300555586496291,-0.33613130508562,0.898483851587058,NA,0.265703855707098,"gaussian",0.25,"broward","sandiego",NA,NA,NA,NA,NA,NA,NA,NA,NA,NA,NA,NA,NA,NA,NA,NA,NA,NA
"reviews","GraphSAGE + LayerNorm",1001,1.425794467536,1.77911654428549,0.237210479423323,-0.525052380049579,0.736328484849477,NA,0.131117546635717,"gaussian",0.5,"broward","sandiego",NA,NA,NA,NA,NA,NA,NA,NA,NA,NA,NA,NA,NA,NA,NA,NA,NA,NA
"reviews","GraphSAGE + LayerNorm",1002,1.33621319453239,1.67819907162026,0.284565482864421,-0.35669049121748,0.779588332274511,NA,0.226893751452772,"gaussian",0.5,"broward","sandiego",NA,NA,NA,NA,NA,NA,NA,NA,NA,NA,NA,NA,NA,NA,NA,NA,NA,NA
"reviews","GraphSAGE + LayerNorm",1003,1.39652001537858,1.72890468124099,0.275603139492375,-0.553612832730684,0.827358001391253,NA,0.179470252032479,"gaussian",0.5,"broward","sandiego",NA,NA,NA,NA,NA,NA,NA,NA,NA,NA,NA,NA,NA,NA,NA,NA,NA,NA
"reviews","GraphSAGE + LayerNorm",1004,1.41419013224303,1.75984937146141,0.247007607334373,-0.506713488302256,0.752604272221849,NA,0.149834993257697,"gaussian",0.5,"broward","sandiego",NA,NA,NA,NA,NA,NA,NA,NA,NA,NA,NA,NA,NA,NA,NA,NA,NA,NA
"reviews","GraphSAGE + LayerNorm",1005,1.4316822819095,1.77706419935857,0.241469798255644,-0.563192540474681,0.771095171660685,NA,0.133121033081171,"gaussian",0.5,"broward","sandiego",NA,NA,NA,NA,NA,NA,NA,NA,NA,NA,NA,NA,NA,NA,NA,NA,NA,NA
"reviews","GraphSAGE + LayerNorm",1001,1.41601563259537,1.75346797242503,0.243808405438187,-0.500827990834042,0.781920665894746,NA,0.155989390324963,"gaussian",1,"broward","sandiego",NA,NA,NA,NA,NA,NA,NA,NA,NA,NA,NA,NA,NA,NA,NA,NA,NA,NA
"reviews","GraphSAGE + LayerNorm",1002,1.39324477835051,1.72783652037952,0.266978098747466,-0.507640153424302,0.804556981409178,NA,0.180483826722986,"gaussian",1,"broward","sandiego",NA,NA,NA,NA,NA,NA,NA,NA,NA,NA,NA,NA,NA,NA,NA,NA,NA,NA
"reviews","GraphSAGE + LayerNorm",1003,1.41314639396121,1.7593949269498,0.246787833813359,-0.48239687319024,0.73332954039614,NA,0.150274011441587,"gaussian",1,"broward","sandiego",NA,NA,NA,NA,NA,NA,NA,NA,NA,NA,NA,NA,NA,NA,NA,NA,NA,NA
"reviews","GraphSAGE + LayerNorm",1004,1.38632843921553,1.7134348138843,0.2573845851658,-0.423133953691041,0.810075565117011,NA,0.194088405603356,"gaussian",1,"broward","sandiego",NA,NA,NA,NA,NA,NA,NA,NA,NA,NA,NA,NA,NA,NA,NA,NA,NA,NA
"reviews","GraphSAGE + LayerNorm",1005,1.38272567466466,1.71227796502414,0.26950025125254,-0.468059547155701,0.813389217014493,NA,0.195176282618856,"gaussian",1,"broward","sandiego",NA,NA,NA,NA,NA,NA,NA,NA,NA,NA,NA,NA,NA,NA,NA,NA,NA,NA
"reviews","GraphSAGE + LayerNorm",1001,1.40184500288191,1.72341534800519,0.258082093752396,-0.490087913937317,0.854546820178729,NA,0.184672402075852,"gaussian",2,"broward","sandiego",NA,NA,NA,NA,NA,NA,NA,NA,NA,NA,NA,NA,NA,NA,NA,NA,NA,NA
"reviews","GraphSAGE + LayerNorm",1002,1.37245649765995,1.69801209791607,0.274005266381412,-0.441022782943254,0.826454277113365,NA,0.208531215942106,"gaussian",2,"broward","sandiego",NA,NA,NA,NA,NA,NA,NA,NA,NA,NA,NA,NA,NA,NA,NA,NA,NA,NA
"reviews","GraphSAGE + LayerNorm",1003,1.43214277053378,1.79338708222606,0.250054146732785,-0.592962371722784,0.723795112491878,NA,0.117122793137027,"gaussian",2,"broward","sandiego",NA,NA,NA,NA,NA,NA,NA,NA,NA,NA,NA,NA,NA,NA,NA,NA,NA,NA
"reviews","GraphSAGE + LayerNorm",1004,1.38387028977524,1.71400236859559,0.269896999270764,-0.476569118154168,0.814510686746207,NA,0.193554420099463,"gaussian",2,"broward","sandiego",NA,NA,NA,NA,NA,NA,NA,NA,NA,NA,NA,NA,NA,NA,NA,NA,NA,NA
"reviews","GraphSAGE + LayerNorm",1005,1.3226852270159,1.64123977797407,0.289556674310406,-0.226815418965767,0.81528550590502,NA,0.260571307337009,"gaussian",2,"broward","sandiego",NA,NA,NA,NA,NA,NA,NA,NA,NA,NA,NA,NA,NA,NA,NA,NA,NA,NA
"sd-brow-rev","OLS",1001,0.370487095270538,0.501310010372237,0.560968747853166,0.0968083696404354,0.910183479667599,NA,0.538288171831314,"uniform",1,"sandiego","broward",NA,NA,NA,NA,NA,NA,NA,NA,NA,NA,NA,NA,NA,NA,NA,NA,NA,NA
"sd-brow-rev","XGBoost",1001,0.369975688754774,0.496377574098005,0.589870930197597,0.126192129482397,0.869508919175006,NA,0.54732912662032,"uniform",1,"sandiego","broward",NA,NA,NA,NA,NA,NA,NA,NA,NA,NA,NA,NA,NA,NA,NA,NA,NA,NA
"sd-brow-rev","XGBoost",1002,0.375352096925314,0.505871385251747,0.571844107499663,0.125810300596305,0.869344801587037,NA,0.529847797496843,"uniform",1,"sandiego","broward",NA,NA,NA,NA,NA,NA,NA,NA,NA,NA,NA,NA,NA,NA,NA,NA,NA,NA
"sd-brow-rev","XGBoost",1003,0.370933349934922,0.499153295462091,0.583984139039477,0.12836765170048,0.877137779026778,NA,0.542252340749835,"uniform",1,"sandiego","broward",NA,NA,NA,NA,NA,NA,NA,NA,NA,NA,NA,NA,NA,NA,NA,NA,NA,NA
"sd-brow-rev","XGBoost",1004,0.374066174507221,0.50120519134544,0.582605240435193,0.13092640594822,0.871655224294464,NA,0.538481230513179,"uniform",1,"sandiego","broward",NA,NA,NA,NA,NA,NA,NA,NA,NA,NA,NA,NA,NA,NA,NA,NA,NA,NA
"sd-brow-rev","XGBoost",1005,0.37587291957239,0.503954055031679,0.579944762227758,0.13463676853338,0.8687523098129,NA,0.533404941702881,"uniform",1,"sandiego","broward",NA,NA,NA,NA,NA,NA,NA,NA,NA,NA,NA,NA,NA,NA,NA,NA,NA,NA
"sd-brow-rev","XGBoost",1006,0.374752560716698,0.503131052269299,0.58289545864708,0.137451611810473,0.868951716430669,NA,0.534927681552871,"uniform",1,"sandiego","broward",NA,NA,NA,NA,NA,NA,NA,NA,NA,NA,NA,NA,NA,NA,NA,NA,NA,NA
"sd-brow-rev","XGBoost",1007,0.373538884640314,0.501969320794825,0.5810700606179,0.129594695588339,0.869272611641447,NA,0.537072909453162,"uniform",1,"sandiego","broward",NA,NA,NA,NA,NA,NA,NA,NA,NA,NA,NA,NA,NA,NA,NA,NA,NA,NA
"sd-brow-rev","XGBoost",1008,0.371574623934608,0.498710990819089,0.588537003845632,0.133928428911646,0.872711772717936,NA,0.543063210733933,"uniform",1,"sandiego","broward",NA,NA,NA,NA,NA,NA,NA,NA,NA,NA,NA,NA,NA,NA,NA,NA,NA,NA
"sd-brow-rev","XGBoost",1009,0.371727640738853,0.498795314897914,0.587071358830769,0.136580323739748,0.885112051130535,NA,0.542908676215884,"uniform",1,"sandiego","broward",NA,NA,NA,NA,NA,NA,NA,NA,NA,NA,NA,NA,NA,NA,NA,NA,NA,NA
"sd-brow-rev","XGBoost",1010,0.369880120674761,0.496240965499436,0.588288283958519,0.127540398271649,0.880553238111529,NA,0.547578252396745,"uniform",1,"sandiego","broward",NA,NA,NA,NA,NA,NA,NA,NA,NA,NA,NA,NA,NA,NA,NA,NA,NA,NA
"sd-brow-rev","XGBoost + lags",1001,0.409046331533655,0.53384351175342,0.583783171410394,0.208670323998395,0.822015368563437,NA,0.476416219926908,"uniform",1,"sandiego","broward",NA,NA,NA,NA,NA,NA,NA,NA,NA,NA,NA,NA,NA,NA,NA,NA,NA,NA
"sd-brow-rev","XGBoost + lags",1002,0.418979613278448,0.54433050668966,0.57297993451255,0.221022639410945,0.820059261410635,NA,0.455643270340153,"uniform",1,"sandiego","broward",NA,NA,NA,NA,NA,NA,NA,NA,NA,NA,NA,NA,NA,NA,NA,NA,NA,NA
"sd-brow-rev","XGBoost + lags",1003,0.416946717540355,0.538957608931746,0.576429787018987,0.20996310463816,0.816534584422713,NA,0.466336546965345,"uniform",1,"sandiego","broward",NA,NA,NA,NA,NA,NA,NA,NA,NA,NA,NA,NA,NA,NA,NA,NA,NA,NA
"sd-brow-rev","XGBoost + lags",1004,0.430241454745402,0.558894704323359,0.567729029881374,0.245825230130357,0.811625122271494,NA,0.426123770951713,"uniform",1,"sandiego","broward",NA,NA,NA,NA,NA,NA,NA,NA,NA,NA,NA,NA,NA,NA,NA,NA,NA,NA
"sd-brow-rev","XGBoost + lags",1005,0.419572128250926,0.540199361391648,0.588172337890252,0.246965408488199,0.873916002987866,NA,0.463874604519751,"uniform",1,"sandiego","broward",NA,NA,NA,NA,NA,NA,NA,NA,NA,NA,NA,NA,NA,NA,NA,NA,NA,NA
"sd-brow-rev","XGBoost + lags",1006,0.418633153105523,0.540612663391332,0.579207596302295,0.226648744288006,0.837589945767345,NA,0.46305392060553,"uniform",1,"sandiego","broward",NA,NA,NA,NA,NA,NA,NA,NA,NA,NA,NA,NA,NA,NA,NA,NA,NA,NA
"sd-brow-rev","XGBoost + lags",1007,0.425411950275708,0.546944869774997,0.576882532345487,0.246226024492622,0.8607587730389,NA,0.450401735156837,"uniform",1,"sandiego","broward",NA,NA,NA,NA,NA,NA,NA,NA,NA,NA,NA,NA,NA,NA,NA,NA,NA,NA
"sd-brow-rev","XGBoost + lags",1008,0.429610962155476,0.556481342874041,0.563127913752561,0.245150621408753,0.836083703780704,NA,0.431069176725776,"uniform",1,"sandiego","broward",NA,NA,NA,NA,NA,NA,NA,NA,NA,NA,NA,NA,NA,NA,NA,NA,NA,NA
"sd-brow-rev","XGBoost + lags",1009,0.42960265770781,0.553739140413487,0.574205474223178,0.24653850590283,0.824892061417134,NA,0.436662462365856,"uniform",1,"sandiego","broward",NA,NA,NA,NA,NA,NA,NA,NA,NA,NA,NA,NA,NA,NA,NA,NA,NA,NA
"sd-brow-rev","XGBoost + lags",1010,0.403161687995649,0.526263621728955,0.5885095299576,0.205765603340425,0.845856021039839,NA,0.491179093759882,"uniform",1,"sandiego","broward",NA,NA,NA,NA,NA,NA,NA,NA,NA,NA,NA,NA,NA,NA,NA,NA,NA,NA
"sd-brow-rev","GraphSAGE",1001,0.428837279441402,0.553803387489551,0.569181157530647,0.229813727074377,0.799899576558823,NA,0.436531733339833,"uniform",1,"sandiego","broward",NA,NA,NA,NA,NA,NA,NA,NA,NA,NA,NA,NA,NA,NA,NA,NA,NA,NA
"sd-brow-rev","GraphSAGE",1002,0.42638644179993,0.547612411459531,0.584580265780477,0.230580712421024,0.797177692982163,NA,0.449059356212755,"uniform",1,"sandiego","broward",NA,NA,NA,NA,NA,NA,NA,NA,NA,NA,NA,NA,NA,NA,NA,NA,NA,NA
"sd-brow-rev","GraphSAGE",1003,0.426467301318114,0.549243848260965,0.58981868673161,0.230544340621501,0.780961564238371,NA,0.445771761906848,"uniform",1,"sandiego","broward",NA,NA,NA,NA,NA,NA,NA,NA,NA,NA,NA,NA,NA,NA,NA,NA,NA,NA
"sd-brow-rev","GraphSAGE",1004,0.472819127841416,0.603510960695377,0.560138204863105,0.299137471564417,0.746057120037383,NA,0.33084215993075,"uniform",1,"sandiego","broward",NA,NA,NA,NA,NA,NA,NA,NA,NA,NA,NA,NA,NA,NA,NA,NA,NA,NA
"sd-brow-rev","GraphSAGE",1005,0.442275915120597,0.568296843050921,0.565762444836356,0.222451878445204,0.742288620110884,NA,0.406653023442744,"uniform",1,"sandiego","broward",NA,NA,NA,NA,NA,NA,NA,NA,NA,NA,NA,NA,NA,NA,NA,NA,NA,NA
"sd-brow-rev","GraphSAGE",1006,0.440975187722591,0.561591224953335,0.581798235568712,0.263054950990303,0.805102177707947,NA,0.420572807074979,"uniform",1,"sandiego","broward",NA,NA,NA,NA,NA,NA,NA,NA,NA,NA,NA,NA,NA,NA,NA,NA,NA,NA
"sd-brow-rev","GraphSAGE",1007,0.483626983029539,0.617744356538354,0.551848594177179,0.325828441627479,0.75534220288664,NA,0.298906695090389,"uniform",1,"sandiego","broward",NA,NA,NA,NA,NA,NA,NA,NA,NA,NA,NA,NA,NA,NA,NA,NA,NA,NA
"sd-brow-rev","GraphSAGE",1008,0.432452746805985,0.556986826269821,0.576874958072567,0.23575665474567,0.782201052668212,NA,0.430035123372234,"uniform",1,"sandiego","broward",NA,NA,NA,NA,NA,NA,NA,NA,NA,NA,NA,NA,NA,NA,NA,NA,NA,NA
"sd-brow-rev","GraphSAGE",1009,0.446245753045317,0.571761540025626,0.578973246411781,0.262512468550162,0.767770598127027,NA,0.399396132509104,"uniform",1,"sandiego","broward",NA,NA,NA,NA,NA,NA,NA,NA,NA,NA,NA,NA,NA,NA,NA,NA,NA,NA
"sd-brow-rev","GraphSAGE",1010,0.437791588201695,0.559222181387538,0.585256190065114,0.250481297309818,0.783785354182877,NA,0.425451063340839,"uniform",1,"sandiego","broward",NA,NA,NA,NA,NA,NA,NA,NA,NA,NA,NA,NA,NA,NA,NA,NA,NA,NA
"sd-brow-rev","GraphSAGE + LayerNorm",1001,0.423182065355895,0.548215350007558,0.561933527969286,0.188096196239067,0.771868416796769,NA,0.447845482249946,"uniform",1,"sandiego","broward",NA,NA,NA,NA,NA,NA,NA,NA,NA,NA,NA,NA,NA,NA,NA,NA,NA,NA
"sd-brow-rev","GraphSAGE + LayerNorm",1002,0.436111560675216,0.560937953752147,0.569357775279811,0.25594932478572,0.820952973512463,NA,0.421920060817365,"uniform",1,"sandiego","broward",NA,NA,NA,NA,NA,NA,NA,NA,NA,NA,NA,NA,NA,NA,NA,NA,NA,NA
"sd-brow-rev","GraphSAGE + LayerNorm",1003,0.438880529901689,0.561652447612758,0.566284875137801,0.246294209930525,0.802285232923661,NA,0.420446466043478,"uniform",1,"sandiego","broward",NA,NA,NA,NA,NA,NA,NA,NA,NA,NA,NA,NA,NA,NA,NA,NA,NA,NA
"sd-brow-rev","GraphSAGE + LayerNorm",1004,0.418568738047422,0.544604300014946,0.555634183642701,0.179048686024656,0.785079438848602,NA,0.455095519587547,"uniform",1,"sandiego","broward",NA,NA,NA,NA,NA,NA,NA,NA,NA,NA,NA,NA,NA,NA,NA,NA,NA,NA
"sd-brow-rev","GraphSAGE + LayerNorm",1005,0.50119536447275,0.633187819094812,0.541720755924167,0.358667567551236,0.782274836337141,NA,0.263414187042843,"uniform",1,"sandiego","broward",NA,NA,NA,NA,NA,NA,NA,NA,NA,NA,NA,NA,NA,NA,NA,NA,NA,NA
"sd-brow-rev","GraphSAGE + LayerNorm",1006,0.427318986468476,0.551676013518339,0.570735702447364,0.226941164278928,0.800918949907952,NA,0.440852419706449,"uniform",1,"sandiego","broward",NA,NA,NA,NA,NA,NA,NA,NA,NA,NA,NA,NA,NA,NA,NA,NA,NA,NA
"sd-brow-rev","GraphSAGE + LayerNorm",1007,0.457212669165562,0.581235542226586,0.556448074616947,0.277529963104778,0.798093727902075,NA,0.37932740037464,"uniform",1,"sandiego","broward",NA,NA,NA,NA,NA,NA,NA,NA,NA,NA,NA,NA,NA,NA,NA,NA,NA,NA
"sd-brow-rev","GraphSAGE + LayerNorm",1008,0.421836017992578,0.547851053023117,0.560670815460855,0.19821377774463,0.789389674673512,NA,0.448579067666023,"uniform",1,"sandiego","broward",NA,NA,NA,NA,NA,NA,NA,NA,NA,NA,NA,NA,NA,NA,NA,NA,NA,NA
"sd-brow-rev","GraphSAGE + LayerNorm",1009,0.439182470843881,0.564882845972861,0.558891633246296,0.261919539612962,0.843995033528981,NA,0.413760577533314,"uniform",1,"sandiego","broward",NA,NA,NA,NA,NA,NA,NA,NA,NA,NA,NA,NA,NA,NA,NA,NA,NA,NA
"sd-brow-rev","GraphSAGE + LayerNorm",1010,0.479850507446126,0.609162132961133,0.548293743646091,0.321049196289556,0.785933113917862,NA,0.318251730747344,"uniform",1,"sandiego","broward",NA,NA,NA,NA,NA,NA,NA,NA,NA,NA,NA,NA,NA,NA,NA,NA,NA,NA
"sd-brow-rev","GraphSAGE + LayerNorm",1001,0.352569667367876,0.479918245943762,0.602540459033458,0.0995985802558177,0.899847234382333,NA,0.576851534804546,"gaussian",0.1,"sandiego","broward",NA,NA,NA,NA,NA,NA,NA,NA,NA,NA,NA,NA,NA,NA,NA,NA,NA,NA
"sd-brow-rev","GraphSAGE + LayerNorm",1002,0.373578718524748,0.501904408979153,0.590130847171533,0.146762148862031,0.869188345343766,NA,0.537192627905326,"gaussian",0.1,"sandiego","broward",NA,NA,NA,NA,NA,NA,NA,NA,NA,NA,NA,NA,NA,NA,NA,NA,NA,NA
"sd-brow-rev","GraphSAGE + LayerNorm",1003,0.359526115906655,0.486300899889498,0.602495184798514,0.128227767939505,0.904183962099592,NA,0.565521397207351,"gaussian",0.1,"sandiego","broward",NA,NA,NA,NA,NA,NA,NA,NA,NA,NA,NA,NA,NA,NA,NA,NA,NA,NA
"sd-brow-rev","GraphSAGE + LayerNorm",1004,0.359867190863574,0.488055102610981,0.598817870396897,0.119380724342564,0.884288430382462,NA,0.562381208900116,"gaussian",0.1,"sandiego","broward",NA,NA,NA,NA,NA,NA,NA,NA,NA,NA,NA,NA,NA,NA,NA,NA,NA,NA
"sd-brow-rev","GraphSAGE + LayerNorm",1005,0.359634358904058,0.48700863535078,0.601034898074887,0.123044324577603,0.891167622264212,NA,0.564255844662754,"gaussian",0.1,"sandiego","broward",NA,NA,NA,NA,NA,NA,NA,NA,NA,NA,NA,NA,NA,NA,NA,NA,NA,NA
"sd-brow-rev","GraphSAGE + LayerNorm",1001,0.358282219318665,0.483905535275476,0.60145727245997,0.114108615449971,0.898091510784087,NA,0.569791064426972,"gaussian",0.25,"sandiego","broward",NA,NA,NA,NA,NA,NA,NA,NA,NA,NA,NA,NA,NA,NA,NA,NA,NA,NA
"sd-brow-rev","GraphSAGE + LayerNorm",1002,0.367165126689621,0.497507265115737,0.579693358921673,0.116873148014629,0.88740714878709,NA,0.545266341508211,"gaussian",0.25,"sandiego","broward",NA,NA,NA,NA,NA,NA,NA,NA,NA,NA,NA,NA,NA,NA,NA,NA,NA,NA
"sd-brow-rev","GraphSAGE + LayerNorm",1003,0.367941191492507,0.495624375933904,0.595352877039961,0.133218575236848,0.866853120146847,NA,0.548701840501438,"gaussian",0.25,"sandiego","broward",NA,NA,NA,NA,NA,NA,NA,NA,NA,NA,NA,NA,NA,NA,NA,NA,NA,NA
"sd-brow-rev","GraphSAGE + LayerNorm",1004,0.369038837409127,0.494812805213514,0.595920627082657,0.13972302859546,0.885952274006031,NA,0.550178606051119,"gaussian",0.25,"sandiego","broward",NA,NA,NA,NA,NA,NA,NA,NA,NA,NA,NA,NA,NA,NA,NA,NA,NA,NA
"sd-brow-rev","GraphSAGE + LayerNorm",1005,0.358469991581156,0.485751420142433,0.602955770317987,0.118560984534029,0.882795826347321,NA,0.566502692188267,"gaussian",0.25,"sandiego","broward",NA,NA,NA,NA,NA,NA,NA,NA,NA,NA,NA,NA,NA,NA,NA,NA,NA,NA
"sd-brow-rev","GraphSAGE + LayerNorm",1001,0.385883252696997,0.515157124359931,0.571241863516886,0.139489301765875,0.832679143243416,NA,0.512429223688312,"gaussian",0.5,"sandiego","broward",NA,NA,NA,NA,NA,NA,NA,NA,NA,NA,NA,NA,NA,NA,NA,NA,NA,NA
"sd-brow-rev","GraphSAGE + LayerNorm",1002,0.385528404621573,0.515387821362651,0.571987585917594,0.132262654314555,0.819214142126514,NA,0.51199243927065,"gaussian",0.5,"sandiego","broward",NA,NA,NA,NA,NA,NA,NA,NA,NA,NA,NA,NA,NA,NA,NA,NA,NA,NA
"sd-brow-rev","GraphSAGE + LayerNorm",1003,0.375240617813522,0.504565965718461,0.576499971831056,0.102025987517742,0.827349628124051,NA,0.532271156436886,"gaussian",0.5,"sandiego","broward",NA,NA,NA,NA,NA,NA,NA,NA,NA,NA,NA,NA,NA,NA,NA,NA,NA,NA
"sd-brow-rev","GraphSAGE + LayerNorm",1004,0.378335505424189,0.508551787319425,0.567499972503537,0.080883620045088,0.811480257845327,NA,0.524852316027599,"gaussian",0.5,"sandiego","broward",NA,NA,NA,NA,NA,NA,NA,NA,NA,NA,NA,NA,NA,NA,NA,NA,NA,NA
"sd-brow-rev","GraphSAGE + LayerNorm",1005,0.383647982043494,0.509870479995252,0.58615213821779,0.145535588275633,0.829244239139633,NA,0.522384971893336,"gaussian",0.5,"sandiego","broward",NA,NA,NA,NA,NA,NA,NA,NA,NA,NA,NA,NA,NA,NA,NA,NA,NA,NA
"sd-brow-rev","GraphSAGE + LayerNorm",1001,0.403675333654952,0.534286299345716,0.55143260364371,0.118198374183162,0.768181924657046,NA,0.475547304064282,"gaussian",1,"sandiego","broward",NA,NA,NA,NA,NA,NA,NA,NA,NA,NA,NA,NA,NA,NA,NA,NA,NA,NA
"sd-brow-rev","GraphSAGE + LayerNorm",1002,0.396949379589354,0.526185573913933,0.558404567663269,0.151196668713911,0.825145016641104,NA,0.491330004495673,"gaussian",1,"sandiego","broward",NA,NA,NA,NA,NA,NA,NA,NA,NA,NA,NA,NA,NA,NA,NA,NA,NA,NA
"sd-brow-rev","GraphSAGE + LayerNorm",1003,0.403111608253001,0.532649303988982,0.548941134550804,0.124147502199937,0.78359222818382,NA,0.478756113321859,"gaussian",1,"sandiego","broward",NA,NA,NA,NA,NA,NA,NA,NA,NA,NA,NA,NA,NA,NA,NA,NA,NA,NA
"sd-brow-rev","GraphSAGE + LayerNorm",1004,0.394184581273946,0.525220157194927,0.555365536164674,0.107217924980947,0.786240134153837,NA,0.49319485233773,"gaussian",1,"sandiego","broward",NA,NA,NA,NA,NA,NA,NA,NA,NA,NA,NA,NA,NA,NA,NA,NA,NA,NA
"sd-brow-rev","GraphSAGE + LayerNorm",1005,0.397902999632809,0.526616035055869,0.56477860704246,0.125934780219501,0.779591853706503,NA,0.490497400021795,"gaussian",1,"sandiego","broward",NA,NA,NA,NA,NA,NA,NA,NA,NA,NA,NA,NA,NA,NA,NA,NA,NA,NA
"sd-brow-rev","GraphSAGE + LayerNorm",1001,0.410264662866785,0.537973347426305,0.553531159700231,0.135191642737108,0.765976573283775,NA,0.468283953431925,"gaussian",2,"sandiego","broward",NA,NA,NA,NA,NA,NA,NA,NA,NA,NA,NA,NA,NA,NA,NA,NA,NA,NA
"sd-brow-rev","GraphSAGE + LayerNorm",1002,0.411784017598088,0.546712766633257,0.536362199691527,0.11549504456461,0.747829809584355,NA,0.450868094471662,"gaussian",2,"sandiego","broward",NA,NA,NA,NA,NA,NA,NA,NA,NA,NA,NA,NA,NA,NA,NA,NA,NA,NA
"sd-brow-rev","GraphSAGE + LayerNorm",1003,0.410391540677138,0.535745907988776,0.564562696308794,0.175159316287972,0.799473736002207,NA,0.472677901229751,"gaussian",2,"sandiego","broward",NA,NA,NA,NA,NA,NA,NA,NA,NA,NA,NA,NA,NA,NA,NA,NA,NA,NA
"sd-brow-rev","GraphSAGE + LayerNorm",1004,0.40101629885044,0.529673179697082,0.555597981461602,0.139345538464958,0.798546159869861,NA,0.48456463593827,"gaussian",2,"sandiego","broward",NA,NA,NA,NA,NA,NA,NA,NA,NA,NA,NA,NA,NA,NA,NA,NA,NA,NA
"sd-brow-rev","GraphSAGE + LayerNorm",1005,0.424764157038162,0.550509240110508,0.564704056064585,0.222089685616134,0.810497243558639,NA,0.443215069569621,"gaussian",2,"sandiego","broward",NA,NA,NA,NA,NA,NA,NA,NA,NA,NA,NA,NA,NA,NA,NA,NA,NA,NA
"la-chi-rev","OLS",1001,0.43531421737108,0.565950614194643,0.566065922588997,0.0799500193172022,0.822266098506113,NA,0.530243940452504,"uniform",1,"la","chicago",NA,NA,NA,NA,NA,NA,NA,NA,NA,NA,NA,NA,NA,NA,NA,NA,NA,NA
"la-chi-rev","XGBoost",1001,0.413917503370941,0.544457102413876,0.586768278506648,0.0253377927349655,0.842262649115333,NA,0.565246932613662,"uniform",1,"la","chicago",NA,NA,NA,NA,NA,NA,NA,NA,NA,NA,NA,NA,NA,NA,NA,NA,NA,NA
"la-chi-rev","XGBoost",1002,0.406246336867469,0.525844563880022,0.608296052097886,0.0716637816275069,0.907627719081237,NA,0.594463361502806,"uniform",1,"la","chicago",NA,NA,NA,NA,NA,NA,NA,NA,NA,NA,NA,NA,NA,NA,NA,NA,NA,NA
"la-chi-rev","XGBoost",1003,0.409573816395738,0.536969049042612,0.592549627655892,0.0190315525012782,0.863149423276125,NA,0.577123231495006,"uniform",1,"la","chicago",NA,NA,NA,NA,NA,NA,NA,NA,NA,NA,NA,NA,NA,NA,NA,NA,NA,NA
"la-chi-rev","XGBoost",1004,0.412461960707222,0.536015688660268,0.594120759641972,0.0472443052315522,0.874555318654553,NA,0.578623489541803,"uniform",1,"la","chicago",NA,NA,NA,NA,NA,NA,NA,NA,NA,NA,NA,NA,NA,NA,NA,NA,NA,NA
"la-chi-rev","XGBoost",1005,0.409876690863015,0.537261058782174,0.593088922294593,0.0317008031358056,0.862978674206112,NA,0.576663176259864,"uniform",1,"la","chicago",NA,NA,NA,NA,NA,NA,NA,NA,NA,NA,NA,NA,NA,NA,NA,NA,NA,NA
"la-chi-rev","XGBoost",1006,0.421945211619275,0.554189528280545,0.576607797910046,0.0262925061603485,0.824766408708468,NA,0.549565185276498,"uniform",1,"la","chicago",NA,NA,NA,NA,NA,NA,NA,NA,NA,NA,NA,NA,NA,NA,NA,NA,NA,NA
"la-chi-rev","XGBoost",1007,0.406806883544974,0.533545318434528,0.59721959816306,0.038020635357154,0.873167218014553,NA,0.582498589642766,"uniform",1,"la","chicago",NA,NA,NA,NA,NA,NA,NA,NA,NA,NA,NA,NA,NA,NA,NA,NA,NA,NA
"la-chi-rev","XGBoost",1008,0.406919218635536,0.534227070820136,0.596686335733235,0.0235390032533934,0.86536681648759,NA,0.581430959879111,"uniform",1,"la","chicago",NA,NA,NA,NA,NA,NA,NA,NA,NA,NA,NA,NA,NA,NA,NA,NA,NA,NA
"la-chi-rev","XGBoost",1009,0.403508685222866,0.525686238730617,0.606173037033222,0.065451035612983,0.915360123677456,NA,0.594707528647945,"uniform",1,"la","chicago",NA,NA,NA,NA,NA,NA,NA,NA,NA,NA,NA,NA,NA,NA,NA,NA,NA,NA
"la-chi-rev","XGBoost",1010,0.411315369719055,0.532839669375076,0.598563193504663,0.0540338925839841,0.882168513860476,NA,0.583602205950819,"uniform",1,"la","chicago",NA,NA,NA,NA,NA,NA,NA,NA,NA,NA,NA,NA,NA,NA,NA,NA,NA,NA
"la-chi-rev","XGBoost + lags",1001,0.412043551678101,0.544808526312101,0.577285698138292,-0.0130778874638523,0.872402191925392,NA,0.56468552226795,"uniform",1,"la","chicago",NA,NA,NA,NA,NA,NA,NA,NA,NA,NA,NA,NA,NA,NA,NA,NA,NA,NA
"la-chi-rev","XGBoost + lags",1002,0.410990493976401,0.543123552460367,0.578320878922204,-0.0253110769535059,0.883747676915778,NA,0.567374023674315,"uniform",1,"la","chicago",NA,NA,NA,NA,NA,NA,NA,NA,NA,NA,NA,NA,NA,NA,NA,NA,NA,NA
"la-chi-rev","XGBoost + lags",1003,0.398837773199307,0.533780515751443,0.600624192820922,-0.0601451622597313,0.870942326333598,NA,0.582130422773616,"uniform",1,"la","chicago",NA,NA,NA,NA,NA,NA,NA,NA,NA,NA,NA,NA,NA,NA,NA,NA,NA,NA
"la-chi-rev","XGBoost + lags",1004,0.40604282659488,0.539939649648372,0.579898495792167,0.00128099808377733,0.898104393993333,NA,0.572431442523982,"uniform",1,"la","chicago",NA,NA,NA,NA,NA,NA,NA,NA,NA,NA,NA,NA,NA,NA,NA,NA,NA,NA
"la-chi-rev","XGBoost + lags",1005,0.390424211962533,0.522572380944788,0.608876617881265,-0.0203091417902588,0.892807326155704,NA,0.599494739274277,"uniform",1,"la","chicago",NA,NA,NA,NA,NA,NA,NA,NA,NA,NA,NA,NA,NA,NA,NA,NA,NA,NA
"la-chi-rev","XGBoost + lags",1006,0.393957244553061,0.522809462206693,0.612283293093168,-0.0222035086687818,0.875291839533672,NA,0.599131253429598,"uniform",1,"la","chicago",NA,NA,NA,NA,NA,NA,NA,NA,NA,NA,NA,NA,NA,NA,NA,NA,NA,NA
"la-chi-rev","XGBoost + lags",1007,0.391770142205048,0.518020411971978,0.611502685983694,-0.0210567124076493,0.921719518889167,NA,0.606441709325431,"uniform",1,"la","chicago",NA,NA,NA,NA,NA,NA,NA,NA,NA,NA,NA,NA,NA,NA,NA,NA,NA,NA
"la-chi-rev","XGBoost + lags",1008,0.398514066411873,0.528261296490313,0.601629015405134,-0.0340282085118749,0.889929592834988,NA,0.590727178417889,"uniform",1,"la","chicago",NA,NA,NA,NA,NA,NA,NA,NA,NA,NA,NA,NA,NA,NA,NA,NA,NA,NA
"la-chi-rev","XGBoost + lags",1009,0.393074215634069,0.518509844062318,0.609517100832813,0.00686952454951184,0.927265731478143,NA,0.60569768052916,"uniform",1,"la","chicago",NA,NA,NA,NA,NA,NA,NA,NA,NA,NA,NA,NA,NA,NA,NA,NA,NA,NA
"la-chi-rev","XGBoost + lags",1010,0.402209468856423,0.530337864036822,0.595654881593139,-0.019178390371632,0.898434619126464,NA,0.587503194049624,"uniform",1,"la","chicago",NA,NA,NA,NA,NA,NA,NA,NA,NA,NA,NA,NA,NA,NA,NA,NA,NA,NA
"la-chi-rev","GraphSAGE",1001,0.365149890193907,0.497534702932157,0.65405139407636,-0.078407773822585,0.899963070240303,NA,0.636953649047998,"uniform",1,"la","chicago",NA,NA,NA,NA,NA,NA,NA,NA,NA,NA,NA,NA,NA,NA,NA,NA,NA,NA
"la-chi-rev","GraphSAGE",1002,0.368733780321241,0.504898896345975,0.645745550383978,-0.0919922461682367,0.904448191188121,NA,0.626126948600885,"uniform",1,"la","chicago",NA,NA,NA,NA,NA,NA,NA,NA,NA,NA,NA,NA,NA,NA,NA,NA,NA,NA
"la-chi-rev","GraphSAGE",1003,0.365403100883374,0.49857664583945,0.655793086856457,-0.0916651813209688,0.900321991010932,NA,0.635431465125565,"uniform",1,"la","chicago",NA,NA,NA,NA,NA,NA,NA,NA,NA,NA,NA,NA,NA,NA,NA,NA,NA,NA
"la-chi-rev","GraphSAGE",1004,0.37457393846029,0.509093402258451,0.641841460901774,-0.0969926591566638,0.898699085303176,NA,0.619889158064213,"uniform",1,"la","chicago",NA,NA,NA,NA,NA,NA,NA,NA,NA,NA,NA,NA,NA,NA,NA,NA,NA,NA
"la-chi-rev","GraphSAGE",1005,0.369752759241989,0.502622947487474,0.654881442305898,-0.111090730739969,0.904551640478403,NA,0.629489990589012,"uniform",1,"la","chicago",NA,NA,NA,NA,NA,NA,NA,NA,NA,NA,NA,NA,NA,NA,NA,NA,NA,NA
"la-chi-rev","GraphSAGE",1006,0.380285628712294,0.518254725559159,0.640500999706988,-0.110298488061409,0.861432514591151,NA,0.606085596289978,"uniform",1,"la","chicago",NA,NA,NA,NA,NA,NA,NA,NA,NA,NA,NA,NA,NA,NA,NA,NA,NA,NA
"la-chi-rev","GraphSAGE",1007,0.365875950297694,0.500459728159344,0.660745575447165,-0.115546043470537,0.898172817959046,NA,0.632672374749246,"uniform",1,"la","chicago",NA,NA,NA,NA,NA,NA,NA,NA,NA,NA,NA,NA,NA,NA,NA,NA,NA,NA
"la-chi-rev","GraphSAGE",1008,0.360137926939163,0.492262337815391,0.664744841960192,-0.0937587454428277,0.90547064825756,NA,0.644607269981396,"uniform",1,"la","chicago",NA,NA,NA,NA,NA,NA,NA,NA,NA,NA,NA,NA,NA,NA,NA,NA,NA,NA
"la-chi-rev","GraphSAGE",1009,0.36134227712852,0.492163972740431,0.65958900830494,-0.0656780578079634,0.897981175096246,NA,0.644749286695343,"uniform",1,"la","chicago",NA,NA,NA,NA,NA,NA,NA,NA,NA,NA,NA,NA,NA,NA,NA,NA,NA,NA
"la-chi-rev","GraphSAGE",1010,0.373305377181806,0.507195314467092,0.64798760501762,-0.10245814917571,0.890124872766996,NA,0.62271826080495,"uniform",1,"la","chicago",NA,NA,NA,NA,NA,NA,NA,NA,NA,NA,NA,NA,NA,NA,NA,NA,NA,NA
"la-chi-rev","GraphSAGE + LayerNorm",1001,0.365982048627845,0.498426052554544,0.648037449079566,-0.0842517649376227,0.947679532173578,NA,0.635651665097975,"uniform",1,"la","chicago",NA,NA,NA,NA,NA,NA,NA,NA,NA,NA,NA,NA,NA,NA,NA,NA,NA,NA
"la-chi-rev","GraphSAGE + LayerNorm",1002,0.369284471123202,0.506410452658128,0.636741131894913,-0.0913148978535005,0.969576991846838,NA,0.623885010214264,"uniform",1,"la","chicago",NA,NA,NA,NA,NA,NA,NA,NA,NA,NA,NA,NA,NA,NA,NA,NA,NA,NA
"la-chi-rev","GraphSAGE + LayerNorm",1003,0.372884448713226,0.508914975729785,0.6350495946214,-0.0866305127877146,0.927438274943347,NA,0.62015555308197,"uniform",1,"la","chicago",NA,NA,NA,NA,NA,NA,NA,NA,NA,NA,NA,NA,NA,NA,NA,NA,NA,NA
"la-chi-rev","GraphSAGE + LayerNorm",1004,0.363018953210154,0.494997573972361,0.651357049573944,-0.0617657636030376,0.91859690291166,NA,0.640646846277887,"uniform",1,"la","chicago",NA,NA,NA,NA,NA,NA,NA,NA,NA,NA,NA,NA,NA,NA,NA,NA,NA,NA
"la-chi-rev","GraphSAGE + LayerNorm",1005,0.36541798774369,0.499315590048097,0.648687834238965,-0.0850032821281351,0.929421345426899,NA,0.634350004746186,"uniform",1,"la","chicago",NA,NA,NA,NA,NA,NA,NA,NA,NA,NA,NA,NA,NA,NA,NA,NA,NA,NA
"la-chi-rev","GraphSAGE + LayerNorm",1006,0.372280266882266,0.506064901917735,0.633537170306598,-0.0676043606339784,0.941610545851031,NA,0.624398121548687,"uniform",1,"la","chicago",NA,NA,NA,NA,NA,NA,NA,NA,NA,NA,NA,NA,NA,NA,NA,NA,NA,NA
"la-chi-rev","GraphSAGE + LayerNorm",1007,0.36815607279309,0.504011570577344,0.642035109988777,-0.0923769838763396,0.946148643530551,NA,0.627439907228602,"uniform",1,"la","chicago",NA,NA,NA,NA,NA,NA,NA,NA,NA,NA,NA,NA,NA,NA,NA,NA,NA,NA
"la-chi-rev","GraphSAGE + LayerNorm",1008,0.372144839164067,0.508176752793255,0.637752547657532,-0.0903327689922529,0.922285234687224,NA,0.621256744902286,"uniform",1,"la","chicago",NA,NA,NA,NA,NA,NA,NA,NA,NA,NA,NA,NA,NA,NA,NA,NA,NA,NA
"la-chi-rev","GraphSAGE + LayerNorm",1009,0.370345850067707,0.508368583606378,0.637091534042768,-0.0982310952448134,0.947335454314468,NA,0.620970748585732,"uniform",1,"la","chicago",NA,NA,NA,NA,NA,NA,NA,NA,NA,NA,NA,NA,NA,NA,NA,NA,NA,NA
"la-chi-rev","GraphSAGE + LayerNorm",1010,0.367850585855111,0.504711749305866,0.638824527211411,-0.0839211319393275,0.94587836642847,NA,0.626404058604371,"uniform",1,"la","chicago",NA,NA,NA,NA,NA,NA,NA,NA,NA,NA,NA,NA,NA,NA,NA,NA,NA,NA
"la-chi-rev","GraphSAGE + LayerNorm",1001,0.391800296502332,0.519564169192863,0.609042352861716,0.00014179663694681,0.91730418062496,NA,0.604092521014812,"gaussian",0.1,"la","chicago",NA,NA,NA,NA,NA,NA,NA,NA,NA,NA,NA,NA,NA,NA,NA,NA,NA,NA
"la-chi-rev","GraphSAGE + LayerNorm",1002,0.390686031743459,0.521566606648401,0.606633526814615,-0.0051422486268822,0.912630102562585,NA,0.60103492879703,"gaussian",0.1,"la","chicago",NA,NA,NA,NA,NA,NA,NA,NA,NA,NA,NA,NA,NA,NA,NA,NA,NA,NA
"la-chi-rev","GraphSAGE + LayerNorm",1003,0.389145206297916,0.517670926396462,0.613009939306113,0.00636176619428971,0.910123673818633,NA,0.606972563112082,"gaussian",0.1,"la","chicago",NA,NA,NA,NA,NA,NA,NA,NA,NA,NA,NA,NA,NA,NA,NA,NA,NA,NA
"la-chi-rev","GraphSAGE + LayerNorm",1004,0.388893249988518,0.516437666917906,0.61258891618962,0.0167733569190861,0.931301923815844,NA,0.60884296929261,"gaussian",0.1,"la","chicago",NA,NA,NA,NA,NA,NA,NA,NA,NA,NA,NA,NA,NA,NA,NA,NA,NA,NA
"la-chi-rev","GraphSAGE + LayerNorm",1005,0.390820368852686,0.519458438994862,0.610451733693187,0.0157156876618382,0.910933618648382,NA,0.60425363727139,"gaussian",0.1,"la","chicago",NA,NA,NA,NA,NA,NA,NA,NA,NA,NA,NA,NA,NA,NA,NA,NA,NA,NA
"la-chi-rev","GraphSAGE + LayerNorm",1001,0.377309456427635,0.509045292861095,0.623090536824682,-0.0329827421655582,0.95272675388226,NA,0.619960995724632,"gaussian",0.25,"la","chicago",NA,NA,NA,NA,NA,NA,NA,NA,NA,NA,NA,NA,NA,NA,NA,NA,NA,NA
"la-chi-rev","GraphSAGE + LayerNorm",1002,0.378626933140261,0.509706885267411,0.620867796737977,-0.0179087752710827,0.954283523726224,NA,0.618972500940983,"gaussian",0.25,"la","chicago",NA,NA,NA,NA,NA,NA,NA,NA,NA,NA,NA,NA,NA,NA,NA,NA,NA,NA
"la-chi-rev","GraphSAGE + LayerNorm",1003,0.374343976725166,0.502924084084926,0.632108045787198,-0.0253356314885526,0.945248664902305,NA,0.629045890104428,"gaussian",0.25,"la","chicago",NA,NA,NA,NA,NA,NA,NA,NA,NA,NA,NA,NA,NA,NA,NA,NA,NA,NA
"la-chi-rev","GraphSAGE + LayerNorm",1004,0.374575547185943,0.502285029871428,0.632422483792673,-0.0129740769885282,0.944453033186009,NA,0.629988017082222,"gaussian",0.25,"la","chicago",NA,NA,NA,NA,NA,NA,NA,NA,NA,NA,NA,NA,NA,NA,NA,NA,NA,NA
"la-chi-rev","GraphSAGE + LayerNorm",1005,0.37682905582355,0.50677448447336,0.625037424077405,-0.0125066085145654,0.953838045309923,NA,0.623344077327687,"gaussian",0.25,"la","chicago",NA,NA,NA,NA,NA,NA,NA,NA,NA,NA,NA,NA,NA,NA,NA,NA,NA,NA
"la-chi-rev","GraphSAGE + LayerNorm",1001,0.372962178711167,0.509178095564898,0.625184719180897,-0.05218984806412,0.954397888362616,NA,0.619762676276413,"gaussian",0.5,"la","chicago",NA,NA,NA,NA,NA,NA,NA,NA,NA,NA,NA,NA,NA,NA,NA,NA,NA,NA
"la-chi-rev","GraphSAGE + LayerNorm",1002,0.371584679592175,0.506144589649838,0.631566591161936,-0.0639983997367991,0.956923275416585,NA,0.624279823605906,"gaussian",0.5,"la","chicago",NA,NA,NA,NA,NA,NA,NA,NA,NA,NA,NA,NA,NA,NA,NA,NA,NA,NA
"la-chi-rev","GraphSAGE + LayerNorm",1003,0.372247514894327,0.505758758393113,0.630174581195785,-0.0512832155993724,0.954001930540988,NA,0.624852424155003,"gaussian",0.5,"la","chicago",NA,NA,NA,NA,NA,NA,NA,NA,NA,NA,NA,NA,NA,NA,NA,NA,NA,NA
"la-chi-rev","GraphSAGE + LayerNorm",1004,0.372708634868364,0.507014695624006,0.627871499744716,-0.0443928592018591,0.946648447059081,NA,0.622986922820514,"gaussian",0.5,"la","chicago",NA,NA,NA,NA,NA,NA,NA,NA,NA,NA,NA,NA,NA,NA,NA,NA,NA,NA
"la-chi-rev","GraphSAGE + LayerNorm",1005,0.374371644029878,0.507772000417163,0.629210583307092,-0.0459255683572752,0.9239944040704,NA,0.621859827127257,"gaussian",0.5,"la","chicago",NA,NA,NA,NA,NA,NA,NA,NA,NA,NA,NA,NA,NA,NA,NA,NA,NA,NA
"la-chi-rev","GraphSAGE + LayerNorm",1001,0.370103305714459,0.506273926622787,0.634433949357138,-0.0827330086723838,0.978456199360329,NA,0.624087780778417,"gaussian",1,"la","chicago",NA,NA,NA,NA,NA,NA,NA,NA,NA,NA,NA,NA,NA,NA,NA,NA,NA,NA
"la-chi-rev","GraphSAGE + LayerNorm",1002,0.366486155076458,0.498945667839078,0.64507943259329,-0.0802467123904227,0.967164380669936,NA,0.634891593879969,"gaussian",1,"la","chicago",NA,NA,NA,NA,NA,NA,NA,NA,NA,NA,NA,NA,NA,NA,NA,NA,NA,NA
"la-chi-rev","GraphSAGE + LayerNorm",1003,0.367770285219912,0.50177960965664,0.64234077859023,-0.0801278201230269,0.944805543792655,NA,0.630732285516868,"gaussian",1,"la","chicago",NA,NA,NA,NA,NA,NA,NA,NA,NA,NA,NA,NA,NA,NA,NA,NA,NA,NA
"la-chi-rev","GraphSAGE + LayerNorm",1004,0.367807277422778,0.503769199912261,0.636617047159431,-0.0714802622336969,0.956363405584466,NA,0.627798136806784,"gaussian",1,"la","chicago",NA,NA,NA,NA,NA,NA,NA,NA,NA,NA,NA,NA,NA,NA,NA,NA,NA,NA
"la-chi-rev","GraphSAGE + LayerNorm",1005,0.374615057301635,0.514142890240354,0.631879263878595,-0.105285328714408,0.932504328181677,NA,0.612311437292093,"gaussian",1,"la","chicago",NA,NA,NA,NA,NA,NA,NA,NA,NA,NA,NA,NA,NA,NA,NA,NA,NA,NA
"la-chi-rev","GraphSAGE + LayerNorm",1001,0.366360710557839,0.501320437392471,0.64703159340893,-0.100509310025685,0.965870175775913,NA,0.631407800859894,"gaussian",2,"la","chicago",NA,NA,NA,NA,NA,NA,NA,NA,NA,NA,NA,NA,NA,NA,NA,NA,NA,NA
"la-chi-rev","GraphSAGE + LayerNorm",1002,0.367230783253879,0.503848775373473,0.640745999363963,-0.090094479674208,0.959171909743392,NA,0.627680541391362,"gaussian",2,"la","chicago",NA,NA,NA,NA,NA,NA,NA,NA,NA,NA,NA,NA,NA,NA,NA,NA,NA,NA
"la-chi-rev","GraphSAGE + LayerNorm",1003,0.374649240801824,0.513106844196467,0.635496788379879,-0.109944016819416,0.927382615501079,NA,0.613872320520468,"gaussian",2,"la","chicago",NA,NA,NA,NA,NA,NA,NA,NA,NA,NA,NA,NA,NA,NA,NA,NA,NA,NA
"la-chi-rev","GraphSAGE + LayerNorm",1004,0.372148808730848,0.509726344746989,0.634479311517454,-0.0908984091965217,0.931621998026065,NA,0.618943406814192,"gaussian",2,"la","chicago",NA,NA,NA,NA,NA,NA,NA,NA,NA,NA,NA,NA,NA,NA,NA,NA,NA,NA
"la-chi-rev","GraphSAGE + LayerNorm",1005,0.368071923960664,0.50537250117388,0.643289728788369,-0.100112451390992,0.934450956177155,NA,0.625425219482152,"gaussian",2,"la","chicago",NA,NA,NA,NA,NA,NA,NA,NA,NA,NA,NA,NA,NA,NA,NA,NA,NA,NA
"ames-kc-rev","OLS",1001,0.359471614391471,0.450961459463879,0.349754772358594,-0.0389848387997531,0.680028434212951,NA,0.266841552626013,"uniform",1,"ames","kc",NA,NA,NA,NA,NA,NA,NA,NA,NA,NA,NA,NA,NA,NA,NA,NA,NA,NA
"ames-kc-rev","XGBoost",1001,0.39203232101496,0.494600112630986,0.235879896389429,-0.113254664858625,0.644838938030399,NA,0.118083617785571,"uniform",1,"ames","kc",NA,NA,NA,NA,NA,NA,NA,NA,NA,NA,NA,NA,NA,NA,NA,NA,NA,NA
"ames-kc-rev","XGBoost",1002,0.382860389237793,0.475764587466114,0.253450552550164,-0.111398778299708,0.76195712223852,NA,0.183975469300068,"uniform",1,"ames","kc",NA,NA,NA,NA,NA,NA,NA,NA,NA,NA,NA,NA,NA,NA,NA,NA,NA,NA
"ames-kc-rev","XGBoost",1003,0.398508995883472,0.500180606137522,0.227401492366777,-0.108802821099751,0.618314199056461,NA,0.0980703063209871,"uniform",1,"ames","kc",NA,NA,NA,NA,NA,NA,NA,NA,NA,NA,NA,NA,NA,NA,NA,NA,NA,NA
"ames-kc-rev","XGBoost",1004,0.385219728275921,0.482551418655949,0.25894322906222,-0.0865298633412533,0.655657160230033,NA,0.160528064721394,"uniform",1,"ames","kc",NA,NA,NA,NA,NA,NA,NA,NA,NA,NA,NA,NA,NA,NA,NA,NA,NA,NA
"ames-kc-rev","XGBoost",1005,0.395369880823726,0.493528715884039,0.230493563397127,-0.124758877654175,0.676971950187621,NA,0.121900272584311,"uniform",1,"ames","kc",NA,NA,NA,NA,NA,NA,NA,NA,NA,NA,NA,NA,NA,NA,NA,NA,NA,NA
"ames-kc-rev","XGBoost",1006,0.381921196413315,0.479736946294172,0.237903321884053,-0.080642338858975,0.698875099479423,NA,0.170291917246717,"uniform",1,"ames","kc",NA,NA,NA,NA,NA,NA,NA,NA,NA,NA,NA,NA,NA,NA,NA,NA,NA,NA
"ames-kc-rev","XGBoost",1007,0.392728660895635,0.490889544956612,0.238632793446774,-0.0955760254141004,0.641643417734458,NA,0.131266531690343,"uniform",1,"ames","kc",NA,NA,NA,NA,NA,NA,NA,NA,NA,NA,NA,NA,NA,NA,NA,NA,NA,NA
"ames-kc-rev","XGBoost",1008,0.379313096989305,0.475990462565068,0.258140273831086,-0.0769151777861105,0.686942458818886,NA,0.183200449971251,"uniform",1,"ames","kc",NA,NA,NA,NA,NA,NA,NA,NA,NA,NA,NA,NA,NA,NA,NA,NA,NA,NA
"ames-kc-rev","XGBoost",1009,0.372150779090382,0.464981902890665,0.284458395651479,-0.0863710907170051,0.734889188658905,NA,0.220544924967671,"uniform",1,"ames","kc",NA,NA,NA,NA,NA,NA,NA,NA,NA,NA,NA,NA,NA,NA,NA,NA,NA,NA
"ames-kc-rev","XGBoost",1010,0.378905986541406,0.471277565731422,0.253799224241503,-0.0850367717329878,0.749221885533844,NA,0.199295035632115,"uniform",1,"ames","kc",NA,NA,NA,NA,NA,NA,NA,NA,NA,NA,NA,NA,NA,NA,NA,NA,NA,NA
"ames-kc-rev","XGBoost + lags",1001,0.366788266981601,0.456535484617924,0.316818911788381,-0.0735446503796625,0.718327555172129,NA,0.248605405655582,"uniform",1,"ames","kc",NA,NA,NA,NA,NA,NA,NA,NA,NA,NA,NA,NA,NA,NA,NA,NA,NA,NA
"ames-kc-rev","XGBoost + lags",1002,0.370874625684377,0.455097827779802,0.273576255048536,0.00353152195131265,0.786326832347108,NA,0.253330325105442,"uniform",1,"ames","kc",NA,NA,NA,NA,NA,NA,NA,NA,NA,NA,NA,NA,NA,NA,NA,NA,NA,NA
"ames-kc-rev","XGBoost + lags",1003,0.372438720256708,0.462037258141295,0.292994012237447,-0.0601249128042856,0.70854484332563,NA,0.230385956123864,"uniform",1,"ames","kc",NA,NA,NA,NA,NA,NA,NA,NA,NA,NA,NA,NA,NA,NA,NA,NA,NA,NA
"ames-kc-rev","XGBoost + lags",1004,0.364034686989168,0.451576279743357,0.300258365010876,-0.0527609972519096,0.774746332755068,NA,0.264841080322562,"uniform",1,"ames","kc",NA,NA,NA,NA,NA,NA,NA,NA,NA,NA,NA,NA,NA,NA,NA,NA,NA,NA
"ames-kc-rev","XGBoost + lags",1005,0.355248607996468,0.438125241776211,0.325639582884382,-0.0366444915565135,0.834469596513883,NA,0.307984952437974,"uniform",1,"ames","kc",NA,NA,NA,NA,NA,NA,NA,NA,NA,NA,NA,NA,NA,NA,NA,NA,NA,NA
"ames-kc-rev","XGBoost + lags",1006,0.356720991223506,0.446054037238282,0.304555003922441,-0.076702810806203,0.956378935824543,NA,0.282711385732246,"uniform",1,"ames","kc",NA,NA,NA,NA,NA,NA,NA,NA,NA,NA,NA,NA,NA,NA,NA,NA,NA,NA
"ames-kc-rev","XGBoost + lags",1007,0.383073510565489,0.470745898341982,0.291187690252592,-0.0392193320774682,0.649845645979127,NA,0.201100632246073,"uniform",1,"ames","kc",NA,NA,NA,NA,NA,NA,NA,NA,NA,NA,NA,NA,NA,NA,NA,NA,NA,NA
"ames-kc-rev","XGBoost + lags",1008,0.380956691083016,0.475309601135048,0.262031561660281,-0.0908454183744926,0.703056489331143,NA,0.185535494928649,"uniform",1,"ames","kc",NA,NA,NA,NA,NA,NA,NA,NA,NA,NA,NA,NA,NA,NA,NA,NA,NA,NA
"ames-kc-rev","XGBoost + lags",1009,0.358820551391005,0.444303626445188,0.318773991156266,-0.0694723850869983,0.831747848047585,NA,0.288329925665254,"uniform",1,"ames","kc",NA,NA,NA,NA,NA,NA,NA,NA,NA,NA,NA,NA,NA,NA,NA,NA,NA,NA
"ames-kc-rev","XGBoost + lags",1010,0.352296238519608,0.436868257526527,0.338614835558176,-0.0539427761400559,0.820643349049466,NA,0.311950047926117,"uniform",1,"ames","kc",NA,NA,NA,NA,NA,NA,NA,NA,NA,NA,NA,NA,NA,NA,NA,NA,NA,NA
"ames-kc-rev","GraphSAGE",1001,0.433355851812414,0.556359412870051,0.3015858899437,0.102791229432941,0.471337482387184,NA,-0.115911796043879,"uniform",1,"ames","kc",NA,NA,NA,NA,NA,NA,NA,NA,NA,NA,NA,NA,NA,NA,NA,NA,NA,NA
"ames-kc-rev","GraphSAGE",1002,0.414739950312771,0.515250607475343,0.313966053571839,-0.0395955885810687,0.520988300779867,NA,0.0429028718025027,"uniform",1,"ames","kc",NA,NA,NA,NA,NA,NA,NA,NA,NA,NA,NA,NA,NA,NA,NA,NA,NA,NA
"ames-kc-rev","GraphSAGE",1003,0.385189913309356,0.489387626979605,0.371155082520161,-0.0242970036937506,0.55822639161413,NA,0.136574326102374,"uniform",1,"ames","kc",NA,NA,NA,NA,NA,NA,NA,NA,NA,NA,NA,NA,NA,NA,NA,NA,NA,NA
"ames-kc-rev","GraphSAGE",1004,0.397615347006021,0.491144863936456,0.341164733868396,-0.0586482457476538,0.567347055741766,NA,0.13036261419205,"uniform",1,"ames","kc",NA,NA,NA,NA,NA,NA,NA,NA,NA,NA,NA,NA,NA,NA,NA,NA,NA,NA
"ames-kc-rev","GraphSAGE",1005,0.402234756222013,0.500644235380912,0.292787284303804,-0.0174307733963702,0.550445035556045,NA,0.0963974914297528,"uniform",1,"ames","kc",NA,NA,NA,NA,NA,NA,NA,NA,NA,NA,NA,NA,NA,NA,NA,NA,NA,NA
"ames-kc-rev","GraphSAGE",1006,0.433461428551892,0.558580928257794,0.249974265091321,-0.129322808974656,0.471319476985725,NA,-0.124841148045106,"uniform",1,"ames","kc",NA,NA,NA,NA,NA,NA,NA,NA,NA,NA,NA,NA,NA,NA,NA,NA,NA,NA
"ames-kc-rev","GraphSAGE",1007,0.364567745345139,0.459609003731136,0.397794279076506,-0.0689796361566694,0.625837004104457,NA,0.23845417070785,"uniform",1,"ames","kc",NA,NA,NA,NA,NA,NA,NA,NA,NA,NA,NA,NA,NA,NA,NA,NA,NA,NA
"ames-kc-rev","GraphSAGE",1008,0.39354853533897,0.501423212015846,0.269002677848345,0.0105300104232698,0.553522110379259,NA,0.0935833859382865,"uniform",1,"ames","kc",NA,NA,NA,NA,NA,NA,NA,NA,NA,NA,NA,NA,NA,NA,NA,NA,NA,NA
"ames-kc-rev","GraphSAGE",1009,0.44905253614617,0.554354438268131,0.331887736921083,-0.0709696761969985,0.470124172945655,NA,-0.107883376648145,"uniform",1,"ames","kc",NA,NA,NA,NA,NA,NA,NA,NA,NA,NA,NA,NA,NA,NA,NA,NA,NA,NA
"ames-kc-rev","GraphSAGE",1010,0.435891311404032,0.532083557170163,0.277352253686168,0.127807275481701,0.518532861219283,NA,-0.0206542884202696,"uniform",1,"ames","kc",NA,NA,NA,NA,NA,NA,NA,NA,NA,NA,NA,NA,NA,NA,NA,NA,NA,NA
"ames-kc-rev","GraphSAGE + LayerNorm",1001,0.359702037436469,0.443641974774381,0.323312790611037,-0.0690934454327023,0.819643728639825,NA,0.290447968611616,"uniform",1,"ames","kc",NA,NA,NA,NA,NA,NA,NA,NA,NA,NA,NA,NA,NA,NA,NA,NA,NA,NA
"ames-kc-rev","GraphSAGE + LayerNorm",1002,0.379705162178074,0.476434156397195,0.269598378181358,-0.123460617768756,0.740902039322576,NA,0.181676983177575,"uniform",1,"ames","kc",NA,NA,NA,NA,NA,NA,NA,NA,NA,NA,NA,NA,NA,NA,NA,NA,NA,NA
"ames-kc-rev","GraphSAGE + LayerNorm",1003,0.369497841159957,0.458946497221091,0.342592482262764,-0.121712543237768,0.726530918474323,NA,0.240648059152549,"uniform",1,"ames","kc",NA,NA,NA,NA,NA,NA,NA,NA,NA,NA,NA,NA,NA,NA,NA,NA,NA,NA
"ames-kc-rev","GraphSAGE + LayerNorm",1004,0.366573959751291,0.448703186178101,0.312501856621047,0.0959720094685433,0.886422256750751,NA,0.27416602152856,"uniform",1,"ames","kc",NA,NA,NA,NA,NA,NA,NA,NA,NA,NA,NA,NA,NA,NA,NA,NA,NA,NA
"ames-kc-rev","GraphSAGE + LayerNorm",1005,0.368452737298701,0.453157939786618,0.3490176175583,-0.072574795903359,0.690154543771683,NA,0.25968222737699,"uniform",1,"ames","kc",NA,NA,NA,NA,NA,NA,NA,NA,NA,NA,NA,NA,NA,NA,NA,NA,NA,NA
"ames-kc-rev","GraphSAGE + LayerNorm",1006,0.358394708368699,0.440419092830447,0.32433938877727,0.000357767828685205,0.787490678909618,NA,0.300719747235651,"uniform",1,"ames","kc",NA,NA,NA,NA,NA,NA,NA,NA,NA,NA,NA,NA,NA,NA,NA,NA,NA,NA
"ames-kc-rev","GraphSAGE + LayerNorm",1007,0.337305187925936,0.422703295716419,0.391879737048932,-0.0921456383294149,1.13333668623278,NA,0.355845187125293,"uniform",1,"ames","kc",NA,NA,NA,NA,NA,NA,NA,NA,NA,NA,NA,NA,NA,NA,NA,NA,NA,NA
"ames-kc-rev","GraphSAGE + LayerNorm",1008,0.387924333987746,0.472602471711045,0.252689850989953,0.0905902233015786,0.749198318109616,NA,0.194786652155377,"uniform",1,"ames","kc",NA,NA,NA,NA,NA,NA,NA,NA,NA,NA,NA,NA,NA,NA,NA,NA,NA,NA
"ames-kc-rev","GraphSAGE + LayerNorm",1009,0.384547358399167,0.475686435704725,0.261082333377787,-0.0936315574310559,0.706096790349834,NA,0.184243536819904,"uniform",1,"ames","kc",NA,NA,NA,NA,NA,NA,NA,NA,NA,NA,NA,NA,NA,NA,NA,NA,NA,NA
"ames-kc-rev","GraphSAGE + LayerNorm",1010,0.355898462422201,0.440149118629338,0.319441024135604,-0.0533541700156949,0.866354376042127,NA,0.30157679348017,"uniform",1,"ames","kc",NA,NA,NA,NA,NA,NA,NA,NA,NA,NA,NA,NA,NA,NA,NA,NA,NA,NA
"ames-kc-rev","GraphSAGE + LayerNorm",1001,0.360717074199299,0.447581171639578,0.325433747092293,-0.111140391552765,0.910932252452686,NA,0.277791482961732,"gaussian",0.1,"ames","kc",NA,NA,NA,NA,NA,NA,NA,NA,NA,NA,NA,NA,NA,NA,NA,NA,NA,NA
"ames-kc-rev","GraphSAGE + LayerNorm",1002,0.352125808585028,0.435915485594691,0.34857878728373,-0.0965711124163276,1.00528603917247,NA,0.31494793031601,"gaussian",0.1,"ames","kc",NA,NA,NA,NA,NA,NA,NA,NA,NA,NA,NA,NA,NA,NA,NA,NA,NA,NA
"ames-kc-rev","GraphSAGE + LayerNorm",1003,0.358264589400058,0.44640439116065,0.344509558883798,-0.130953624572842,0.94647363105111,NA,0.281584152023232,"gaussian",0.1,"ames","kc",NA,NA,NA,NA,NA,NA,NA,NA,NA,NA,NA,NA,NA,NA,NA,NA,NA,NA
"ames-kc-rev","GraphSAGE + LayerNorm",1004,0.355875028399787,0.440812248659013,0.351425785858476,-0.120039951919223,1.00443705878113,NA,0.299470715016313,"gaussian",0.1,"ames","kc",NA,NA,NA,NA,NA,NA,NA,NA,NA,NA,NA,NA,NA,NA,NA,NA,NA,NA
"ames-kc-rev","GraphSAGE + LayerNorm",1005,0.348015792065537,0.432098342640503,0.363101529757883,-0.0997850187652847,1.03021626058957,NA,0.326892872634802,"gaussian",0.1,"ames","kc",NA,NA,NA,NA,NA,NA,NA,NA,NA,NA,NA,NA,NA,NA,NA,NA,NA,NA
"ames-kc-rev","GraphSAGE + LayerNorm",1001,0.352108449501513,0.438426527234075,0.373193955072021,-0.134388558610524,1.0560619955296,NA,0.307032869617378,"gaussian",0.25,"ames","kc",NA,NA,NA,NA,NA,NA,NA,NA,NA,NA,NA,NA,NA,NA,NA,NA,NA,NA
"ames-kc-rev","GraphSAGE + LayerNorm",1002,0.343300598642061,0.425811119538004,0.358977552871441,-0.0476370929695427,1.12541665646794,NA,0.346338381723578,"gaussian",0.25,"ames","kc",NA,NA,NA,NA,NA,NA,NA,NA,NA,NA,NA,NA,NA,NA,NA,NA,NA,NA
"ames-kc-rev","GraphSAGE + LayerNorm",1003,0.343142511226253,0.424143009516756,0.358175351753915,-0.0209785689011034,0.893031299216394,NA,0.351449773472797,"gaussian",0.25,"ames","kc",NA,NA,NA,NA,NA,NA,NA,NA,NA,NA,NA,NA,NA,NA,NA,NA,NA,NA
"ames-kc-rev","GraphSAGE + LayerNorm",1004,0.346971516134965,0.430043564552149,0.363061598012216,-0.0846323977301537,1.1166183593361,NA,0.333279369008489,"gaussian",0.25,"ames","kc",NA,NA,NA,NA,NA,NA,NA,NA,NA,NA,NA,NA,NA,NA,NA,NA,NA,NA
"ames-kc-rev","GraphSAGE + LayerNorm",1005,0.340987105691413,0.423521081546757,0.366251253317067,-0.0527603128052464,0.918734972921466,NA,0.353350339066227,"gaussian",0.25,"ames","kc",NA,NA,NA,NA,NA,NA,NA,NA,NA,NA,NA,NA,NA,NA,NA,NA,NA,NA
"ames-kc-rev","GraphSAGE + LayerNorm",1001,0.351815577890907,0.440354864844083,0.39092806332648,-0.157693630235128,1.03107064393722,NA,0.300923689745534,"gaussian",0.5,"ames","kc",NA,NA,NA,NA,NA,NA,NA,NA,NA,NA,NA,NA,NA,NA,NA,NA,NA,NA
"ames-kc-rev","GraphSAGE + LayerNorm",1002,0.345350489492728,0.43120764280815,0.378080480453975,-0.101196515439255,0.851515137212212,NA,0.329665012323547,"gaussian",0.5,"ames","kc",NA,NA,NA,NA,NA,NA,NA,NA,NA,NA,NA,NA,NA,NA,NA,NA,NA,NA
"ames-kc-rev","GraphSAGE + LayerNorm",1003,0.367261066243511,0.460936029073651,0.391492819859139,-0.175545399688266,0.744008472899494,NA,0.234050211943866,"gaussian",0.5,"ames","kc",NA,NA,NA,NA,NA,NA,NA,NA,NA,NA,NA,NA,NA,NA,NA,NA,NA,NA
"ames-kc-rev","GraphSAGE + LayerNorm",1004,0.33347528691951,0.414566909474243,0.407573802393856,-0.0866079618500488,1.01801001070483,NA,0.380404498298305,"gaussian",0.5,"ames","kc",NA,NA,NA,NA,NA,NA,NA,NA,NA,NA,NA,NA,NA,NA,NA,NA,NA,NA
"ames-kc-rev","GraphSAGE + LayerNorm",1005,0.335645004952322,0.416855013036912,0.420722407323796,-0.0811169972121089,0.808988607688926,NA,0.373546203688306,"gaussian",0.5,"ames","kc",NA,NA,NA,NA,NA,NA,NA,NA,NA,NA,NA,NA,NA,NA,NA,NA,NA,NA
"ames-kc-rev","GraphSAGE + LayerNorm",1001,0.340552066069498,0.424907242509062,0.390508237020349,-0.107157047146451,0.998029012587138,NA,0.349110515244129,"gaussian",1,"ames","kc",NA,NA,NA,NA,NA,NA,NA,NA,NA,NA,NA,NA,NA,NA,NA,NA,NA,NA
"ames-kc-rev","GraphSAGE + LayerNorm",1002,0.339937498664893,0.426678493199822,0.395221332545258,-0.116512919440077,0.924865727857688,NA,0.34367266304786,"gaussian",1,"ames","kc",NA,NA,NA,NA,NA,NA,NA,NA,NA,NA,NA,NA,NA,NA,NA,NA,NA,NA
"ames-kc-rev","GraphSAGE + LayerNorm",1003,0.352962652550331,0.444808241616553,0.398441369605063,-0.162123919078166,0.828922833760187,NA,0.286712457658936,"gaussian",1,"ames","kc",NA,NA,NA,NA,NA,NA,NA,NA,NA,NA,NA,NA,NA,NA,NA,NA,NA,NA
"ames-kc-rev","GraphSAGE + LayerNorm",1004,0.332495724929956,0.413562794159231,0.385255423695185,-0.0226246564041173,0.995529356504332,NA,0.383402286469359,"gaussian",1,"ames","kc",NA,NA,NA,NA,NA,NA,NA,NA,NA,NA,NA,NA,NA,NA,NA,NA,NA,NA
"ames-kc-rev","GraphSAGE + LayerNorm",1005,0.336926472309776,0.421647579588845,0.42233431186014,-0.117783334154642,0.849469079774186,NA,0.359058767023927,"gaussian",1,"ames","kc",NA,NA,NA,NA,NA,NA,NA,NA,NA,NA,NA,NA,NA,NA,NA,NA,NA,NA
"ames-kc-rev","GraphSAGE + LayerNorm",1001,0.341353138147102,0.424006074008878,0.376303912987852,-0.0818808386780144,0.974146472978902,NA,0.351868477619656,"gaussian",2,"ames","kc",NA,NA,NA,NA,NA,NA,NA,NA,NA,NA,NA,NA,NA,NA,NA,NA,NA,NA
"ames-kc-rev","GraphSAGE + LayerNorm",1002,0.356205797446126,0.44916918021137,0.341922364626381,-0.126548080147899,0.844851085252444,NA,0.272657630468973,"gaussian",2,"ames","kc",NA,NA,NA,NA,NA,NA,NA,NA,NA,NA,NA,NA,NA,NA,NA,NA,NA,NA
"ames-kc-rev","GraphSAGE + LayerNorm",1003,0.35510761947994,0.445778939275081,0.382333176187483,-0.146002380857009,0.806928197073166,NA,0.283595869546568,"gaussian",2,"ames","kc",NA,NA,NA,NA,NA,NA,NA,NA,NA,NA,NA,NA,NA,NA,NA,NA,NA,NA
"ames-kc-rev","GraphSAGE + LayerNorm",1004,0.333654469243778,0.41559794502076,0.380311595577433,0.0215477878098123,1.06257523345031,NA,0.377318775068312,"gaussian",2,"ames","kc",NA,NA,NA,NA,NA,NA,NA,NA,NA,NA,NA,NA,NA,NA,NA,NA,NA,NA
"ames-kc-rev","GraphSAGE + LayerNorm",1005,0.344662890990128,0.43114010644116,0.416545110857169,-0.142517734410498,0.847699736846897,NA,0.329874973557798,"gaussian",2,"ames","kc",NA,NA,NA,NA,NA,NA,NA,NA,NA,NA,NA,NA,NA,NA,NA,NA,NA,NA
"tuned-sd-brow","GraphSAGE + LayerNorm (tuned)",1001,0.409407095965066,0.535734834842524,0.557453421939452,0.154434838992794,0.786789920961333,NA,0.472699699079403,NA,NA,"sandiego","broward",NA,NA,NA,NA,NA,NA,NA,NA,"gauss_2",0.753084477359341,NA,NA,NA,NA,NA,NA,NA,NA
"tuned-sd-brow","GraphSAGE + LayerNorm (tuned)",1002,0.407856389619173,0.532321948118822,0.555676599432279,0.142346208175298,0.790447468222192,NA,0.479396609089666,NA,NA,"sandiego","broward",NA,NA,NA,NA,NA,NA,NA,NA,"gauss_2",0.750003484263105,NA,NA,NA,NA,NA,NA,NA,NA
"tuned-sd-brow","GraphSAGE + LayerNorm (tuned)",1003,0.41818846048553,0.544800318837817,0.546704174580345,0.16359833058502,0.7813146381175,NA,0.454703195262882,NA,NA,"sandiego","broward",NA,NA,NA,NA,NA,NA,NA,NA,"gauss_2",0.751437299953803,NA,NA,NA,NA,NA,NA,NA,NA
"tuned-sd-brow","GraphSAGE + LayerNorm (tuned)",1004,0.411229874019544,0.538292898892481,0.540693894043823,0.123541099450281,0.776099278480781,NA,0.467652096460566,NA,NA,"sandiego","broward",NA,NA,NA,NA,NA,NA,NA,NA,"gauss_2",0.754824823159765,NA,NA,NA,NA,NA,NA,NA,NA
"tuned-sd-brow","GraphSAGE + LayerNorm (tuned)",1005,0.40965373655745,0.536503847428207,0.560226794053663,0.125236514012186,0.753080804618935,NA,0.471184801871589,NA,NA,"sandiego","broward",NA,NA,NA,NA,NA,NA,NA,NA,"gauss_2",0.755732557896283,NA,NA,NA,NA,NA,NA,NA,NA
"tuned-sd-brow","GraphSAGE + LayerNorm (tuned)",1006,0.404799020827489,0.528590910588438,0.56183581809562,0.163338308400424,0.822540298827913,NA,0.486668838615527,NA,NA,"sandiego","broward",NA,NA,NA,NA,NA,NA,NA,NA,"gauss_2",0.745206869768899,NA,NA,NA,NA,NA,NA,NA,NA
"tuned-sd-brow","GraphSAGE + LayerNorm (tuned)",1007,0.429908059650372,0.557268674683768,0.542334156444799,0.196733538421887,0.782767772767718,NA,0.429458146202771,NA,NA,"sandiego","broward",NA,NA,NA,NA,NA,NA,NA,NA,"uniform",0.749623341441181,NA,NA,NA,NA,NA,NA,NA,NA
"tuned-sd-brow","GraphSAGE + LayerNorm (tuned)",1008,0.445178376862459,0.574238171419323,0.542389690335368,0.229655539426518,0.764775880281956,NA,0.394181735083179,NA,NA,"sandiego","broward",NA,NA,NA,NA,NA,NA,NA,NA,"uniform",0.752809195537425,NA,NA,NA,NA,NA,NA,NA,NA
"tuned-sd-brow","XGBoost + lags (tuned)",1001,0.39309878227531,0.516873498966559,0.589753806312524,0.186609894601304,0.856326676225804,NA,0.509174883783203,NA,NA,"sandiego","broward",NA,NA,NA,NA,NA,NA,NA,NA,"gauss_0.02",0.765233508225983,NA,NA,NA,NA,NA,NA,NA,NA
"tuned-sd-brow","XGBoost + lags (tuned)",1002,0.38553031354894,0.510472637066822,0.588340238648111,0.169647351882184,0.865497482430915,NA,0.521256178973055,NA,NA,"sandiego","broward",NA,NA,NA,NA,NA,NA,NA,NA,"gauss_0.02",0.768266464852462,NA,NA,NA,NA,NA,NA,NA,NA
"tuned-sd-brow","XGBoost + lags (tuned)",1003,0.408211487179893,0.530269313349522,0.578216628755656,0.204136558798337,0.849131202853009,NA,0.483403764331725,NA,NA,"sandiego","broward",NA,NA,NA,NA,NA,NA,NA,NA,"gauss_0.02",0.762091566368165,NA,NA,NA,NA,NA,NA,NA,NA
"tuned-sd-brow","XGBoost + lags (tuned)",1004,0.394588500771541,0.517004404885189,0.580976631536468,0.174921509284584,0.858295020310208,NA,0.508926234745362,NA,NA,"sandiego","broward",NA,NA,NA,NA,NA,NA,NA,NA,"gauss_0.02",0.765909134632275,NA,NA,NA,NA,NA,NA,NA,NA
"tuned-sd-brow","XGBoost + lags (tuned)",1005,0.401897799709503,0.526597296138803,0.580173558458361,0.19351967822883,0.840681197247543,NA,0.490533659294057,NA,NA,"sandiego","broward",NA,NA,NA,NA,NA,NA,NA,NA,"gauss_0.02",0.766172368362252,NA,NA,NA,NA,NA,NA,NA,NA
"tuned-sd-brow","XGBoost + lags (tuned)",1006,0.400025378558752,0.522586058746229,0.587814224556575,0.197254550062157,0.850844905979789,NA,0.498265590900872,NA,NA,"sandiego","broward",NA,NA,NA,NA,NA,NA,NA,NA,"gauss_0.02",0.764467578656046,NA,NA,NA,NA,NA,NA,NA,NA
"tuned-sd-brow","XGBoost + lags (tuned)",1007,0.396396835370846,0.520084704340265,0.589978551031128,0.196847682114452,0.859629283789331,NA,0.50305719217827,NA,NA,"sandiego","broward",NA,NA,NA,NA,NA,NA,NA,NA,"gauss_0.02",0.76388642262355,NA,NA,NA,NA,NA,NA,NA,NA
"tuned-sd-brow","XGBoost + lags (tuned)",1008,0.378258577724337,0.505896590761058,0.589079594686724,0.148327082889227,0.848232089607106,NA,0.529800944793597,NA,NA,"sandiego","broward",NA,NA,NA,NA,NA,NA,NA,NA,"gauss_0.1",0.759019231691754,NA,NA,NA,NA,NA,NA,NA,NA
"tuned-brow-sd","GraphSAGE + LayerNorm (tuned)",1001,0.38264811066906,0.517824142761472,0.713543310855256,-0.240454638781321,1.01255083229044,NA,0.634655879529243,NA,NA,"broward","sandiego",NA,NA,NA,NA,NA,NA,NA,NA,"gauss_1",0.672013310677691,NA,NA,NA,NA,NA,NA,NA,NA
"tuned-brow-sd","GraphSAGE + LayerNorm (tuned)",1002,0.371168057044678,0.50758497524,0.729008433749035,-0.241122101684678,1.03495132717504,NA,0.648961258130437,NA,NA,"broward","sandiego",NA,NA,NA,NA,NA,NA,NA,NA,"gauss_2",0.666783688812579,NA,NA,NA,NA,NA,NA,NA,NA
"tuned-brow-sd","GraphSAGE + LayerNorm (tuned)",1003,0.381352485246413,0.511298430545469,0.696327911391323,-0.191712023833831,1.06298886689393,NA,0.643806120991063,NA,NA,"broward","sandiego",NA,NA,NA,NA,NA,NA,NA,NA,"uniform",0.667646009571399,NA,NA,NA,NA,NA,NA,NA,NA
"tuned-brow-sd","GraphSAGE + LayerNorm (tuned)",1004,0.381235155566798,0.517608964548217,0.718511053651609,-0.246803873822242,1.02868242944097,NA,0.634959448848655,NA,NA,"broward","sandiego",NA,NA,NA,NA,NA,NA,NA,NA,"gauss_1",0.665051018581135,NA,NA,NA,NA,NA,NA,NA,NA
"tuned-brow-sd","GraphSAGE + LayerNorm (tuned)",1005,0.387522977936916,0.523562663683055,0.703855755501566,-0.238166379349634,1.00905236562935,NA,0.626513533153458,NA,NA,"broward","sandiego",NA,NA,NA,NA,NA,NA,NA,NA,"gauss_0.5",0.669969343263422,NA,NA,NA,NA,NA,NA,NA,NA
"tuned-brow-sd","GraphSAGE + LayerNorm (tuned)",1006,0.386041139836319,0.519378393905094,0.731260049533189,-0.266497189942904,1.0556852850822,NA,0.632459424586979,NA,NA,"broward","sandiego",NA,NA,NA,NA,NA,NA,NA,NA,"gauss_2",0.664500659307313,NA,NA,NA,NA,NA,NA,NA,NA
"tuned-brow-sd","GraphSAGE + LayerNorm (tuned)",1007,0.375736413598182,0.51219708894597,0.707583845757222,-0.217401213863583,1.03087049989515,NA,0.64255292753911,NA,NA,"broward","sandiego",NA,NA,NA,NA,NA,NA,NA,NA,"gauss_1",0.667607452198482,NA,NA,NA,NA,NA,NA,NA,NA
"tuned-brow-sd","GraphSAGE + LayerNorm (tuned)",1008,0.378265286387985,0.514859431297703,0.710505706787897,-0.228308197467868,1.03139681007651,NA,0.638827331375767,NA,NA,"broward","sandiego",NA,NA,NA,NA,NA,NA,NA,NA,"gauss_0.5",0.669818618335402,NA,NA,NA,NA,NA,NA,NA,NA
"tuned-brow-sd","XGBoost + lags (tuned)",1001,0.422780482785131,0.572750207208288,0.631593992896401,-0.226599997534381,0.895547153317958,NA,0.553040633542415,NA,NA,"broward","sandiego",NA,NA,NA,NA,NA,NA,NA,NA,"gauss_2",0.661599245051346,NA,NA,NA,NA,NA,NA,NA,NA
"tuned-brow-sd","XGBoost + lags (tuned)",1002,0.40520579810526,0.542717558854887,0.667732812714238,-0.215833720992074,0.916265504486877,NA,0.598685105655482,NA,NA,"broward","sandiego",NA,NA,NA,NA,NA,NA,NA,NA,"gauss_0.1",0.665599911461349,NA,NA,NA,NA,NA,NA,NA,NA
"tuned-brow-sd","XGBoost + lags (tuned)",1003,0.410373813789921,0.551246985913485,0.657319800328976,-0.219460457517413,0.914634268008236,NA,0.585971737041741,NA,NA,"broward","sandiego",NA,NA,NA,NA,NA,NA,NA,NA,"gauss_1",0.663144021750962,NA,NA,NA,NA,NA,NA,NA,NA
"tuned-brow-sd","XGBoost + lags (tuned)",1004,0.391695168641974,0.525485585972873,0.675937721299238,-0.191590041042065,0.946499681844009,NA,0.623765039554055,NA,NA,"broward","sandiego",NA,NA,NA,NA,NA,NA,NA,NA,"gauss_0.25",0.662953135772547,NA,NA,NA,NA,NA,NA,NA,NA
"tuned-brow-sd","XGBoost + lags (tuned)",1005,0.389041878307932,0.518255726548171,0.680605633516046,-0.181331711157856,0.951631262347804,NA,0.634046629035838,NA,NA,"broward","sandiego",NA,NA,NA,NA,NA,NA,NA,NA,"gauss_0.25",0.667703087050841,NA,NA,NA,NA,NA,NA,NA,NA
"tuned-brow-sd","XGBoost + lags (tuned)",1006,0.377643215048922,0.50397417795491,0.68876637659887,-0.159537548439412,0.985467558545917,NA,0.65393784883741,NA,NA,"broward","sandiego",NA,NA,NA,NA,NA,NA,NA,NA,"gauss_0.1",0.665888535204581,NA,NA,NA,NA,NA,NA,NA,NA
"tuned-brow-sd","XGBoost + lags (tuned)",1007,0.393496748852013,0.524624005974909,0.670182507941754,-0.180093691862151,0.962922104194534,NA,0.624997768989423,NA,NA,"broward","sandiego",NA,NA,NA,NA,NA,NA,NA,NA,"gauss_0.5",0.664186718084641,NA,NA,NA,NA,NA,NA,NA,NA
"tuned-brow-sd","XGBoost + lags (tuned)",1008,0.372977145589947,0.503192249143013,0.686229073943153,-0.15133008208946,0.995223830753202,NA,0.655010864322135,NA,NA,"broward","sandiego",NA,NA,NA,NA,NA,NA,NA,NA,"gauss_0.25",0.66583858334357,NA,NA,NA,NA,NA,NA,NA,NA
"tuned-trees","GraphSAGE + LayerNorm (tuned)",1001,0.524307333772275,0.685098861853841,0.290711860757928,-0.0104355974292774,0.725723981025751,NA,0.249013970187347,NA,NA,"queens","brooklyn",NA,NA,NA,NA,NA,NA,NA,NA,"gauss_0.02",0.35495829088629,NA,NA,NA,NA,NA,NA,NA,NA
"tuned-trees","GraphSAGE + LayerNorm (tuned)",1002,0.529484501026219,0.689890980724634,0.293422256891574,-0.0362600117916616,0.70205501660602,NA,0.238471255868281,NA,NA,"queens","brooklyn",NA,NA,NA,NA,NA,NA,NA,NA,"gauss_0.1",0.353482220747838,NA,NA,NA,NA,NA,NA,NA,NA
"tuned-trees","GraphSAGE + LayerNorm (tuned)",1003,0.529998136836537,0.690862280297116,0.286467524075329,-0.0236903785717244,0.706908773740471,NA,0.236325429185858,NA,NA,"queens","brooklyn",NA,NA,NA,NA,NA,NA,NA,NA,"gauss_0.25",0.354912663929373,NA,NA,NA,NA,NA,NA,NA,NA
"tuned-trees","GraphSAGE + LayerNorm (tuned)",1004,0.582911725342892,0.755749051159609,0.203464107625035,-0.0551272448042039,0.573569613498675,NA,0.086138066723534,NA,NA,"queens","brooklyn",NA,NA,NA,NA,NA,NA,NA,NA,"uniform",0.355077714639981,NA,NA,NA,NA,NA,NA,NA,NA
"tuned-trees","GraphSAGE + LayerNorm (tuned)",1005,0.524641906881214,0.684771374037767,0.291668064556892,-0.0106219334293916,0.725495912463767,NA,0.249731764383884,NA,NA,"queens","brooklyn",NA,NA,NA,NA,NA,NA,NA,NA,"gauss_0.02",0.353928940520019,NA,NA,NA,NA,NA,NA,NA,NA
"tuned-trees","GraphSAGE + LayerNorm (tuned)",1006,0.524990908128931,0.685046886901239,0.294092529711111,-0.0214927818799765,0.720571137593369,NA,0.249127912816271,NA,NA,"queens","brooklyn",NA,NA,NA,NA,NA,NA,NA,NA,"gauss_0.02",0.354607267078255,NA,NA,NA,NA,NA,NA,NA,NA
"tuned-trees","GraphSAGE + LayerNorm (tuned)",1007,0.525843004897231,0.685234989996638,0.290176907369604,-0.0122425095343587,0.726266937280906,NA,0.248715500883977,NA,NA,"queens","brooklyn",NA,NA,NA,NA,NA,NA,NA,NA,"gauss_0.02",0.353867151329276,NA,NA,NA,NA,NA,NA,NA,NA
"tuned-trees","GraphSAGE + LayerNorm (tuned)",1008,0.537282919420863,0.703547793439055,0.282820942445354,-0.0546389066948749,0.667745900718656,NA,0.208022986652505,NA,NA,"queens","brooklyn",NA,NA,NA,NA,NA,NA,NA,NA,"gauss_0.1",0.353152067860998,NA,NA,NA,NA,NA,NA,NA,NA
"tuned-trees","XGBoost + lags (tuned)",1001,0.595578052361219,0.750722383325415,0.219151865360819,-0.137238568430752,0.608440423687334,NA,0.0982542673167871,NA,NA,"queens","brooklyn",NA,NA,NA,NA,NA,NA,NA,NA,"uniform",0.388249559418739,NA,NA,NA,NA,NA,NA,NA,NA
"tuned-trees","XGBoost + lags (tuned)",1002,0.597042715549115,0.754144186011701,0.213973093021642,-0.155749270538773,0.613191606339329,NA,0.0900151948366542,NA,NA,"queens","brooklyn",NA,NA,NA,NA,NA,NA,NA,NA,"uniform",0.385970568012335,NA,NA,NA,NA,NA,NA,NA,NA
"tuned-trees","XGBoost + lags (tuned)",1003,0.567419305915159,0.713479350544783,0.241792451800331,-0.105507952046275,0.714843700939757,NA,0.185505449930716,NA,NA,"queens","brooklyn",NA,NA,NA,NA,NA,NA,NA,NA,"gauss_2",0.363686443115663,NA,NA,NA,NA,NA,NA,NA,NA
"tuned-trees","XGBoost + lags (tuned)",1004,0.597194916410745,0.753682115453047,0.194228426532589,-0.0911408223280471,0.595242878331116,NA,0.0911299640813504,NA,NA,"queens","brooklyn",NA,NA,NA,NA,NA,NA,NA,NA,"uniform",0.373480336868902,NA,NA,NA,NA,NA,NA,NA,NA
"tuned-trees","XGBoost + lags (tuned)",1005,0.600845857812954,0.760891802999787,0.188920130608428,-0.055031728150865,0.566733010039086,NA,0.0736583799593961,NA,NA,"queens","brooklyn",NA,NA,NA,NA,NA,NA,NA,NA,"uniform",0.386614244904234,NA,NA,NA,NA,NA,NA,NA,NA
"tuned-trees","XGBoost + lags (tuned)",1006,0.581569342997504,0.730332091184876,0.231983480512156,-0.130338460642888,0.666221381525073,NA,0.146573479724955,NA,NA,"queens","brooklyn",NA,NA,NA,NA,NA,NA,NA,NA,"gauss_1",0.377728300139517,NA,NA,NA,NA,NA,NA,NA,NA
"tuned-trees","XGBoost + lags (tuned)",1007,0.559368206574357,0.701058135338937,0.255484971670423,-0.0855959134483538,0.744328675012635,NA,0.213618237654394,NA,NA,"queens","brooklyn",NA,NA,NA,NA,NA,NA,NA,NA,"gauss_0.5",0.372733313991253,NA,NA,NA,NA,NA,NA,NA,NA
"tuned-trees","XGBoost + lags (tuned)",1008,0.634547135895827,0.803573074805865,0.180251404560012,-0.18188767538334,0.514504774819516,NA,-0.0331803054690938,NA,NA,"queens","brooklyn",NA,NA,NA,NA,NA,NA,NA,NA,"uniform",0.381452634969579,NA,NA,NA,NA,NA,NA,NA,NA
"tuned-311","GraphSAGE + LayerNorm (tuned)",1001,0.745439997342718,0.975480346224649,0.257103061579568,0.0571219856591703,0.833596673864908,NA,0.244266465730955,NA,NA,"queens","brooklyn",NA,NA,NA,NA,NA,NA,NA,NA,"gauss_2",0.520245445893159,NA,NA,NA,NA,NA,NA,NA,NA
"tuned-311","GraphSAGE + LayerNorm (tuned)",1002,0.755827337419954,0.996806729252052,0.236139030576485,0.0434590271827012,0.759113789856184,NA,0.210860888547355,NA,NA,"queens","brooklyn",NA,NA,NA,NA,NA,NA,NA,NA,"gauss_1",0.511695265385877,NA,NA,NA,NA,NA,NA,NA,NA
"tuned-311","GraphSAGE + LayerNorm (tuned)",1003,0.748275536511326,0.981582843453728,0.249767570777689,0.0448152835130871,0.811986161239685,NA,0.234781318304773,NA,NA,"queens","brooklyn",NA,NA,NA,NA,NA,NA,NA,NA,"gauss_2",0.510637012026385,NA,NA,NA,NA,NA,NA,NA,NA
"tuned-311","GraphSAGE + LayerNorm (tuned)",1004,0.745592123593357,0.979819234887756,0.252408004550438,0.0352378826971535,0.809971001330185,NA,0.237528582821345,NA,NA,"queens","brooklyn",NA,NA,NA,NA,NA,NA,NA,NA,"gauss_2",0.514012887693271,NA,NA,NA,NA,NA,NA,NA,NA
"tuned-311","GraphSAGE + LayerNorm (tuned)",1005,0.745236438311555,0.977594205360186,0.256431279107888,0.0536428898985863,0.815311963700399,NA,0.240987578272559,NA,NA,"queens","brooklyn",NA,NA,NA,NA,NA,NA,NA,NA,"gauss_2",0.511833032128051,NA,NA,NA,NA,NA,NA,NA,NA
"tuned-311","GraphSAGE + LayerNorm (tuned)",1006,0.756195877137284,0.987939538286771,0.242722796530512,0.0378814835335496,0.791981656259432,NA,0.224838169718895,NA,NA,"queens","brooklyn",NA,NA,NA,NA,NA,NA,NA,NA,"gauss_2",0.512964824098414,NA,NA,NA,NA,NA,NA,NA,NA
"tuned-311","GraphSAGE + LayerNorm (tuned)",1007,0.74589421448725,0.97428049685649,0.260139080232757,0.0394131324686289,0.818561405881794,NA,0.246124440095663,NA,NA,"queens","brooklyn",NA,NA,NA,NA,NA,NA,NA,NA,"uniform",0.512874778211444,NA,NA,NA,NA,NA,NA,NA,NA
"tuned-311","GraphSAGE + LayerNorm (tuned)",1008,0.750460816483863,0.980958733818101,0.24835907107851,0.025079606878999,0.819151657528103,NA,0.235754091063209,NA,NA,"queens","brooklyn",NA,NA,NA,NA,NA,NA,NA,NA,"uniform",0.513295387684365,NA,NA,NA,NA,NA,NA,NA,NA
"tuned-311","XGBoost + lags (tuned)",1001,0.737349791306332,0.961113657124113,0.268706910896121,0.0091645671504451,0.915704617746874,NA,0.266363140446726,NA,NA,"queens","brooklyn",NA,NA,NA,NA,NA,NA,NA,NA,"gauss_0.1",0.5128986231561,NA,NA,NA,NA,NA,NA,NA,NA
"tuned-311","XGBoost + lags (tuned)",1002,0.76800541618916,0.990866379235469,0.236426965753703,-0.0147866365488698,0.793484749646677,NA,0.220238422461745,NA,NA,"queens","brooklyn",NA,NA,NA,NA,NA,NA,NA,NA,"gauss_2",0.516973651121971,NA,NA,NA,NA,NA,NA,NA,NA
"tuned-311","XGBoost + lags (tuned)",1003,0.744389747058104,0.964242398751268,0.26571003832664,-0.00113413274932693,0.889146329167889,NA,0.26157890657075,NA,NA,"queens","brooklyn",NA,NA,NA,NA,NA,NA,NA,NA,"gauss_0.02",0.516753499826691,NA,NA,NA,NA,NA,NA,NA,NA
"tuned-311","XGBoost + lags (tuned)",1004,0.747993285421615,0.970906022957065,0.257602036455806,0.0189968197138137,0.867803684856161,NA,0.251337575085278,NA,NA,"queens","brooklyn",NA,NA,NA,NA,NA,NA,NA,NA,"gauss_0.25",0.514017479805877,NA,NA,NA,NA,NA,NA,NA,NA
"tuned-311","XGBoost + lags (tuned)",1005,0.750267566784911,0.980968099448523,0.245218272855973,0.0176431116105006,0.83750235387296,NA,0.235739497831795,NA,NA,"queens","brooklyn",NA,NA,NA,NA,NA,NA,NA,NA,"gauss_0.25",0.516234183931731,NA,NA,NA,NA,NA,NA,NA,NA
"tuned-311","XGBoost + lags (tuned)",1006,0.735679155314906,0.959102475251559,0.270376021617584,-0.00237234447068584,0.944284382069308,NA,0.269430276959685,NA,NA,"queens","brooklyn",NA,NA,NA,NA,NA,NA,NA,NA,"gauss_0.25",0.516567328819969,NA,NA,NA,NA,NA,NA,NA,NA
"tuned-311","XGBoost + lags (tuned)",1007,0.738514828535983,0.963633819236683,0.265056905746322,0.0243807011909857,0.918729526519009,NA,0.262510718190037,NA,NA,"queens","brooklyn",NA,NA,NA,NA,NA,NA,NA,NA,"gauss_0.25",0.511630921535869,NA,NA,NA,NA,NA,NA,NA,NA
"tuned-311","XGBoost + lags (tuned)",1008,0.749307679823287,0.964669070477427,0.266431167291843,-0.00918499399455321,0.874984648437045,NA,0.260925267797255,NA,NA,"queens","brooklyn",NA,NA,NA,NA,NA,NA,NA,NA,"uniform",0.5195331135553,NA,NA,NA,NA,NA,NA,NA,NA
"trees-kernel","GraphSAGE + LayerNorm",1001,0.522867821942718,0.68103809290389,0.295460394174081,-0.00755318610251122,0.737376662142225,NA,0.257890186657791,"gaussian",0.01,NA,NA,NA,NA,NA,NA,NA,NA,NA,NA,NA,NA,NA,NA,NA,NA,NA,NA,NA,NA
"trees-kernel","GraphSAGE + LayerNorm",1002,0.523740495636067,0.684133930789148,0.292560867672583,-0.00624836833313259,0.726721685520374,NA,0.251127940801735,"gaussian",0.01,NA,NA,NA,NA,NA,NA,NA,NA,NA,NA,NA,NA,NA,NA,NA,NA,NA,NA,NA,NA
"trees-kernel","GraphSAGE + LayerNorm",1003,0.526134784449477,0.687163752580749,0.292734959311814,-0.0174353493106377,0.712273578142439,NA,0.244480198232222,"gaussian",0.01,NA,NA,NA,NA,NA,NA,NA,NA,NA,NA,NA,NA,NA,NA,NA,NA,NA,NA,NA,NA
"trees-kernel","GraphSAGE + LayerNorm",1004,0.524819143762049,0.683760946398463,0.295296926530446,-0.0201089572933327,0.724486216269465,NA,0.251944276420454,"gaussian",0.01,NA,NA,NA,NA,NA,NA,NA,NA,NA,NA,NA,NA,NA,NA,NA,NA,NA,NA,NA,NA
"trees-kernel","GraphSAGE + LayerNorm",1005,0.52502728995551,0.683304009883095,0.293054012379135,-0.0129167267371724,0.730606358773254,NA,0.252943747845405,"gaussian",0.01,NA,NA,NA,NA,NA,NA,NA,NA,NA,NA,NA,NA,NA,NA,NA,NA,NA,NA,NA,NA
"trees-kernel","XGBoost + lags",1001,0.592261407095935,0.747948838743237,0.202825734283112,-0.071617162810293,0.600574349473877,NA,0.104904960074224,"gaussian",0.01,NA,NA,NA,NA,NA,NA,NA,NA,NA,NA,NA,NA,NA,NA,NA,NA,NA,NA,NA,NA
"trees-kernel","XGBoost + lags",1002,0.594564521759997,0.75007150491401,0.207682098481379,-0.0994540630738166,0.600343986868355,NA,0.0998172216376159,"gaussian",0.01,NA,NA,NA,NA,NA,NA,NA,NA,NA,NA,NA,NA,NA,NA,NA,NA,NA,NA,NA,NA
"trees-kernel","XGBoost + lags",1003,0.565263913082347,0.709883261851117,0.25220577620831,-0.103799157626544,0.711983354377303,NA,0.193695212564356,"gaussian",0.01,NA,NA,NA,NA,NA,NA,NA,NA,NA,NA,NA,NA,NA,NA,NA,NA,NA,NA,NA,NA
"trees-kernel","XGBoost + lags",1004,0.575696063348968,0.724367975782509,0.231275459140551,-0.0915365180055168,0.667447465622745,NA,0.160455250319457,"gaussian",0.01,NA,NA,NA,NA,NA,NA,NA,NA,NA,NA,NA,NA,NA,NA,NA,NA,NA,NA,NA,NA
"trees-kernel","XGBoost + lags",1005,0.59355876096751,0.750719070541806,0.200331681329306,-0.0839339686510014,0.597647261727068,NA,0.0982622257364613,"gaussian",0.01,NA,NA,NA,NA,NA,NA,NA,NA,NA,NA,NA,NA,NA,NA,NA,NA,NA,NA,NA,NA
"trees-kernel","GraphSAGE + LayerNorm",1001,0.525865980723787,0.685345934054613,0.294294933191252,-0.0247306503346567,0.719239956897789,NA,0.248472205372983,"gaussian",0.02,NA,NA,NA,NA,NA,NA,NA,NA,NA,NA,NA,NA,NA,NA,NA,NA,NA,NA,NA,NA
"trees-kernel","GraphSAGE + LayerNorm",1002,0.523487562894247,0.685711592753043,0.29149097029278,0.00348056232705602,0.72064637321846,NA,0.247670052852592,"gaussian",0.02,NA,NA,NA,NA,NA,NA,NA,NA,NA,NA,NA,NA,NA,NA,NA,NA,NA,NA,NA,NA
"trees-kernel","GraphSAGE + LayerNorm",1003,0.52619118055237,0.686177102157743,0.295141965792173,-0.026648820839824,0.713994877756273,NA,0.246648236842993,"gaussian",0.02,NA,NA,NA,NA,NA,NA,NA,NA,NA,NA,NA,NA,NA,NA,NA,NA,NA,NA,NA,NA
"trees-kernel","GraphSAGE + LayerNorm",1004,0.524996885215553,0.68367328627588,0.295844877552077,-0.0230168843218698,0.724308450198835,NA,0.25213606992178,"gaussian",0.02,NA,NA,NA,NA,NA,NA,NA,NA,NA,NA,NA,NA,NA,NA,NA,NA,NA,NA,NA,NA
"trees-kernel","GraphSAGE + LayerNorm",1005,0.525107988607923,0.68310208792518,0.293494762157257,-0.0152535118424164,0.731016302802469,NA,0.253385205148932,"gaussian",0.02,NA,NA,NA,NA,NA,NA,NA,NA,NA,NA,NA,NA,NA,NA,NA,NA,NA,NA,NA,NA
"trees-kernel","XGBoost + lags",1001,0.571778524002111,0.719573396726778,0.238783303749032,-0.0724914639043291,0.668263836469995,NA,0.171532333327294,"gaussian",0.02,NA,NA,NA,NA,NA,NA,NA,NA,NA,NA,NA,NA,NA,NA,NA,NA,NA,NA,NA,NA
"trees-kernel","XGBoost + lags",1002,0.567484523097514,0.716029221414205,0.239334517956277,-0.0625462684254044,0.67918042119456,NA,0.179673278012549,"gaussian",0.02,NA,NA,NA,NA,NA,NA,NA,NA,NA,NA,NA,NA,NA,NA,NA,NA,NA,NA,NA,NA
"trees-kernel","XGBoost + lags",1003,0.566034749975033,0.714039433866686,0.243671154739032,-0.0690436307345558,0.684395152853336,NA,0.184226186932802,"gaussian",0.02,NA,NA,NA,NA,NA,NA,NA,NA,NA,NA,NA,NA,NA,NA,NA,NA,NA,NA,NA,NA
"trees-kernel","XGBoost + lags",1004,0.571155287680062,0.718944210356199,0.236701962640212,-0.0781057102048253,0.676837175647351,NA,0.172980504353923,"gaussian",0.02,NA,NA,NA,NA,NA,NA,NA,NA,NA,NA,NA,NA,NA,NA,NA,NA,NA,NA,NA,NA
"trees-kernel","XGBoost + lags",1005,0.56382636766638,0.712595559961632,0.252355578021124,-0.076704264349873,0.680908820451183,NA,0.187522037450545,"gaussian",0.02,NA,NA,NA,NA,NA,NA,NA,NA,NA,NA,NA,NA,NA,NA,NA,NA,NA,NA,NA,NA
"trees-kernel","GraphSAGE + LayerNorm",1001,0.525429294772696,0.682963484661323,0.294055642275408,-0.0217614023889603,0.731519662815805,NA,0.253688154739401,"gaussian",0.05,NA,NA,NA,NA,NA,NA,NA,NA,NA,NA,NA,NA,NA,NA,NA,NA,NA,NA,NA,NA
"trees-kernel","GraphSAGE + LayerNorm",1002,0.525425081266296,0.684788387996033,0.292157353067581,-0.0136320098391938,0.724689682452592,NA,0.249694481309502,"gaussian",0.05,NA,NA,NA,NA,NA,NA,NA,NA,NA,NA,NA,NA,NA,NA,NA,NA,NA,NA,NA,NA
"trees-kernel","GraphSAGE + LayerNorm",1003,0.526834485528023,0.687105057240632,0.29308310154741,-0.0203392709937705,0.712301956875584,NA,0.244609260912369,"gaussian",0.05,NA,NA,NA,NA,NA,NA,NA,NA,NA,NA,NA,NA,NA,NA,NA,NA,NA,NA,NA,NA
"trees-kernel","GraphSAGE + LayerNorm",1004,0.529213875764883,0.689812194626926,0.287881929589498,-0.0157891661152256,0.708275280838499,NA,0.238645180310884,"gaussian",0.05,NA,NA,NA,NA,NA,NA,NA,NA,NA,NA,NA,NA,NA,NA,NA,NA,NA,NA,NA,NA
"trees-kernel","GraphSAGE + LayerNorm",1005,0.528442371389913,0.688344480459953,0.289821296953553,-0.0220778749586656,0.712562347907938,NA,0.241881604550736,"gaussian",0.05,NA,NA,NA,NA,NA,NA,NA,NA,NA,NA,NA,NA,NA,NA,NA,NA,NA,NA,NA,NA
"trees-kernel","XGBoost + lags",1001,0.564225615767199,0.708054602814943,0.255178809524088,-0.109620151947435,0.721269761161859,NA,0.197843943813078,"gaussian",0.05,NA,NA,NA,NA,NA,NA,NA,NA,NA,NA,NA,NA,NA,NA,NA,NA,NA,NA,NA,NA
"trees-kernel","XGBoost + lags",1002,0.549805061939282,0.68979752245159,0.279102080224415,-0.104735788994954,0.777440239016563,NA,0.238677567713413,"gaussian",0.05,NA,NA,NA,NA,NA,NA,NA,NA,NA,NA,NA,NA,NA,NA,NA,NA,NA,NA,NA,NA
"trees-kernel","XGBoost + lags",1003,0.554235529975464,0.694338581057954,0.274758711902342,-0.113407308962808,0.766282315174365,NA,0.228620733987646,"gaussian",0.05,NA,NA,NA,NA,NA,NA,NA,NA,NA,NA,NA,NA,NA,NA,NA,NA,NA,NA,NA,NA
"trees-kernel","XGBoost + lags",1004,0.547042479687696,0.684969346916549,0.288582917351846,-0.111385518284377,0.79396263127776,NA,0.249297884583688,"gaussian",0.05,NA,NA,NA,NA,NA,NA,NA,NA,NA,NA,NA,NA,NA,NA,NA,NA,NA,NA,NA,NA
"trees-kernel","XGBoost + lags",1005,0.542699535543987,0.681118668047192,0.293000870648122,-0.105103790517109,0.803105915379287,NA,0.257714574919034,"gaussian",0.05,NA,NA,NA,NA,NA,NA,NA,NA,NA,NA,NA,NA,NA,NA,NA,NA,NA,NA,NA,NA
"trees-kernel","GraphSAGE + LayerNorm",1001,0.526994214473457,0.685554282290826,0.295857219562974,-0.0358550098554788,0.717675324927153,NA,0.248015200280719,"gaussian",0.1,NA,NA,NA,NA,NA,NA,NA,NA,NA,NA,NA,NA,NA,NA,NA,NA,NA,NA,NA,NA
"trees-kernel","GraphSAGE + LayerNorm",1002,0.529093904311613,0.688820312146275,0.290509103019629,-0.025161419057624,0.709582606050436,NA,0.240833113720993,"gaussian",0.1,NA,NA,NA,NA,NA,NA,NA,NA,NA,NA,NA,NA,NA,NA,NA,NA,NA,NA,NA,NA
"trees-kernel","GraphSAGE + LayerNorm",1003,0.52869406098223,0.689382369291321,0.288085381923441,-0.0208943886622798,0.710576825971582,NA,0.239593692494431,"gaussian",0.1,NA,NA,NA,NA,NA,NA,NA,NA,NA,NA,NA,NA,NA,NA,NA,NA,NA,NA,NA,NA
"trees-kernel","GraphSAGE + LayerNorm",1004,0.5334857632074,0.695847479836632,0.28749601647957,-0.0408440376807765,0.687206721970374,NA,0.225264452305149,"gaussian",0.1,NA,NA,NA,NA,NA,NA,NA,NA,NA,NA,NA,NA,NA,NA,NA,NA,NA,NA,NA,NA
"trees-kernel","GraphSAGE + LayerNorm",1005,0.531155362410491,0.69268590512865,0.291100607181795,-0.0416603984601798,0.695051857634272,NA,0.232288462622357,"gaussian",0.1,NA,NA,NA,NA,NA,NA,NA,NA,NA,NA,NA,NA,NA,NA,NA,NA,NA,NA,NA,NA
"trees-kernel","XGBoost + lags",1001,0.552752097617289,0.693667846714601,0.2695250342272,-0.0929136205542194,0.764407731990307,NA,0.230110326180015,"gaussian",0.1,NA,NA,NA,NA,NA,NA,NA,NA,NA,NA,NA,NA,NA,NA,NA,NA,NA,NA,NA,NA
"trees-kernel","XGBoost + lags",1002,0.556140685602082,0.699761992571068,0.259199155294532,-0.0844681457393592,0.742237456893197,NA,0.216523334269682,"gaussian",0.1,NA,NA,NA,NA,NA,NA,NA,NA,NA,NA,NA,NA,NA,NA,NA,NA,NA,NA,NA,NA
"trees-kernel","XGBoost + lags",1003,0.556012687200822,0.698106779543879,0.265021366119819,-0.0985445983421992,0.750602273588687,NA,0.220225413122555,"gaussian",0.1,NA,NA,NA,NA,NA,NA,NA,NA,NA,NA,NA,NA,NA,NA,NA,NA,NA,NA,NA,NA
"trees-kernel","XGBoost + lags",1004,0.5462802723783,0.683993461195003,0.286350061574257,-0.10690691824831,0.805818892710514,NA,0.251435433092506,"gaussian",0.1,NA,NA,NA,NA,NA,NA,NA,NA,NA,NA,NA,NA,NA,NA,NA,NA,NA,NA,NA,NA
"trees-kernel","XGBoost + lags",1005,0.545503529647221,0.684643562606906,0.282860465682573,-0.0960487979809493,0.798163562086371,NA,0.250011810867234,"gaussian",0.1,NA,NA,NA,NA,NA,NA,NA,NA,NA,NA,NA,NA,NA,NA,NA,NA,NA,NA,NA,NA
"states-seeds",NA,1001,3.55322694992954,4.2584425916782,0.969470906834733,NA,NA,NA,0.954223768812456,NA,NA,NA,NA,NA,NA,NA,NA,NA,NA,NA,NA,NA,NA,"01","AL","plain",67,-1.0324917743845,0.504898986398632,NA,NA
"states-seeds",NA,1002,3.72638186900184,4.34487400873643,0.962202842508595,NA,NA,NA,0.952346718219005,NA,NA,NA,NA,NA,NA,NA,NA,NA,NA,NA,NA,NA,NA,"01","AL","plain",67,-1.54764714948471,0.526911994941961,NA,NA
"states-seeds",NA,1003,3.2145430772837,3.92049221432833,0.971322492932227,NA,NA,NA,0.961201080471246,NA,NA,NA,NA,NA,NA,NA,NA,NA,NA,NA,NA,NA,NA,"01","AL","plain",67,-1.91451506774623,0.241318039278659,NA,NA
"states-seeds",NA,1004,3.58923148590759,4.4264279948664,0.969529243441279,NA,NA,NA,0.950541009490021,NA,NA,NA,NA,NA,NA,NA,NA,NA,NA,NA,NA,NA,NA,"01","AL","plain",67,-2.4919549688396,0.544872107518104,NA,NA
"states-seeds",NA,1005,3.31276790259465,4.15602202673577,0.97374239271631,NA,NA,NA,0.956399233788427,NA,NA,NA,NA,NA,NA,NA,NA,NA,NA,NA,NA,NA,NA,"01","AL","plain",67,-2.40997274785151,0.433528785382906,NA,NA
"states-seeds",NA,1001,3.83603823757882,4.69354623096391,0.895078385370744,NA,NA,NA,0.84777152984155,NA,NA,NA,NA,NA,NA,NA,NA,NA,NA,NA,NA,NA,NA,"05","AR","plain",75,-2.49006238057615,0.203604857251419,NA,NA
"states-seeds",NA,1002,2.88857803179447,3.71399411294705,0.906017998517485,NA,NA,NA,0.90468174020088,NA,NA,NA,NA,NA,NA,NA,NA,NA,NA,NA,NA,NA,NA,"05","AR","plain",75,-0.199903169031358,0.227568004909981,NA,NA
"states-seeds",NA,1003,2.82287780813906,3.57616523112641,0.922832625283761,NA,NA,NA,0.911625120242278,NA,NA,NA,NA,NA,NA,NA,NA,NA,NA,NA,NA,NA,NA,"05","AR","plain",75,-0.584059970610901,0.196807887573299,NA,NA
"states-seeds",NA,1004,2.88712851491428,3.75108320652527,0.904581762527608,NA,NA,NA,0.902768479227213,NA,NA,NA,NA,NA,NA,NA,NA,NA,NA,NA,NA,NA,NA,"05","AR","plain",75,-0.19741046959207,0.160302988614699,NA,NA
"states-seeds",NA,1005,3.72285377832525,4.38665351437453,0.910572815128964,NA,NA,NA,0.867027955027099,NA,NA,NA,NA,NA,NA,NA,NA,NA,NA,NA,NA,NA,NA,"05","AR","plain",75,-2.43841607098183,0.166107498763556,NA,NA
"states-seeds",NA,1001,8.39058738413425,10.7081590970388,0.749397940496992,NA,NA,NA,0.568455425447374,NA,NA,NA,NA,NA,NA,NA,NA,NA,NA,NA,NA,NA,NA,"06","CA","plain",58,6.93356725881694,0.317806645172642,NA,NA
"states-seeds",NA,1002,8.47703345482688,10.5112168543335,0.727012612040186,NA,NA,NA,0.584183208769095,NA,NA,NA,NA,NA,NA,NA,NA,NA,NA,NA,NA,NA,NA,"06","CA","plain",58,6.13065265617749,0.286000721681642,NA,NA
"states-seeds",NA,1003,8.84578542238737,11.1720892007859,0.745391420335742,NA,NA,NA,0.530252129661176,NA,NA,NA,NA,NA,NA,NA,NA,NA,NA,NA,NA,NA,NA,"06","CA","plain",58,7.13739664687541,0.398118698244218,NA,NA
"states-seeds",NA,1004,8.05628696021537,10.1425424602564,0.728977789459339,NA,NA,NA,0.612840696662582,NA,NA,NA,NA,NA,NA,NA,NA,NA,NA,NA,NA,NA,NA,"06","CA","plain",58,5.4797133828871,0.354773850391939,NA,NA
"states-seeds",NA,1005,7.7562213958406,9.59233604595736,0.689583586011398,NA,NA,NA,0.653706132668852,NA,NA,NA,NA,NA,NA,NA,NA,NA,NA,NA,NA,NA,NA,"06","CA","plain",58,2.67852258159969,0.394514766592083,NA,NA
"states-seeds",NA,1001,8.51166758313692,10.3631595134453,0.843197427561646,NA,NA,NA,0.672388636016496,NA,NA,NA,NA,NA,NA,NA,NA,NA,NA,NA,NA,NA,NA,"08","CO","plain",64,-7.27989103779545,0.319083746308643,NA,NA
"states-seeds",NA,1002,6.74665004450704,8.85051318580242,0.822249664721514,NA,NA,NA,0.761047543948555,NA,NA,NA,NA,NA,NA,NA,NA,NA,NA,NA,NA,NA,NA,"08","CO","plain",64,-3.79555221012567,0.331463879419392,NA,NA
"states-seeds",NA,1003,6.99122316647642,8.80906669852616,0.813736977330742,NA,NA,NA,0.763280307264221,NA,NA,NA,NA,NA,NA,NA,NA,NA,NA,NA,NA,NA,NA,"08","CO","plain",64,-3.72404094068885,0.166099390786532,NA,NA
"states-seeds",NA,1004,9.1393467479293,10.7404860750409,0.821169091493643,NA,NA,NA,0.648097408890717,NA,NA,NA,NA,NA,NA,NA,NA,NA,NA,NA,NA,NA,NA,"08","CO","plain",64,-7.53154528781283,0.170430552963257,NA,NA
"states-seeds",NA,1005,7.59480858566734,9.35511232506603,0.776226874337776,NA,NA,NA,0.733023764762991,NA,NA,NA,NA,NA,NA,NA,NA,NA,NA,NA,NA,NA,NA,"08","CO","plain",64,-2.99459106408861,0.335342238984214,NA,NA
"states-seeds",NA,1001,4.95050761796707,6.64601530280783,0.821064628791993,NA,NA,NA,0.771913592076704,NA,NA,NA,NA,NA,NA,NA,NA,NA,NA,NA,NA,NA,NA,"12","FL","plain",67,-2.39339138847937,0.160178940984279,NA,NA
"states-seeds",NA,1002,5.75925542410778,7.5571994215115,0.868670361101815,NA,NA,NA,0.705083889816537,NA,NA,NA,NA,NA,NA,NA,NA,NA,NA,NA,NA,NA,NA,"12","FL","plain",67,-4.66299233807702,0.479642579368671,NA,NA
"states-seeds",NA,1003,5.08393247681219,7.45757643180781,0.807559350479312,NA,NA,NA,0.712808119084992,NA,NA,NA,NA,NA,NA,NA,NA,NA,NA,NA,NA,NA,NA,"12","FL","plain",67,-2.45279599303484,0.403418284563349,NA,NA
"states-seeds",NA,1004,5.30760575705531,7.41761381232146,0.819723205101721,NA,NA,NA,0.715877799818322,NA,NA,NA,NA,NA,NA,NA,NA,NA,NA,NA,NA,NA,NA,"12","FL","plain",67,-3.66229173571364,0.316829653231541,NA,NA
"states-seeds",NA,1005,4.76522402426762,6.43731247032459,0.829138220519565,NA,NA,NA,0.786013727924304,NA,NA,NA,NA,NA,NA,NA,NA,NA,NA,NA,NA,NA,NA,"12","FL","plain",67,-1.22874637142099,0.072677643357292,NA,NA
"states-seeds",NA,1001,4.27666916832593,5.60133445039431,0.887268377230178,NA,NA,NA,0.876393444843004,NA,NA,NA,NA,NA,NA,NA,NA,NA,NA,NA,NA,NA,NA,"13","GA","plain",159,-1.41585155799455,0.29657473673981,NA,NA
"states-seeds",NA,1002,3.74441277526394,5.12018226266399,0.896866463621683,NA,NA,NA,0.896716883232647,NA,NA,NA,NA,NA,NA,NA,NA,NA,NA,NA,NA,NA,NA,"13","GA","plain",159,-0.0235561897901632,0.408494330613098,NA,NA
"states-seeds",NA,1003,4.56326068614117,5.74942930952203,0.896991101435048,NA,NA,NA,0.86977092052927,NA,NA,NA,NA,NA,NA,NA,NA,NA,NA,NA,NA,NA,NA,"13","GA","plain",159,-2.54220288610757,0.302986072746966,NA,NA
"states-seeds",NA,1004,3.66483881643111,5.09754423901175,0.899256657819433,NA,NA,NA,0.897628162052886,NA,NA,NA,NA,NA,NA,NA,NA,NA,NA,NA,NA,NA,NA,"13","GA","plain",159,0.413906369214615,0.363747228003181,NA,NA
"states-seeds",NA,1005,3.90941493900107,5.18300237469922,0.896568174055518,NA,NA,NA,0.894166950741311,NA,NA,NA,NA,NA,NA,NA,NA,NA,NA,NA,NA,NA,NA,"13","GA","plain",159,-0.703507682700653,0.296704273157095,NA,NA
"states-seeds",NA,1001,11.3110552392311,14.562194288499,0.30220439683903,NA,NA,NA,-0.532392078629862,NA,NA,NA,NA,NA,NA,NA,NA,NA,NA,NA,NA,NA,NA,"16","ID","plain",44,-9.58038026077175,0.132951436351477,NA,NA
"states-seeds",NA,1002,7.97315269353661,10.0466411087463,0.3894945323105,NA,NA,NA,0.270612975682978,NA,NA,NA,NA,NA,NA,NA,NA,NA,NA,NA,NA,NA,NA,"16","ID","plain",44,-3.4222452241835,0.191290521614191,NA,NA
"states-seeds",NA,1003,7.82216607816321,10.4133205278246,0.353068736631058,NA,NA,NA,0.21639945573978,NA,NA,NA,NA,NA,NA,NA,NA,NA,NA,NA,NA,NA,NA,"16","ID","plain",44,-4.08440218592763,-0.118079769938302,NA,NA
"states-seeds",NA,1004,11.3780829386405,13.588928534437,0.411753732461328,NA,NA,NA,-0.33440200369528,NA,NA,NA,NA,NA,NA,NA,NA,NA,NA,NA,NA,NA,NA,"16","ID","plain",44,-10.1538228827921,0.0737457876512143,NA,NA
"states-seeds",NA,1005,8.13352348427448,10.4483603657063,0.447365273707417,NA,NA,NA,0.211117100037483,NA,NA,NA,NA,NA,NA,NA,NA,NA,NA,NA,NA,NA,NA,"16","ID","plain",44,-5.71468071039348,0.0601611939709907,NA,NA
"states-seeds",NA,1001,5.84424149559172,6.90046545111114,0.772087975120564,NA,NA,NA,0.680736940823554,NA,NA,NA,NA,NA,NA,NA,NA,NA,NA,NA,NA,NA,NA,"17","IL","plain",102,-3.43478589614874,0.632013343405484,NA,NA
"states-seeds",NA,1002,5.83342138808906,6.89195255992087,0.758314780158588,NA,NA,NA,0.681524184883605,NA,NA,NA,NA,NA,NA,NA,NA,NA,NA,NA,NA,NA,NA,"17","IL","plain",102,-3.31649433779655,0.614712888017286,NA,NA
"states-seeds",NA,1003,6.49813999911256,7.57204387349134,0.738272420329738,NA,NA,NA,0.615569229175418,NA,NA,NA,NA,NA,NA,NA,NA,NA,NA,NA,NA,NA,NA,"17","IL","plain",102,-4.27224050181964,0.610669099622029,NA,NA
"states-seeds",NA,1004,5.71868810755095,6.90980594124089,0.799014539108705,NA,NA,NA,0.679872045043457,NA,NA,NA,NA,NA,NA,NA,NA,NA,NA,NA,NA,NA,NA,"17","IL","plain",102,-4.17932783717385,0.555637169416256,NA,NA
"states-seeds",NA,1005,5.74523286517522,6.84340478927186,0.74497197153698,NA,NA,NA,0.68599514868325,NA,NA,NA,NA,NA,NA,NA,NA,NA,NA,NA,NA,NA,NA,"17","IL","plain",102,-2.94206899621966,0.652314121047472,NA,NA
"states-seeds",NA,1001,4.19427319761497,5.49683159009344,0.682081647615672,NA,NA,NA,0.646808616919418,NA,NA,NA,NA,NA,NA,NA,NA,NA,NA,NA,NA,NA,NA,"18","IN","plain",92,1.72557780309348,0.36921803964383,NA,NA
"states-seeds",NA,1002,5.07110793581613,6.79989370249589,0.661891700263376,NA,NA,NA,0.459507733766614,NA,NA,NA,NA,NA,NA,NA,NA,NA,NA,NA,NA,NA,NA,"18","IN","plain",92,4.06495083080718,0.387628933911861,NA,NA
"states-seeds",NA,1003,4.0124470289862,5.25954911154124,0.689024397006133,NA,NA,NA,0.676643000668419,NA,NA,NA,NA,NA,NA,NA,NA,NA,NA,NA,NA,NA,NA,"18","IN","plain",92,0.874927437275108,0.266774366704821,NA,NA
"states-seeds",NA,1004,4.54280822996858,5.99615017952501,0.62936913621027,NA,NA,NA,0.579728209855297,NA,NA,NA,NA,NA,NA,NA,NA,NA,NA,NA,NA,NA,NA,"18","IN","plain",92,2.0263532540242,0.451358534560039,NA,NA
"states-seeds",NA,1005,4.27866503421033,5.47849608241162,0.693065167835187,NA,NA,NA,0.649160932965737,NA,NA,NA,NA,NA,NA,NA,NA,NA,NA,NA,NA,NA,NA,"18","IN","plain",92,1.93791312029981,0.428610944386398,NA,NA
"states-seeds",NA,1001,4.45164285434808,5.3652019092274,0.691493990287453,NA,NA,NA,0.667002392093329,NA,NA,NA,NA,NA,NA,NA,NA,NA,NA,NA,NA,NA,NA,"19","IA","plain",99,1.39938289390763,0.463981992609809,NA,NA
"states-seeds",NA,1002,5.96795786609826,7.01867826634544,0.68683718840183,NA,NA,NA,0.430124950714502,NA,NA,NA,NA,NA,NA,NA,NA,NA,NA,NA,NA,NA,NA,"19","IA","plain",99,4.568961405452,0.320002072944108,NA,NA
"states-seeds",NA,1003,4.46061998379058,5.55728920199133,0.675018477149173,NA,NA,NA,0.642731300536995,NA,NA,NA,NA,NA,NA,NA,NA,NA,NA,NA,NA,NA,NA,"19","IA","plain",99,1.57193130301795,0.310334153526936,NA,NA
"states-seeds",NA,1004,4.75591008672855,5.8573014793066,0.615676678575952,NA,NA,NA,0.603115508511664,NA,NA,NA,NA,NA,NA,NA,NA,NA,NA,NA,NA,NA,NA,"19","IA","plain",99,0.936170810875364,0.437718034957017,NA,NA
"states-seeds",NA,1005,4.45090463117854,5.61061639525842,0.678433583276056,NA,NA,NA,0.635841773110048,NA,NA,NA,NA,NA,NA,NA,NA,NA,NA,NA,NA,NA,NA,"19","IA","plain",99,1.72786734200076,0.368579802151567,NA,NA
"states-seeds",NA,1001,4.57511960613073,5.38101215783156,0.815579651281856,NA,NA,NA,0.75751690324238,NA,NA,NA,NA,NA,NA,NA,NA,NA,NA,NA,NA,NA,NA,"20","KS","plain",105,-2.45330624264153,0.373567689841813,NA,NA
"states-seeds",NA,1002,4.06932901574993,5.01545784597656,0.827037541210865,NA,NA,NA,0.78934358334876,NA,NA,NA,NA,NA,NA,NA,NA,NA,NA,NA,NA,NA,NA,"20","KS","plain",105,-1.93013774199071,0.334312411059306,NA,NA
"states-seeds",NA,1003,4.17030639815838,5.09398947178266,0.80938907163671,NA,NA,NA,0.782695054995736,NA,NA,NA,NA,NA,NA,NA,NA,NA,NA,NA,NA,NA,NA,"20","KS","plain",105,-1.37653245868573,0.292793692949202,NA,NA
"states-seeds",NA,1004,4.18798141445698,5.01596728824459,0.848825561278927,NA,NA,NA,0.789300786564772,NA,NA,NA,NA,NA,NA,NA,NA,NA,NA,NA,NA,NA,NA,"20","KS","plain",105,-2.55255117960541,0.239062697845177,NA,NA
"states-seeds",NA,1005,4.04736916490259,4.86462728584347,0.842402051600242,NA,NA,NA,0.801823266346702,NA,NA,NA,NA,NA,NA,NA,NA,NA,NA,NA,NA,NA,NA,"20","KS","plain",105,-2.0368101207471,0.303481527668949,NA,NA
"states-seeds",NA,1001,4.24304681020826,5.22109271712775,0.623194518639936,NA,NA,NA,0.615172425931565,NA,NA,NA,NA,NA,NA,NA,NA,NA,NA,NA,NA,NA,NA,"21","KY","plain",120,-0.282278481959033,0.46384626126573,NA,NA
"states-seeds",NA,1002,3.887412485189,4.88578280686813,0.675902916740796,NA,NA,NA,0.66301413417861,NA,NA,NA,NA,NA,NA,NA,NA,NA,NA,NA,NA,NA,NA,"21","KY","plain",120,0.898950640289497,0.364766781375983,NA,NA
"states-seeds",NA,1003,3.87500817407275,4.78248691288663,0.694530356060836,NA,NA,NA,0.677112708176683,NA,NA,NA,NA,NA,NA,NA,NA,NA,NA,NA,NA,NA,NA,"21","KY","plain",120,1.09803965924286,0.391605396623406,NA,NA
"states-seeds",NA,1004,3.96313073622952,4.87705041628523,0.668418788005755,NA,NA,NA,0.664217651637849,NA,NA,NA,NA,NA,NA,NA,NA,NA,NA,NA,NA,NA,NA,"21","KY","plain",120,-0.496619963471727,0.439553456021539,NA,NA
"states-seeds",NA,1005,3.89174352025695,4.7832440649439,0.68033974471199,NA,NA,NA,0.677010462573481,NA,NA,NA,NA,NA,NA,NA,NA,NA,NA,NA,NA,NA,NA,"21","KY","plain",120,-0.407180196379692,0.342508559754447,NA,NA
"states-seeds",NA,1001,4.13082062331216,5.18143716131218,0.927111967081447,NA,NA,NA,0.870789834720246,NA,NA,NA,NA,NA,NA,NA,NA,NA,NA,NA,NA,NA,NA,"22","LA","plain",64,-3.37733002752471,0.0804213327040217,NA,NA
"states-seeds",NA,1002,3.75724295036997,4.87591093524063,0.927692538018438,NA,NA,NA,0.885578473061842,NA,NA,NA,NA,NA,NA,NA,NA,NA,NA,NA,NA,NA,NA,"22","LA","plain",64,-2.90780210740489,0.0615707036409937,NA,NA
"states-seeds",NA,1003,4.54860294716961,5.5394251774979,0.926229304855099,NA,NA,NA,0.852318664136999,NA,NA,NA,NA,NA,NA,NA,NA,NA,NA,NA,NA,NA,NA,"22","LA","plain",64,-3.91788905963338,0.13538519365414,NA,NA
"states-seeds",NA,1004,5.05193436762324,6.33288347644199,0.926720581085105,NA,NA,NA,0.806981380441027,NA,NA,NA,NA,NA,NA,NA,NA,NA,NA,NA,NA,NA,NA,"22","LA","plain",64,-4.8263875957862,0.152360944883225,NA,NA
"states-seeds",NA,1005,5.44238934226049,6.51172591492516,0.922426008583885,NA,NA,NA,0.795925643529322,NA,NA,NA,NA,NA,NA,NA,NA,NA,NA,NA,NA,NA,NA,"22","LA","plain",64,-5.06622856874098,0.154433529791353,NA,NA
"states-seeds",NA,1001,6.76814273591819,7.83101861565962,0.88371127489814,NA,NA,NA,0.825571350941856,NA,NA,NA,NA,NA,NA,NA,NA,NA,NA,NA,NA,NA,NA,"24","MD","plain",24,-3.43117300730779,0.550494635141567,NA,NA
"states-seeds",NA,1002,5.76523392921309,6.82274619812818,0.90179689918206,NA,NA,NA,0.867596417336275,NA,NA,NA,NA,NA,NA,NA,NA,NA,NA,NA,NA,NA,NA,"24","MD","plain",24,-2.76677848141189,0.408366617781621,NA,NA
"states-seeds",NA,1003,5.98270828671825,7.39443792019492,0.895035062856214,NA,NA,NA,0.844478069380625,NA,NA,NA,NA,NA,NA,NA,NA,NA,NA,NA,NA,NA,NA,"24","MD","plain",24,-3.47517757970354,0.274096998074005,NA,NA
"states-seeds",NA,1004,5.96971599968168,7.19304059850834,0.930109439979778,NA,NA,NA,0.852834392499141,NA,NA,NA,NA,NA,NA,NA,NA,NA,NA,NA,NA,NA,NA,"24","MD","plain",24,-4.36491522986849,0.58337697327646,NA,NA
"states-seeds",NA,1005,5.62135562517184,6.74043431654722,0.906235909010946,NA,NA,NA,0.870771868045376,NA,NA,NA,NA,NA,NA,NA,NA,NA,NA,NA,NA,NA,NA,"24","MD","plain",24,-3.39348410502683,0.467980788392819,NA,NA
"states-seeds",NA,1001,5.46245403898927,7.30486548453365,0.545455619244597,NA,NA,NA,0.376381772476181,NA,NA,NA,NA,NA,NA,NA,NA,NA,NA,NA,NA,NA,NA,"26","MI","plain",83,0.474978508137938,0.640226260794401,NA,NA
"states-seeds",NA,1002,4.62305338889153,5.97178456093031,0.666565408670309,NA,NA,NA,0.583224080999109,NA,NA,NA,NA,NA,NA,NA,NA,NA,NA,NA,NA,NA,NA,"26","MI","plain",83,0.751654411855389,0.572639828068491,NA,NA
"states-seeds",NA,1003,4.72057931912797,6.30464207968133,0.625584133523409,NA,NA,NA,0.535468437780066,NA,NA,NA,NA,NA,NA,NA,NA,NA,NA,NA,NA,NA,NA,"26","MI","plain",83,1.15816378818464,0.63651913220012,NA,NA
"states-seeds",NA,1004,5.37769443976041,6.97121465233591,0.632411212484384,NA,NA,NA,0.432048481136658,NA,NA,NA,NA,NA,NA,NA,NA,NA,NA,NA,NA,NA,NA,"26","MI","plain",83,2.53652399755218,0.637891636867091,NA,NA
"states-seeds",NA,1005,5.24760503996615,7.07464727025646,0.612562368076675,NA,NA,NA,0.415069944102909,NA,NA,NA,NA,NA,NA,NA,NA,NA,NA,NA,NA,NA,NA,"26","MI","plain",83,1.27917824560834,0.677892472953477,NA,NA
"states-seeds",NA,1001,6.21090693055589,7.38157980262415,0.618866709152522,NA,NA,NA,0.399607483320714,NA,NA,NA,NA,NA,NA,NA,NA,NA,NA,NA,NA,NA,NA,"27","MN","plain",87,-4.44138398838809,0.471258953820405,NA,NA
"states-seeds",NA,1002,8.68529646809711,9.96696391942913,0.483040190507607,NA,NA,NA,-0.0946175431103033,NA,NA,NA,NA,NA,NA,NA,NA,NA,NA,NA,NA,NA,NA,"27","MN","plain",87,-6.9386373332788,0.524012733253175,NA,NA
"states-seeds",NA,1003,6.61379628191874,7.83146754360482,0.569794029513062,NA,NA,NA,0.32419260962256,NA,NA,NA,NA,NA,NA,NA,NA,NA,NA,NA,NA,NA,NA,"27","MN","plain",87,-4.40927038191872,0.51648272125152,NA,NA
"states-seeds",NA,1004,6.77658827487488,7.87231654573693,0.57526687544329,NA,NA,NA,0.317124188769585,NA,NA,NA,NA,NA,NA,NA,NA,NA,NA,NA,NA,NA,NA,"27","MN","plain",87,-4.62509347726584,0.570291755681022,NA,NA
"states-seeds",NA,1005,6.3257109466202,7.62531415989332,0.559009079981192,NA,NA,NA,0.359303850064043,NA,NA,NA,NA,NA,NA,NA,NA,NA,NA,NA,NA,NA,NA,"27","MN","plain",87,-4.22289125629846,0.541050161119397,NA,NA
"states-seeds",NA,1001,3.16054195940678,4.3101256430022,0.958158224560026,NA,NA,NA,0.94945481669294,NA,NA,NA,NA,NA,NA,NA,NA,NA,NA,NA,NA,NA,NA,"28","MS","plain",82,1.78783861068093,0.222081843030767,NA,NA
"states-seeds",NA,1002,2.95361261693873,3.91304042088998,0.964815059851226,NA,NA,NA,0.95833910616993,NA,NA,NA,NA,NA,NA,NA,NA,NA,NA,NA,NA,NA,NA,"28","MS","plain",82,1.43432165368522,0.172347302887854,NA,NA
"states-seeds",NA,1003,3.29570782988441,4.38661038439343,0.963368798202585,NA,NA,NA,0.947645014934001,NA,NA,NA,NA,NA,NA,NA,NA,NA,NA,NA,NA,NA,NA,"28","MS","plain",82,2.34862852966439,0.107435699852097,NA,NA
"states-seeds",NA,1004,3.14492065974186,4.07374282534743,0.967046884918019,NA,NA,NA,0.954846945729345,NA,NA,NA,NA,NA,NA,NA,NA,NA,NA,NA,NA,NA,NA,"28","MS","plain",82,1.66674583436846,0.415913590120259,NA,NA
"states-seeds",NA,1005,2.44652386698605,3.28661723913311,0.975573774817264,NA,NA,NA,0.970610095621942,NA,NA,NA,NA,NA,NA,NA,NA,NA,NA,NA,NA,NA,NA,"28","MS","plain",82,1.31714997756887,0.0661484276267358,NA,NA
"states-seeds",NA,1001,3.6024474545646,4.58897130678813,0.798602190031901,NA,NA,NA,0.765175861718851,NA,NA,NA,NA,NA,NA,NA,NA,NA,NA,NA,NA,NA,NA,"29","MO","plain",115,1.06941892432284,0.167605466408032,NA,NA
"states-seeds",NA,1002,3.2464194402924,3.95460339897452,0.835278373984909,NA,NA,NA,0.825611467327964,NA,NA,NA,NA,NA,NA,NA,NA,NA,NA,NA,NA,NA,NA,"29","MO","plain",115,0.878230906194336,0.332133264374112,NA,NA
"states-seeds",NA,1003,3.30509913975905,4.12826094189296,0.824630293052996,NA,NA,NA,0.809959425686988,NA,NA,NA,NA,NA,NA,NA,NA,NA,NA,NA,NA,NA,NA,"29","MO","plain",115,0.58094473556246,0.360177411127002,NA,NA
"states-seeds",NA,1004,3.17765326438571,4.16633045312073,0.824602563413127,NA,NA,NA,0.806438277110688,NA,NA,NA,NA,NA,NA,NA,NA,NA,NA,NA,NA,NA,NA,"29","MO","plain",115,-0.109360951693508,0.247205334893856,NA,NA
"states-seeds",NA,1005,3.57343375343316,4.49822687838273,0.812264054890103,NA,NA,NA,0.774371079552285,NA,NA,NA,NA,NA,NA,NA,NA,NA,NA,NA,NA,NA,NA,"29","MO","plain",115,1.50103683975217,0.261095382682293,NA,NA
"states-seeds",NA,1001,5.91364132126867,7.44780896194994,0.781338547452665,NA,NA,NA,0.71247847622791,NA,NA,NA,NA,NA,NA,NA,NA,NA,NA,NA,NA,NA,NA,"30","MT","plain",56,3.27188740280266,0.0216837262355996,NA,NA
"states-seeds",NA,1002,5.26603956670418,7.3462318742946,0.756003161014454,NA,NA,NA,0.720267730384534,NA,NA,NA,NA,NA,NA,NA,NA,NA,NA,NA,NA,NA,NA,"30","MT","plain",56,2.13284439932817,-0.0439176028054126,NA,NA
"states-seeds",NA,1003,4.64137191095325,6.07650877531349,0.824854448428613,NA,NA,NA,0.808608977117966,NA,NA,NA,NA,NA,NA,NA,NA,NA,NA,NA,NA,NA,NA,"30","MT","plain",56,1.61251188125333,-0.0371152086278587,NA,NA
"states-seeds",NA,1004,6.07098316978118,7.40174069360848,0.812949486177242,NA,NA,NA,0.716024392490855,NA,NA,NA,NA,NA,NA,NA,NA,NA,NA,NA,NA,NA,NA,"30","MT","plain",56,3.72729855607343,0.0589926730441511,NA,NA
"states-seeds",NA,1005,5.10203104991048,6.34334914435819,0.817342211904055,NA,NA,NA,0.791430626409632,NA,NA,NA,NA,NA,NA,NA,NA,NA,NA,NA,NA,NA,NA,"30","MT","plain",56,2.18675931626205,-0.0323292054454612,NA,NA
"states-seeds",NA,1001,5.50906085013817,6.28874777442862,0.79745397380418,NA,NA,NA,0.548586910365127,NA,NA,NA,NA,NA,NA,NA,NA,NA,NA,NA,NA,NA,NA,"31","NE","plain",93,-4.64893550411728,0.291941444495909,NA,NA
"states-seeds",NA,1002,4.61122197942368,5.53922980409588,0.78559514070573,NA,NA,NA,0.649777083126317,NA,NA,NA,NA,NA,NA,NA,NA,NA,NA,NA,NA,NA,NA,"31","NE","plain",93,-3.36287098524397,0.15639894709003,NA,NA
"states-seeds",NA,1003,3.98104778414337,4.91182200491104,0.8141626227962,NA,NA,NA,0.724620862278781,NA,NA,NA,NA,NA,NA,NA,NA,NA,NA,NA,NA,NA,NA,"31","NE","plain",93,-2.40135616389074,0.269930458008014,NA,NA
"states-seeds",NA,1004,4.76693505577015,5.74943420315715,0.769929514420793,NA,NA,NA,0.622692001896209,NA,NA,NA,NA,NA,NA,NA,NA,NA,NA,NA,NA,NA,NA,"31","NE","plain",93,-3.43023839220724,0.314667116630991,NA,NA
"states-seeds",NA,1005,5.09169040999728,5.8049228160338,0.836661363136858,NA,NA,NA,0.615373950658071,NA,NA,NA,NA,NA,NA,NA,NA,NA,NA,NA,NA,NA,NA,"31","NE","plain",93,-4.34683767898395,0.13844045149752,NA,NA
"states-seeds",NA,1001,4.64784750889498,5.80644625825138,0.840864003928042,NA,NA,NA,0.80685689486207,NA,NA,NA,NA,NA,NA,NA,NA,NA,NA,NA,NA,NA,NA,"34","NJ","plain",21,2.42062956544593,0.335295322916647,NA,NA
"states-seeds",NA,1002,5.04266186387088,6.49596325423503,0.806812717059666,NA,NA,NA,0.758261675972802,NA,NA,NA,NA,NA,NA,NA,NA,NA,NA,NA,NA,NA,NA,"34","NJ","plain",21,0.258393415782438,0.481908451296774,NA,NA
"states-seeds",NA,1003,6.69364882408722,8.32052926283009,0.737730174080716,NA,NA,NA,0.603393075584489,NA,NA,NA,NA,NA,NA,NA,NA,NA,NA,NA,NA,NA,NA,"34","NJ","plain",21,4.82311991124508,0.359182711715,NA,NA
"states-seeds",NA,1004,6.09204236490322,7.43067809946636,0.710926262968977,NA,NA,NA,0.683688280211984,NA,NA,NA,NA,NA,NA,NA,NA,NA,NA,NA,NA,NA,NA,"34","NJ","plain",21,1.45034285538311,0.440367180462398,NA,NA
"states-seeds",NA,1005,5.60519980309688,7.54067083812095,0.77134332197551,NA,NA,NA,0.674254552525962,NA,NA,NA,NA,NA,NA,NA,NA,NA,NA,NA,NA,NA,NA,"34","NJ","plain",21,3.7922157563595,0.400118500324062,NA,NA
"states-seeds",NA,1001,8.33524074148207,11.2178734662036,0.663333098018946,NA,NA,NA,0.625451130536305,NA,NA,NA,NA,NA,NA,NA,NA,NA,NA,NA,NA,NA,NA,"35","NM","plain",33,3.05485659462679,0.434597434944948,NA,NA
"states-seeds",NA,1002,11.1406019505796,13.4515935132652,0.643330126883043,NA,NA,NA,0.461439017274206,NA,NA,NA,NA,NA,NA,NA,NA,NA,NA,NA,NA,NA,NA,"35","NM","plain",33,-6.26259127373119,0.372395492971463,NA,NA
"states-seeds",NA,1003,9.98609335236242,13.004815153477,0.515004455379447,NA,NA,NA,0.496620200065793,NA,NA,NA,NA,NA,NA,NA,NA,NA,NA,NA,NA,NA,NA,"35","NM","plain",33,-2.47548856314871,0.482555008638096,NA,NA
"states-seeds",NA,1004,10.9164413522149,13.9332854277815,0.497855610088961,NA,NA,NA,0.422177453047113,NA,NA,NA,NA,NA,NA,NA,NA,NA,NA,NA,NA,NA,NA,"35","NM","plain",33,-4.59550833977778,0.530585783919132,NA,NA
"states-seeds",NA,1005,13.1434419400142,15.5141070267573,0.647439006170967,NA,NA,NA,0.283624073953117,NA,NA,NA,NA,NA,NA,NA,NA,NA,NA,NA,NA,NA,NA,"35","NM","plain",33,-10.8113140555501,0.298831163058882,NA,NA
"states-seeds",NA,1001,5.11245272446743,6.64405446513116,0.788025507583138,NA,NA,NA,0.776636776368614,NA,NA,NA,NA,NA,NA,NA,NA,NA,NA,NA,NA,NA,NA,"36","NY","plain",62,-1.09809354485329,0.49775809010235,NA,NA
"states-seeds",NA,1002,5.51290313854438,6.89392473216864,0.78358699754576,NA,NA,NA,0.759520325245633,NA,NA,NA,NA,NA,NA,NA,NA,NA,NA,NA,NA,NA,NA,"36","NY","plain",62,-1.27349583697549,0.524691597885172,NA,NA
"states-seeds",NA,1003,5.0526667945445,6.82852127931154,0.78812281100873,NA,NA,NA,0.7640615971792,NA,NA,NA,NA,NA,NA,NA,NA,NA,NA,NA,NA,NA,NA,"36","NY","plain",62,1.37958705502097,0.393205809379295,NA,NA
"states-seeds",NA,1004,4.89649277210406,5.94922790011388,0.821240025590408,NA,NA,NA,0.82091198908403,NA,NA,NA,NA,NA,NA,NA,NA,NA,NA,NA,NA,NA,NA,"36","NY","plain",62,-0.252704255734673,0.422141590751863,NA,NA
"states-seeds",NA,1005,5.61033295570046,7.08363344900226,0.768548517734247,NA,NA,NA,0.746103063376558,NA,NA,NA,NA,NA,NA,NA,NA,NA,NA,NA,NA,NA,NA,"36","NY","plain",62,-1.93062741629033,0.524225482589303,NA,NA
"states-seeds",NA,1001,5.23817798631572,6.31592447932922,0.925632266747584,NA,NA,NA,0.797269526979082,NA,NA,NA,NA,NA,NA,NA,NA,NA,NA,NA,NA,NA,NA,"37","NC","plain",100,5.0082128462357,0.154595537426351,NA,NA
"states-seeds",NA,1002,4.7961852058128,6.12979859224215,0.908970525166742,NA,NA,NA,0.809042118918334,NA,NA,NA,NA,NA,NA,NA,NA,NA,NA,NA,NA,NA,NA,"37","NC","plain",100,4.3507456450351,0.220012458055304,NA,NA
"states-seeds",NA,1003,5.51932766809017,6.85250941036842,0.895196073405568,NA,NA,NA,0.761359330875694,NA,NA,NA,NA,NA,NA,NA,NA,NA,NA,NA,NA,NA,NA,"37","NC","plain",100,5.13145486179525,0.221859336757104,NA,NA
"states-seeds",NA,1004,5.52023791334728,6.97990412606917,0.878671097184508,NA,NA,NA,0.752403733611418,NA,NA,NA,NA,NA,NA,NA,NA,NA,NA,NA,NA,NA,NA,"37","NC","plain",100,4.98393150213397,0.162362149574991,NA,NA
"states-seeds",NA,1005,4.78766126606459,6.16437460946453,0.874331835993136,NA,NA,NA,0.8068817920358,NA,NA,NA,NA,NA,NA,NA,NA,NA,NA,NA,NA,NA,NA,"37","NC","plain",100,3.63525302613851,0.431903359691613,NA,NA
"states-seeds",NA,1001,7.88147152886892,9.56044825468626,0.666095090369898,NA,NA,NA,0.452521662544075,NA,NA,NA,NA,NA,NA,NA,NA,NA,NA,NA,NA,NA,NA,"38","ND","plain",53,-4.96466944676106,0.256729020070211,NA,NA
"states-seeds",NA,1002,7.639422590412,9.19987080296983,0.745675568206686,NA,NA,NA,0.493039775850231,NA,NA,NA,NA,NA,NA,NA,NA,NA,NA,NA,NA,NA,NA,"38","ND","plain",53,-6.45334234455151,0.0804539857996568,NA,NA
"states-seeds",NA,1003,9.16072953386537,10.9704804121221,0.707999082564961,NA,NA,NA,0.27912208274994,NA,NA,NA,NA,NA,NA,NA,NA,NA,NA,NA,NA,NA,NA,"38","ND","plain",53,-8.44955761850624,0.32438834134356,NA,NA
"states-seeds",NA,1004,7.92635270070526,9.44604012721847,0.781171093419568,NA,NA,NA,0.465546406401018,NA,NA,NA,NA,NA,NA,NA,NA,NA,NA,NA,NA,NA,NA,"38","ND","plain",53,-7.19971236321397,0.215917114358761,NA,NA
"states-seeds",NA,1005,6.66596369832523,7.64050802176441,0.758112573332196,NA,NA,NA,0.650332795630857,NA,NA,NA,NA,NA,NA,NA,NA,NA,NA,NA,NA,NA,NA,"38","ND","plain",53,-3.90510514364776,0.244678027757275,NA,NA
"states-seeds",NA,1001,5.32505332092133,6.56527917488409,0.658867953483656,NA,NA,NA,0.63762950149275,NA,NA,NA,NA,NA,NA,NA,NA,NA,NA,NA,NA,NA,NA,"39","OH","plain",88,-0.988140632687575,0.702166327620265,NA,NA
"states-seeds",NA,1002,4.63143208612325,5.91329574430461,0.706126418242836,NA,NA,NA,0.706028223370275,NA,NA,NA,NA,NA,NA,NA,NA,NA,NA,NA,NA,NA,NA,"39","OH","plain",88,0.100870921039242,0.613472201328563,NA,NA
"states-seeds",NA,1003,5.29364202643639,6.61843177724842,0.641881982568873,NA,NA,NA,0.631738235359085,NA,NA,NA,NA,NA,NA,NA,NA,NA,NA,NA,NA,NA,NA,"39","OH","plain",88,-0.575355029424685,0.675535883503159,NA,NA
"states-seeds",NA,1004,5.51566408499123,6.67165673638982,0.637903860305609,NA,NA,NA,0.625791348897618,NA,NA,NA,NA,NA,NA,NA,NA,NA,NA,NA,NA,NA,NA,"39","OH","plain",88,-1.06053578670267,0.645200704758368,NA,NA
"states-seeds",NA,1005,5.26824322581611,6.4335294346345,0.67326259073608,NA,NA,NA,0.652027421418346,NA,NA,NA,NA,NA,NA,NA,NA,NA,NA,NA,NA,NA,NA,"39","OH","plain",88,-1.19021041486302,0.648146975801424,NA,NA
"states-seeds",NA,1001,4.5019638391468,5.51127168530111,0.548352256833503,NA,NA,NA,0.44360117984648,NA,NA,NA,NA,NA,NA,NA,NA,NA,NA,NA,NA,NA,NA,"40","OK","plain",77,-1.55028560097214,0.577476968915293,NA,NA
"states-seeds",NA,1002,4.18972834470502,5.06952803981885,0.724553970917258,NA,NA,NA,0.529220418961867,NA,NA,NA,NA,NA,NA,NA,NA,NA,NA,NA,NA,NA,NA,"40","OK","plain",77,-3.20610907108596,0.428856590605849,NA,NA
"states-seeds",NA,1003,3.70385324281623,4.69609563289384,0.652331228229902,NA,NA,NA,0.596023200689318,NA,NA,NA,NA,NA,NA,NA,NA,NA,NA,NA,NA,NA,NA,"40","OK","plain",77,-1.67678614573822,0.463880088221165,NA,NA
"states-seeds",NA,1004,3.8486872370209,4.81308380205182,0.6337327827867,NA,NA,NA,0.575644919716558,NA,NA,NA,NA,NA,NA,NA,NA,NA,NA,NA,NA,NA,NA,"40","OK","plain",77,-1.59672914009478,0.448702581071397,NA,NA
"states-seeds",NA,1005,4.6914561822213,5.6332208411118,0.482259028547706,NA,NA,NA,0.418705633895361,NA,NA,NA,NA,NA,NA,NA,NA,NA,NA,NA,NA,NA,NA,"40","OK","plain",77,-0.674253304377403,0.70027092107147,NA,NA
"states-seeds",NA,1001,5.28375242965554,6.58645801084076,0.875765484428246,NA,NA,NA,0.830703397219239,NA,NA,NA,NA,NA,NA,NA,NA,NA,NA,NA,NA,NA,NA,"41","OR","plain",36,-1.0354406187489,0.358139194082369,NA,NA
"states-seeds",NA,1002,7.43744918270216,8.95876458166102,0.862276586195003,NA,NA,NA,0.686786381384654,NA,NA,NA,NA,NA,NA,NA,NA,NA,NA,NA,NA,NA,NA,"41","OR","plain",36,-6.61331392409532,0.381309516611827,NA,NA
"states-seeds",NA,1003,4.88784219793941,6.14381049549845,0.853694187922644,NA,NA,NA,0.852694144265327,NA,NA,NA,NA,NA,NA,NA,NA,NA,NA,NA,NA,NA,NA,"41","OR","plain",36,-0.505688568199264,0.24587748376511,NA,NA
"states-seeds",NA,1004,4.94658652386981,6.56349905396954,0.858236169001577,NA,NA,NA,0.831881602257092,NA,NA,NA,NA,NA,NA,NA,NA,NA,NA,NA,NA,NA,NA,"41","OR","plain",36,0.2166657111869,0.0836457943762949,NA,NA
"states-seeds",NA,1005,5.47937053210071,7.09609782096048,0.818956416868034,NA,NA,NA,0.80349048864909,NA,NA,NA,NA,NA,NA,NA,NA,NA,NA,NA,NA,NA,NA,"41","OR","plain",36,-1.82997010450333,0.188472038986622,NA,NA
"states-seeds",NA,1001,6.04058838573252,7.39161234437799,0.820840019442301,NA,NA,NA,0.66604645602269,NA,NA,NA,NA,NA,NA,NA,NA,NA,NA,NA,NA,NA,NA,"42","PA","plain",67,5.03107723464352,0.248587268806142,NA,NA
"states-seeds",NA,1002,6.24883586648501,7.92010046125229,0.68864072100723,NA,NA,NA,0.616585023126385,NA,NA,NA,NA,NA,NA,NA,NA,NA,NA,NA,NA,NA,NA,"42","PA","plain",67,3.41746331736404,0.426425614548748,NA,NA
"states-seeds",NA,1003,6.01805083753442,7.21162511944957,0.789848098479208,NA,NA,NA,0.682112114140459,NA,NA,NA,NA,NA,NA,NA,NA,NA,NA,NA,NA,NA,NA,"42","PA","plain",67,4.1704982921726,0.530101252821155,NA,NA
"states-seeds",NA,1004,7.04711008030731,8.82270757783061,0.622886138491535,NA,NA,NA,0.524214214863543,NA,NA,NA,NA,NA,NA,NA,NA,NA,NA,NA,NA,NA,NA,"42","PA","plain",67,3.93291107438996,0.445588919605266,NA,NA
"states-seeds",NA,1005,7.18612477621833,8.54562074394494,0.722356984107263,NA,NA,NA,0.55363007845331,NA,NA,NA,NA,NA,NA,NA,NA,NA,NA,NA,NA,NA,NA,"42","PA","plain",67,5.20360558035856,0.450694391154362,NA,NA
"states-seeds",NA,1001,4.73906908995549,5.6769078346256,0.880246288790842,NA,NA,NA,0.80528513701891,NA,NA,NA,NA,NA,NA,NA,NA,NA,NA,NA,NA,NA,NA,"45","SC","plain",46,-3.30187981611096,0.310388351290085,NA,NA
"states-seeds",NA,1002,3.80854516118935,4.55700319032799,0.878440713046432,NA,NA,NA,0.874531680341328,NA,NA,NA,NA,NA,NA,NA,NA,NA,NA,NA,NA,NA,NA,"45","SC","plain",46,0.801982979878189,0.564091364298002,NA,NA
"states-seeds",NA,1003,3.66035453718147,4.69731698852663,0.887020391666191,NA,NA,NA,0.866686185912412,NA,NA,NA,NA,NA,NA,NA,NA,NA,NA,NA,NA,NA,NA,"45","SC","plain",46,-1.24970161644774,0.319674198335467,NA,NA
"states-seeds",NA,1004,3.63860306580202,4.29238701921478,0.899386218858749,NA,NA,NA,0.888680009109743,NA,NA,NA,NA,NA,NA,NA,NA,NA,NA,NA,NA,NA,NA,"45","SC","plain",46,-1.31666542677521,0.394359224767526,NA,NA
"states-seeds",NA,1005,3.8836642398033,4.59709865787246,0.89243124468195,NA,NA,NA,0.872314063870431,NA,NA,NA,NA,NA,NA,NA,NA,NA,NA,NA,NA,NA,NA,"45","SC","plain",46,-1.53778565339128,0.293835420849553,NA,NA
"states-seeds",NA,1001,9.20283790947581,13.7256135131519,0.437459913055383,NA,NA,NA,0.121680783700806,NA,NA,NA,NA,NA,NA,NA,NA,NA,NA,NA,NA,NA,NA,"46","SD","plain",66,8.06202981067071,0.169123237110819,NA,NA
"states-seeds",NA,1002,7.91017453032926,10.2804808763462,0.727548632402138,NA,NA,NA,0.507262390742999,NA,NA,NA,NA,NA,NA,NA,NA,NA,NA,NA,NA,NA,NA,"46","SD","plain",66,6.7364944915727,0.161314565364595,NA,NA
"states-seeds",NA,1003,7.04944140778014,10.6220295515615,0.632122787248226,NA,NA,NA,0.473978054028069,NA,NA,NA,NA,NA,NA,NA,NA,NA,NA,NA,NA,NA,NA,"46","SD","plain",66,5.55789539393478,0.14663859942906,NA,NA
"states-seeds",NA,1004,7.84195585125377,10.7233388334954,0.681607151816218,NA,NA,NA,0.463896168908813,NA,NA,NA,NA,NA,NA,NA,NA,NA,NA,NA,NA,NA,NA,"46","SD","plain",66,6.72105082281652,0.36778043109977,NA,NA
"states-seeds",NA,1005,8.29106616962866,12.2670322764396,0.500001720959535,NA,NA,NA,0.298435073936243,NA,NA,NA,NA,NA,NA,NA,NA,NA,NA,NA,NA,NA,NA,"46","SD","plain",66,6.52396626529999,0.242835444127983,NA,NA
"states-seeds",NA,1001,3.03875342854342,3.88268626364486,0.841450020936688,NA,NA,NA,0.823278649797188,NA,NA,NA,NA,NA,NA,NA,NA,NA,NA,NA,NA,NA,NA,"47","TN","plain",95,0.556569567223077,0.293846314418349,NA,NA
"states-seeds",NA,1002,3.50434863240679,4.5588470734337,0.814215896649178,NA,NA,NA,0.756367921365147,NA,NA,NA,NA,NA,NA,NA,NA,NA,NA,NA,NA,NA,NA,"47","TN","plain",95,1.79857803335393,0.385591083662258,NA,NA
"states-seeds",NA,1003,3.22779504962177,4.27195402691678,0.849271602964706,NA,NA,NA,0.786067107475284,NA,NA,NA,NA,NA,NA,NA,NA,NA,NA,NA,NA,NA,NA,"47","TN","plain",95,1.76850120385188,0.351876570639074,NA,NA
"states-seeds",NA,1004,3.76414602792459,4.72851707770022,0.784310293470174,NA,NA,NA,0.737895579069761,NA,NA,NA,NA,NA,NA,NA,NA,NA,NA,NA,NA,NA,NA,"47","TN","plain",95,0.570348760346847,0.390779929012149,NA,NA
"states-seeds",NA,1005,3.28091359842491,4.36395081372969,0.869626043540358,NA,NA,NA,0.776753778804992,NA,NA,NA,NA,NA,NA,NA,NA,NA,NA,NA,NA,NA,NA,"47","TN","plain",95,2.65275841826031,0.256101750557299,NA,NA
"states-seeds",NA,1001,9.06287247055054,15.340170980779,0.354397810111985,NA,NA,NA,0.137523033728166,NA,NA,NA,NA,NA,NA,NA,NA,NA,NA,NA,NA,NA,NA,"48","TX","plain",254,7.62311142447609,0.750693939811942,NA,NA
"states-seeds",NA,1002,7.00067038088156,11.4133760764208,0.633900523295758,NA,NA,NA,0.522563782969802,NA,NA,NA,NA,NA,NA,NA,NA,NA,NA,NA,NA,NA,NA,"48","TX","plain",254,5.37977063679267,0.768923304396184,NA,NA
"states-seeds",NA,1003,9.10918419267214,16.1689814780359,0.22750586627272,NA,NA,NA,0.0418082396285891,NA,NA,NA,NA,NA,NA,NA,NA,NA,NA,NA,NA,NA,NA,"48","TX","plain",254,6.71309878512196,0.782040652374373,NA,NA
"states-seeds",NA,1004,6.77327000480517,10.8313910461961,0.591333728101408,NA,NA,NA,0.570012752197374,NA,NA,NA,NA,NA,NA,NA,NA,NA,NA,NA,NA,NA,NA,"48","TX","plain",254,2.18459294116238,0.600060233816042,NA,NA
"states-seeds",NA,1005,8.11400061398309,14.2913602264642,0.356732812351714,NA,NA,NA,0.25142686466058,NA,NA,NA,NA,NA,NA,NA,NA,NA,NA,NA,NA,NA,NA,"48","TX","plain",254,5.19382289315533,0.784522374202919,NA,NA
"states-seeds",NA,1001,6.95179596731929,8.66354428032608,0.634430817845815,NA,NA,NA,0.622050820321005,NA,NA,NA,NA,NA,NA,NA,NA,NA,NA,NA,NA,NA,NA,"49","UT","plain",29,0.187018666355249,-0.0721655501674587,NA,NA
"states-seeds",NA,1002,8.06439048977244,10.6609391331756,0.547242161314622,NA,NA,NA,0.427687626169416,NA,NA,NA,NA,NA,NA,NA,NA,NA,NA,NA,NA,NA,NA,"49","UT","plain",29,4.86108814430334,0.0293902431365097,NA,NA
"states-seeds",NA,1003,7.86621290460587,10.3989558020731,0.505401344306829,NA,NA,NA,0.455470173841416,NA,NA,NA,NA,NA,NA,NA,NA,NA,NA,NA,NA,NA,NA,"49","UT","plain",29,-0.960909916848804,-0.0361841361092255,NA,NA
"states-seeds",NA,1004,10.0366054814476,12.6888269804961,0.424871783025607,NA,NA,NA,0.18925335668131,NA,NA,NA,NA,NA,NA,NA,NA,NA,NA,NA,NA,NA,NA,"49","UT","plain",29,-4.1661432488115,0.104027524351424,NA,NA
"states-seeds",NA,1005,9.91682444981857,12.2550819199774,0.517441450462742,NA,NA,NA,0.243733878916597,NA,NA,NA,NA,NA,NA,NA,NA,NA,NA,NA,NA,NA,NA,"49","UT","plain",29,-1.72734915346618,0.0342341841393337,NA,NA
"states-seeds",NA,1001,5.93182305892723,7.74061140072423,0.857944998940617,NA,NA,NA,0.796119608911224,NA,NA,NA,NA,NA,NA,NA,NA,NA,NA,NA,NA,NA,NA,"51","VA","plain",133,-1.93116038803183,0.51893238036932,NA,NA
"states-seeds",NA,1002,4.68371534070316,6.57816913863342,0.890854276191144,NA,NA,NA,0.85275688407934,NA,NA,NA,NA,NA,NA,NA,NA,NA,NA,NA,NA,NA,NA,"51","VA","plain",133,-1.41677598604906,0.394184572756438,NA,NA
"states-seeds",NA,1003,4.5964666536785,6.12289474301792,0.885108886150262,NA,NA,NA,0.872432949340184,NA,NA,NA,NA,NA,NA,NA,NA,NA,NA,NA,NA,NA,NA,"51","VA","plain",133,-0.787276391615407,0.389079886363759,NA,NA
"states-seeds",NA,1004,4.53090482465863,5.92387517809776,0.898670472368555,NA,NA,NA,0.880591092383103,NA,NA,NA,NA,NA,NA,NA,NA,NA,NA,NA,NA,NA,NA,"51","VA","plain",133,-1.60232549046435,0.361574168446415,NA,NA
"states-seeds",NA,1005,4.92993058628489,6.91007829997686,0.886717278511093,NA,NA,NA,0.837523384258627,NA,NA,NA,NA,NA,NA,NA,NA,NA,NA,NA,NA,NA,NA,"51","VA","plain",133,-2.20133543258774,0.423290191065992,NA,NA
"states-seeds",NA,1001,7.55043046891105,9.39768977093954,0.757625724197908,NA,NA,NA,0.454798945580625,NA,NA,NA,NA,NA,NA,NA,NA,NA,NA,NA,NA,NA,NA,"53","WA","plain",39,6.88528926977865,0.278316997387012,NA,NA
"states-seeds",NA,1002,7.69758328656501,8.87895155425402,0.589949494521116,NA,NA,NA,0.513326329474586,NA,NA,NA,NA,NA,NA,NA,NA,NA,NA,NA,NA,NA,NA,"53","WA","plain",39,3.50262925079507,0.391082060207038,NA,NA
"states-seeds",NA,1003,8.08882688591753,9.81684238285979,0.697184018343819,NA,NA,NA,0.405080622784686,NA,NA,NA,NA,NA,NA,NA,NA,NA,NA,NA,NA,NA,NA,"53","WA","plain",39,6.87632396126028,0.160510658486844,NA,NA
"states-seeds",NA,1004,6.40771175200615,7.66867265258354,0.797857130213907,NA,NA,NA,0.63695966618487,NA,NA,NA,NA,NA,NA,NA,NA,NA,NA,NA,NA,NA,NA,"53","WA","plain",39,5.07429730248934,0.00828772072966312,NA,NA
"states-seeds",NA,1005,6.6817550841528,8.15134959718082,0.749415602353611,NA,NA,NA,0.589820909525069,NA,NA,NA,NA,NA,NA,NA,NA,NA,NA,NA,NA,NA,NA,"53","WA","plain",39,5.07052970040742,0.282605992631517,NA,NA
"states-seeds",NA,1001,3.87146047270455,4.95712403266101,0.620057867180418,NA,NA,NA,0.455415923757239,NA,NA,NA,NA,NA,NA,NA,NA,NA,NA,NA,NA,NA,NA,"54","WV","plain",55,-2.51878556811491,0.264787259802672,NA,NA
"states-seeds",NA,1002,3.85605769172403,4.71045626883275,0.521959133842142,NA,NA,NA,0.508264775050355,NA,NA,NA,NA,NA,NA,NA,NA,NA,NA,NA,NA,NA,NA,"54","WV","plain",55,0.111025254661941,0.245517240756573,NA,NA
"states-seeds",NA,1003,4.43814308739076,5.65542470817628,0.581947709119891,NA,NA,NA,0.291180238368619,NA,NA,NA,NA,NA,NA,NA,NA,NA,NA,NA,NA,NA,NA,"54","WV","plain",55,-3.11062781077674,0.381623063666941,NA,NA
"states-seeds",NA,1004,3.42479073498204,4.44086872649728,0.577015093543413,NA,NA,NA,0.562939822129254,NA,NA,NA,NA,NA,NA,NA,NA,NA,NA,NA,NA,NA,NA,"54","WV","plain",55,0.000804604465066725,0.28451300883155,NA,NA
"states-seeds",NA,1005,3.78406267745876,4.91259624358749,0.557836334700418,NA,NA,NA,0.465155528740007,NA,NA,NA,NA,NA,NA,NA,NA,NA,NA,NA,NA,NA,NA,"54","WV","plain",55,-2.02951547575027,0.260187388564677,NA,NA
"states-seeds",NA,1001,9.74310258757063,12.4104170329238,0.225538748237033,NA,NA,NA,-0.554333041702529,NA,NA,NA,NA,NA,NA,NA,NA,NA,NA,NA,NA,NA,NA,"55","WI","plain",72,7.26527618543715,0.551582907444535,NA,NA
"states-seeds",NA,1002,8.23585754828842,11.3783076997735,0.235454141988437,NA,NA,NA,-0.306551931529538,NA,NA,NA,NA,NA,NA,NA,NA,NA,NA,NA,NA,NA,NA,"55","WI","plain",72,6.60607671103333,0.358524853798453,NA,NA
"states-seeds",NA,1003,8.47403399438925,11.3127340135499,0.269122850251246,NA,NA,NA,-0.29153589346352,NA,NA,NA,NA,NA,NA,NA,NA,NA,NA,NA,NA,NA,NA,"55","WI","plain",72,6.40193043554157,0.494836107387215,NA,NA
"states-seeds",NA,1004,9.25034840285494,11.997298528015,0.206642192467716,NA,NA,NA,-0.452573976066632,NA,NA,NA,NA,NA,NA,NA,NA,NA,NA,NA,NA,NA,NA,"55","WI","plain",72,6.46356389342445,0.525581003764678,NA,NA
"states-seeds",NA,1005,9.34112984112639,12.1452450994294,0.243654253174355,NA,NA,NA,-0.488620156983892,NA,NA,NA,NA,NA,NA,NA,NA,NA,NA,NA,NA,NA,NA,"55","WI","plain",72,7.6285198059165,0.478962683407746,NA,NA
"states-seeds",NA,1001,4.62643244389803,5.80812565268106,0.816410197387955,NA,NA,NA,0.796199725047999,NA,NA,NA,NA,NA,NA,NA,NA,NA,NA,NA,NA,NA,NA,"56","WY","plain",23,-0.399179421079874,0.350212200405377,NA,NA
"states-seeds",NA,1002,5.46493243575527,6.40507606958444,0.855779961249035,NA,NA,NA,0.752154325989305,NA,NA,NA,NA,NA,NA,NA,NA,NA,NA,NA,NA,NA,NA,"56","WY","plain",23,-3.80743120709843,0.170675551774539,NA,NA
"states-seeds",NA,1003,5.06675370457292,5.73694836290137,0.884764276095564,NA,NA,NA,0.801164172611443,NA,NA,NA,NA,NA,NA,NA,NA,NA,NA,NA,NA,NA,NA,"56","WY","plain",23,-2.1049558255488,0.192869012114752,NA,NA
"states-seeds",NA,1004,5.83846389004527,7.0281848517833,0.870412570643042,NA,NA,NA,0.701586057676168,NA,NA,NA,NA,NA,NA,NA,NA,NA,NA,NA,NA,NA,NA,"56","WY","plain",23,-3.2713248564007,0.15398741471964,NA,NA
"states-seeds",NA,1005,4.11038720804594,5.32328153567954,0.856569326327719,NA,NA,NA,0.828804781683736,NA,NA,NA,NA,NA,NA,NA,NA,NA,NA,NA,NA,NA,NA,"56","WY","plain",23,-1.02781100737171,0.187339915992799,NA,NA
"states-seeds",NA,1001,3.87622537575761,4.54339798011025,0.969590480457024,NA,NA,NA,0.947892528302064,NA,NA,NA,NA,NA,NA,NA,NA,NA,NA,NA,NA,NA,NA,"01","AL","layernorm",67,-1.00045473267879,0.363966831044115,NA,NA
"states-seeds",NA,1002,4.09042808704595,4.70467510405012,0.970553823695109,NA,NA,NA,0.944127550124622,NA,NA,NA,NA,NA,NA,NA,NA,NA,NA,NA,NA,NA,NA,"01","AL","layernorm",67,-0.235143949990366,0.550135900677395,NA,NA
"states-seeds",NA,1003,4.45399520298772,4.98025386427756,0.961626332620242,NA,NA,NA,0.937390331789043,NA,NA,NA,NA,NA,NA,NA,NA,NA,NA,NA,NA,NA,NA,"01","AL","layernorm",67,-1.40299165482372,0.546830503952047,NA,NA
"states-seeds",NA,1004,4.5603745356437,5.25121512941592,0.967205818338336,NA,NA,NA,0.930392175393095,NA,NA,NA,NA,NA,NA,NA,NA,NA,NA,NA,NA,NA,NA,"01","AL","layernorm",67,-0.947166129119716,0.535494153643914,NA,NA
"states-seeds",NA,1005,3.36651175615592,4.06701736513944,0.97436080168886,NA,NA,NA,0.958246730032276,NA,NA,NA,NA,NA,NA,NA,NA,NA,NA,NA,NA,NA,NA,"01","AL","layernorm",67,-0.562811021328425,0.504538655791431,NA,NA
"states-seeds",NA,1001,4.18938206366392,5.31407662790449,0.888670834541729,NA,NA,NA,0.804858648692032,NA,NA,NA,NA,NA,NA,NA,NA,NA,NA,NA,NA,NA,NA,"05","AR","layernorm",75,-2.94511154625941,0.209210691127834,NA,NA
"states-seeds",NA,1002,3.13278008794894,3.94111482653744,0.902708634168277,NA,NA,NA,0.892667348071778,NA,NA,NA,NA,NA,NA,NA,NA,NA,NA,NA,NA,NA,NA,"05","AR","layernorm",75,-0.839375944719544,0.321453742379804,NA,NA
"states-seeds",NA,1003,4.56576808922043,5.98324497090387,0.887311681637939,NA,NA,NA,0.752618481039744,NA,NA,NA,NA,NA,NA,NA,NA,NA,NA,NA,NA,NA,NA,"05","AR","layernorm",75,-3.44801707175086,0.255581867672364,NA,NA
"states-seeds",NA,1004,6.72039907169153,8.21891389766565,0.863383780340438,NA,NA,NA,0.533208924299467,NA,NA,NA,NA,NA,NA,NA,NA,NA,NA,NA,NA,NA,NA,"05","AR","layernorm",75,-5.90194267197424,0.198934839668416,NA,NA
"states-seeds",NA,1005,3.63932160408666,4.43902187348834,0.908407195424461,NA,NA,NA,0.863834133830036,NA,NA,NA,NA,NA,NA,NA,NA,NA,NA,NA,NA,NA,NA,"05","AR","layernorm",75,-2.26127863979993,0.2086670650737,NA,NA
"states-seeds",NA,1001,7.40349885804371,8.99827412971292,0.719825916102618,NA,NA,NA,0.695270520337545,NA,NA,NA,NA,NA,NA,NA,NA,NA,NA,NA,NA,NA,NA,"06","CA","layernorm",58,-2.16491701633641,0.397233995163259,NA,NA
"states-seeds",NA,1002,9.48757128779509,11.7777198664814,0.579045962209188,NA,NA,NA,0.477942341083993,NA,NA,NA,NA,NA,NA,NA,NA,NA,NA,NA,NA,NA,NA,"06","CA","layernorm",58,0.849092846050035,0.344337007712923,NA,NA
"states-seeds",NA,1003,8.06395631060211,10.1137711606426,0.709321621911054,NA,NA,NA,0.615034086984011,NA,NA,NA,NA,NA,NA,NA,NA,NA,NA,NA,NA,NA,NA,"06","CA","layernorm",58,4.9735724292476,0.385829808940192,NA,NA
"states-seeds",NA,1004,7.69770881888995,10.0919197743192,0.663820936829131,NA,NA,NA,0.616695772107279,NA,NA,NA,NA,NA,NA,NA,NA,NA,NA,NA,NA,NA,NA,"06","CA","layernorm",58,3.52676164583607,0.378881972494966,NA,NA
"states-seeds",NA,1005,8.13162367130768,9.80707527813714,0.660358210764471,NA,NA,NA,0.63802794068896,NA,NA,NA,NA,NA,NA,NA,NA,NA,NA,NA,NA,NA,NA,"06","CA","layernorm",58,0.823566437540952,0.513458904574271,NA,NA
"states-seeds",NA,1001,9.5319146629585,11.953611127021,0.733444548093591,NA,NA,NA,0.564114082152656,NA,NA,NA,NA,NA,NA,NA,NA,NA,NA,NA,NA,NA,NA,"08","CO","layernorm",64,-4.04983623944791,0.442746645479421,NA,NA
"states-seeds",NA,1002,11.5617674830957,14.5559286346324,0.730735915690639,NA,NA,NA,0.353669832470758,NA,NA,NA,NA,NA,NA,NA,NA,NA,NA,NA,NA,NA,NA,"08","CO","layernorm",64,-9.39215819951073,0.403861576938212,NA,NA
"states-seeds",NA,1003,12.1005184893205,14.9565657180017,0.721624701336976,NA,NA,NA,0.317601035735321,NA,NA,NA,NA,NA,NA,NA,NA,NA,NA,NA,NA,NA,NA,"08","CO","layernorm",64,-10.0227254939798,0.354936278447709,NA,NA
"states-seeds",NA,1004,9.39916398803148,11.3967483919801,0.820886524741095,NA,NA,NA,0.603779891453914,NA,NA,NA,NA,NA,NA,NA,NA,NA,NA,NA,NA,NA,NA,"08","CO","layernorm",64,-7.28817770959959,0.3608818554582,NA,NA
"states-seeds",NA,1005,9.1643270671463,11.7048075668498,0.796688669454128,NA,NA,NA,0.582070383934259,NA,NA,NA,NA,NA,NA,NA,NA,NA,NA,NA,NA,NA,NA,"08","CO","layernorm",64,-4.66345942727574,0.336538607168446,NA,NA
"states-seeds",NA,1001,6.35629763520523,8.41106180751272,0.820049043353033,NA,NA,NA,0.634675851690184,NA,NA,NA,NA,NA,NA,NA,NA,NA,NA,NA,NA,NA,NA,"12","FL","layernorm",67,-4.01322982336069,0.602046240420191,NA,NA
"states-seeds",NA,1002,6.09290116370402,8.0600507086268,0.79697114496574,NA,NA,NA,0.66453108811247,NA,NA,NA,NA,NA,NA,NA,NA,NA,NA,NA,NA,NA,NA,"12","FL","layernorm",67,-1.6397484385944,0.542692100718106,NA,NA
"states-seeds",NA,1003,4.70755530193366,5.81429770321058,0.833231598732334,NA,NA,NA,0.825429337034097,NA,NA,NA,NA,NA,NA,NA,NA,NA,NA,NA,NA,NA,NA,"12","FL","layernorm",67,-0.268853427965681,0.240295226615752,NA,NA
"states-seeds",NA,1004,5.55644703037126,7.05728360072969,0.804628798085963,NA,NA,NA,0.742811306607282,NA,NA,NA,NA,NA,NA,NA,NA,NA,NA,NA,NA,NA,NA,"12","FL","layernorm",67,-0.0883433891047118,0.431626118660816,NA,NA
"states-seeds",NA,1005,5.79676667675613,7.38649306523503,0.838409881408093,NA,NA,NA,0.718256879334529,NA,NA,NA,NA,NA,NA,NA,NA,NA,NA,NA,NA,NA,NA,"12","FL","layernorm",67,-2.60768359707734,0.475834173320921,NA,NA
"states-seeds",NA,1001,4.11397376852467,5.32528812740684,0.911120380025757,NA,NA,NA,0.888276453192606,NA,NA,NA,NA,NA,NA,NA,NA,NA,NA,NA,NA,NA,NA,"13","GA","layernorm",159,-0.00754893567382419,0.356196811005135,NA,NA
"states-seeds",NA,1002,4.69476165894354,6.01374575168359,0.872149939098736,NA,NA,NA,0.857521734405871,NA,NA,NA,NA,NA,NA,NA,NA,NA,NA,NA,NA,NA,NA,"13","GA","layernorm",159,0.0264476566708805,0.421637716639765,NA,NA
"states-seeds",NA,1003,4.67861926363371,5.81986111007528,0.888408188117761,NA,NA,NA,0.866560706356775,NA,NA,NA,NA,NA,NA,NA,NA,NA,NA,NA,NA,NA,NA,"13","GA","layernorm",159,-2.19390333025765,0.296875015710142,NA,NA
"states-seeds",NA,1004,4.69680049879653,5.7632333242847,0.893565756502931,NA,NA,NA,0.869144826320127,NA,NA,NA,NA,NA,NA,NA,NA,NA,NA,NA,NA,NA,NA,"13","GA","layernorm",159,-2.00482040562978,0.323646409881236,NA,NA
"states-seeds",NA,1005,4.56764332433753,5.72750145132179,0.88120005035454,NA,NA,NA,0.870762392564372,NA,NA,NA,NA,NA,NA,NA,NA,NA,NA,NA,NA,NA,NA,"13","GA","layernorm",159,-1.5120371567925,0.434177254612144,NA,NA
"states-seeds",NA,1001,7.11793038689489,9.14069476981376,0.579864785535179,NA,NA,NA,0.396225634533182,NA,NA,NA,NA,NA,NA,NA,NA,NA,NA,NA,NA,NA,NA,"16","ID","layernorm",44,-4.91887097222601,0.127920172850031,NA,NA
"states-seeds",NA,1002,7.1710143248033,9.36039629729524,0.489438526380211,NA,NA,NA,0.366852744906669,NA,NA,NA,NA,NA,NA,NA,NA,NA,NA,NA,NA,NA,NA,"16","ID","layernorm",44,-3.14519830791493,0.211451232315763,NA,NA
"states-seeds",NA,1003,7.08868533394765,9.12276811797697,0.518622838870985,NA,NA,NA,0.398591546421207,NA,NA,NA,NA,NA,NA,NA,NA,NA,NA,NA,NA,NA,NA,"16","ID","layernorm",44,-3.60784581557517,0.213710309292484,NA,NA
"states-seeds",NA,1004,8.98659490592021,11.3879691914143,0.519530006221662,NA,NA,NA,0.0628506177857763,NA,NA,NA,NA,NA,NA,NA,NA,NA,NA,NA,NA,NA,NA,"16","ID","layernorm",44,-7.30774662984071,0.241140927178605,NA,NA
"states-seeds",NA,1005,8.52358655507523,10.5362838563326,0.428616278677136,NA,NA,NA,0.197784256330117,NA,NA,NA,NA,NA,NA,NA,NA,NA,NA,NA,NA,NA,NA,"16","ID","layernorm",44,-5.39371135787121,0.245990523306713,NA,NA
"states-seeds",NA,1001,5.90875711756654,7.29581940835327,0.781454850264559,NA,NA,NA,0.64310533989794,NA,NA,NA,NA,NA,NA,NA,NA,NA,NA,NA,NA,NA,NA,"17","IL","layernorm",102,-4.52016480584622,0.523467270595151,NA,NA
"states-seeds",NA,1002,6.25157350913424,7.24494644987883,0.794067313133065,NA,NA,NA,0.648065162859105,NA,NA,NA,NA,NA,NA,NA,NA,NA,NA,NA,NA,NA,NA,"17","IL","layernorm",102,-4.55211437089135,0.477968503764746,NA,NA
"states-seeds",NA,1003,6.14847556144317,7.15282549933808,0.825317155622844,NA,NA,NA,0.656958107729086,NA,NA,NA,NA,NA,NA,NA,NA,NA,NA,NA,NA,NA,NA,"17","IL","layernorm",102,-5.00129185294743,0.459220942178352,NA,NA
"states-seeds",NA,1004,7.28869900732777,8.43206885890821,0.769398508213904,NA,NA,NA,0.523283495439178,NA,NA,NA,NA,NA,NA,NA,NA,NA,NA,NA,NA,NA,NA,"17","IL","layernorm",102,-6.05333637872843,0.549813520799533,NA,NA
"states-seeds",NA,1005,6.95680513363764,8.02900240049308,0.751586600371105,NA,NA,NA,0.567769833054883,NA,NA,NA,NA,NA,NA,NA,NA,NA,NA,NA,NA,NA,NA,"17","IL","layernorm",102,-5.14040273824909,0.546163650151304,NA,NA
"states-seeds",NA,1001,3.58957675189478,5.1612060824031,0.727416280721242,NA,NA,NA,0.688622206060885,NA,NA,NA,NA,NA,NA,NA,NA,NA,NA,NA,NA,NA,NA,"18","IN","layernorm",92,1.45836747856872,0.210414835841131,NA,NA
"states-seeds",NA,1002,3.57627131037186,5.02362533452307,0.746374570577403,NA,NA,NA,0.705001559233623,NA,NA,NA,NA,NA,NA,NA,NA,NA,NA,NA,NA,NA,NA,"18","IN","layernorm",92,1.41555081205941,0.313595135785522,NA,NA
"states-seeds",NA,1003,4.29179814554284,5.72024309973612,0.692582972887251,NA,NA,NA,0.617515175804926,NA,NA,NA,NA,NA,NA,NA,NA,NA,NA,NA,NA,NA,NA,"18","IN","layernorm",92,2.25629491247633,0.250446166846264,NA,NA
"states-seeds",NA,1004,3.67341726899988,5.00003568899888,0.742906698185839,NA,NA,NA,0.707765527311575,NA,NA,NA,NA,NA,NA,NA,NA,NA,NA,NA,NA,NA,NA,"18","IN","layernorm",92,1.31919332653629,0.31851143642293,NA,NA
"states-seeds",NA,1005,3.63096913556224,5.109033964114,0.748664970713114,NA,NA,NA,0.694885521741522,NA,NA,NA,NA,NA,NA,NA,NA,NA,NA,NA,NA,NA,NA,"18","IN","layernorm",92,1.8187460723487,0.332304151049744,NA,NA
"states-seeds",NA,1001,5.1506141102118,6.30285621987595,0.636626165830805,NA,NA,NA,0.540438357304617,NA,NA,NA,NA,NA,NA,NA,NA,NA,NA,NA,NA,NA,NA,"19","IA","layernorm",99,2.77646604304149,0.521355549425265,NA,NA
"states-seeds",NA,1002,4.85014432353268,5.89362952027932,0.719393226869622,NA,NA,NA,0.598177143037275,NA,NA,NA,NA,NA,NA,NA,NA,NA,NA,NA,NA,NA,NA,"19","IA","layernorm",99,3.21781224049174,0.380333274945856,NA,NA
"states-seeds",NA,1003,4.67300512016432,5.69832831175826,0.654163928461962,NA,NA,NA,0.62436685344063,NA,NA,NA,NA,NA,NA,NA,NA,NA,NA,NA,NA,NA,NA,"19","IA","layernorm",99,1.60398138254863,0.432535710275101,NA,NA
"states-seeds",NA,1004,4.89622125334295,6.00519202473376,0.584396935335021,NA,NA,NA,0.582820680694082,NA,NA,NA,NA,NA,NA,NA,NA,NA,NA,NA,NA,NA,NA,"19","IA","layernorm",99,-0.262556465023755,0.507871594179142,NA,NA
"states-seeds",NA,1005,6.15874888453157,7.20383952597964,0.690119237309626,NA,NA,NA,0.399660343352831,NA,NA,NA,NA,NA,NA,NA,NA,NA,NA,NA,NA,NA,NA,"19","IA","layernorm",99,5.00214623386443,0.431929639261519,NA,NA
"states-seeds",NA,1001,3.72370772832506,4.5558570208413,0.856668995245108,NA,NA,NA,0.82618242164208,NA,NA,NA,NA,NA,NA,NA,NA,NA,NA,NA,NA,NA,NA,"20","KS","layernorm",105,-1.90657569219001,0.210293198299141,NA,NA
"states-seeds",NA,1002,4.4216385145358,5.36945019141754,0.821651176201376,NA,NA,NA,0.758557811297106,NA,NA,NA,NA,NA,NA,NA,NA,NA,NA,NA,NA,NA,NA,"20","KS","layernorm",105,-2.55107308793537,0.340627010950847,NA,NA
"states-seeds",NA,1003,3.98485560887914,5.13529640093371,0.834450772386887,NA,NA,NA,0.779156534228777,NA,NA,NA,NA,NA,NA,NA,NA,NA,NA,NA,NA,NA,NA,"20","KS","layernorm",105,-2.30195301277874,0.232570228786773,NA,NA
"states-seeds",NA,1004,4.34478484965482,5.31913649517593,0.81069981029684,NA,NA,NA,0.763061413578703,NA,NA,NA,NA,NA,NA,NA,NA,NA,NA,NA,NA,NA,NA,"20","KS","layernorm",105,-1.99357416407609,0.50650204013936,NA,NA
"states-seeds",NA,1005,4.58997274101508,5.82270233803845,0.819738684238828,NA,NA,NA,0.716075609946677,NA,NA,NA,NA,NA,NA,NA,NA,NA,NA,NA,NA,NA,NA,"20","KS","layernorm",105,-3.14325143840615,0.335275294572295,NA,NA
"states-seeds",NA,1001,4.02038008753606,4.87939230353071,0.672117297481571,NA,NA,NA,0.663895098811034,NA,NA,NA,NA,NA,NA,NA,NA,NA,NA,NA,NA,NA,NA,"21","KY","layernorm",120,-0.206424228277093,0.353423915463933,NA,NA
"states-seeds",NA,1002,4.03072545084684,4.91968126670687,0.678896689490782,NA,NA,NA,0.658321772370232,NA,NA,NA,NA,NA,NA,NA,NA,NA,NA,NA,NA,NA,NA,"21","KY","layernorm",120,-0.977874067051789,0.382861527716172,NA,NA
"states-seeds",NA,1003,4.02006881073679,5.05671304275719,0.644280911375226,NA,NA,NA,0.639022618689796,NA,NA,NA,NA,NA,NA,NA,NA,NA,NA,NA,NA,NA,NA,"21","KY","layernorm",120,-0.0542025422634351,0.414539116856313,NA,NA
"states-seeds",NA,1004,4.29316561732151,5.33203393745456,0.609526864550341,NA,NA,NA,0.598644534134555,NA,NA,NA,NA,NA,NA,NA,NA,NA,NA,NA,NA,NA,NA,"21","KY","layernorm",120,-0.764611047994609,0.421947196383464,NA,NA
"states-seeds",NA,1005,4.02488920037055,4.90333321232183,0.664348822773872,NA,NA,NA,0.660588786515104,NA,NA,NA,NA,NA,NA,NA,NA,NA,NA,NA,NA,NA,NA,"21","KY","layernorm",120,-0.00455617330768538,0.374977798020416,NA,NA
"states-seeds",NA,1001,5.61909908158459,6.92562276754742,0.875105297514523,NA,NA,NA,0.769158506540997,NA,NA,NA,NA,NA,NA,NA,NA,NA,NA,NA,NA,NA,NA,"22","LA","layernorm",64,-4.68764011346323,0.174903520581665,NA,NA
"states-seeds",NA,1002,6.59103234034422,8.2115372473551,0.844215173914058,NA,NA,NA,0.675477251689656,NA,NA,NA,NA,NA,NA,NA,NA,NA,NA,NA,NA,NA,NA,"22","LA","layernorm",64,-5.69485085837051,0.349122930623849,NA,NA
"states-seeds",NA,1003,5.46692657161194,7.05219174494923,0.861565679158321,NA,NA,NA,0.760643935855261,NA,NA,NA,NA,NA,NA,NA,NA,NA,NA,NA,NA,NA,NA,"22","LA","layernorm",64,-4.36789146436467,0.19835147442163,NA,NA
"states-seeds",NA,1004,4.45355962638424,5.88010754632643,0.912386985115688,NA,NA,NA,0.833594855123212,NA,NA,NA,NA,NA,NA,NA,NA,NA,NA,NA,NA,NA,NA,"22","LA","layernorm",64,-3.90653688435786,0.0776590345227397,NA,NA
"states-seeds",NA,1005,5.06129367075159,6.33423030732529,0.880400396413024,NA,NA,NA,0.806899272162107,NA,NA,NA,NA,NA,NA,NA,NA,NA,NA,NA,NA,NA,NA,"22","LA","layernorm",64,-3.81458644630609,0.230001696070565,NA,NA
"states-seeds",NA,1001,5.94687414083296,7.4904251193455,0.888328712551714,NA,NA,NA,0.840414202561632,NA,NA,NA,NA,NA,NA,NA,NA,NA,NA,NA,NA,NA,NA,"24","MD","layernorm",24,-3.63059491569817,0.396958238343616,NA,NA
"states-seeds",NA,1002,6.73332145584556,8.9922942452616,0.815985676475408,NA,NA,NA,0.770002919476716,NA,NA,NA,NA,NA,NA,NA,NA,NA,NA,NA,NA,NA,NA,"24","MD","layernorm",24,-3.38710170823379,0.288106028250789,NA,NA
"states-seeds",NA,1003,6.91044620050481,8.25276862773217,0.857347589036552,NA,NA,NA,0.806277241937206,NA,NA,NA,NA,NA,NA,NA,NA,NA,NA,NA,NA,NA,NA,"24","MD","layernorm",24,-1.54911796102628,0.373536098160149,NA,NA
"states-seeds",NA,1004,6.9825950299517,8.55176883896594,0.864732388249445,NA,NA,NA,0.791985690953581,NA,NA,NA,NA,NA,NA,NA,NA,NA,NA,NA,NA,NA,NA,"24","MD","layernorm",24,-4.32141535471019,0.355349472627587,NA,NA
"states-seeds",NA,1005,8.57524729469817,10.0576159674415,0.801392310309657,NA,NA,NA,0.712279105286294,NA,NA,NA,NA,NA,NA,NA,NA,NA,NA,NA,NA,NA,NA,"24","MD","layernorm",24,-4.16524017371133,0.567655694837637,NA,NA
"states-seeds",NA,1001,4.45035045302729,5.9142327089503,0.716575193358632,NA,NA,NA,0.591218557217289,NA,NA,NA,NA,NA,NA,NA,NA,NA,NA,NA,NA,NA,NA,"26","MI","layernorm",83,0.129975203506872,0.402107757522163,NA,NA
"states-seeds",NA,1002,4.3860155969093,5.80034917837401,0.709255333137752,NA,NA,NA,0.606809847935055,NA,NA,NA,NA,NA,NA,NA,NA,NA,NA,NA,NA,NA,NA,"26","MI","layernorm",83,-0.67725942838212,0.36664752381427,NA,NA
"states-seeds",NA,1003,4.63050728355227,6.1899473549321,0.667394944376195,NA,NA,NA,0.552216315756545,NA,NA,NA,NA,NA,NA,NA,NA,NA,NA,NA,NA,NA,NA,"26","MI","layernorm",83,0.131386138499559,0.557306121140381,NA,NA
"states-seeds",NA,1004,4.79057288575881,6.13917793312864,0.701633927992918,NA,NA,NA,0.559531560113224,NA,NA,NA,NA,NA,NA,NA,NA,NA,NA,NA,NA,NA,NA,"26","MI","layernorm",83,-1.40166594805595,0.438246315011795,NA,NA
"states-seeds",NA,1005,4.95297492952729,6.51939249462162,0.681773315043937,NA,NA,NA,0.503283472395875,NA,NA,NA,NA,NA,NA,NA,NA,NA,NA,NA,NA,NA,NA,"26","MI","layernorm",83,0.730038573751868,0.552918057132507,NA,NA
"states-seeds",NA,1001,6.71036997064132,7.84622205828194,0.461630486957531,NA,NA,NA,0.321643763469901,NA,NA,NA,NA,NA,NA,NA,NA,NA,NA,NA,NA,NA,NA,"27","MN","layernorm",87,-3.38829918420465,0.574811423169187,NA,NA
"states-seeds",NA,1002,6.95549078335714,8.29990677903083,0.487097712971908,NA,NA,NA,0.240927843913421,NA,NA,NA,NA,NA,NA,NA,NA,NA,NA,NA,NA,NA,NA,"27","MN","layernorm",87,-4.34200473813624,0.57660024961466,NA,NA
"states-seeds",NA,1003,5.92311177439502,7.25583069917647,0.519574693661515,NA,NA,NA,0.419889249984293,NA,NA,NA,NA,NA,NA,NA,NA,NA,NA,NA,NA,NA,NA,"27","MN","layernorm",87,-2.8368302442602,0.48358520893556,NA,NA
"states-seeds",NA,1004,6.78422078601271,8.08471955139748,0.454660569818401,NA,NA,NA,0.279777722292765,NA,NA,NA,NA,NA,NA,NA,NA,NA,NA,NA,NA,NA,NA,"27","MN","layernorm",87,-3.82271341567566,0.562478777042314,NA,NA
"states-seeds",NA,1005,6.06078947865827,7.25647432198711,0.500592511177011,NA,NA,NA,0.419786328875258,NA,NA,NA,NA,NA,NA,NA,NA,NA,NA,NA,NA,NA,NA,"27","MN","layernorm",87,-2.57587481208287,0.517224050336181,NA,NA
"states-seeds",NA,1001,3.04855019577423,3.98354295353206,0.959938805569448,NA,NA,NA,0.956824346063735,NA,NA,NA,NA,NA,NA,NA,NA,NA,NA,NA,NA,NA,NA,"28","MS","layernorm",82,0.95140611856437,0.134501300595889,NA,NA
"states-seeds",NA,1002,3.71497544728094,4.68687617504552,0.954529655409647,NA,NA,NA,0.940232254389705,NA,NA,NA,NA,NA,NA,NA,NA,NA,NA,NA,NA,NA,NA,"28","MS","layernorm",82,1.25549567375371,0.282053294639615,NA,NA
"states-seeds",NA,1003,3.52739411329517,4.43324491299236,0.95485389782891,NA,NA,NA,0.94652591475215,NA,NA,NA,NA,NA,NA,NA,NA,NA,NA,NA,NA,NA,NA,"28","MS","layernorm",82,1.39894504501169,0.198079960450718,NA,NA
"states-seeds",NA,1004,3.9385659163452,5.17465951754331,0.936379507195878,NA,NA,NA,0.927144310285956,NA,NA,NA,NA,NA,NA,NA,NA,NA,NA,NA,NA,NA,NA,"28","MS","layernorm",82,0.91543322836111,0.259963294097914,NA,NA
"states-seeds",NA,1005,3.2051723644108,4.06057616022437,0.961946257044765,NA,NA,NA,0.95513835066573,NA,NA,NA,NA,NA,NA,NA,NA,NA,NA,NA,NA,NA,NA,"28","MS","layernorm",82,0.332139961110285,0.255583624438645,NA,NA
"states-seeds",NA,1001,3.64979768225176,4.70171227080212,0.820084223946459,NA,NA,NA,0.753495898745658,NA,NA,NA,NA,NA,NA,NA,NA,NA,NA,NA,NA,NA,NA,"29","MO","layernorm",115,1.52834873030677,0.254037232201976,NA,NA
"states-seeds",NA,1002,3.5407419434964,4.53739814591699,0.812778664058199,NA,NA,NA,0.770424345366823,NA,NA,NA,NA,NA,NA,NA,NA,NA,NA,NA,NA,NA,NA,"29","MO","layernorm",115,1.25418720964737,0.209641108852411,NA,NA
"states-seeds",NA,1003,4.09323840707151,5.00665378172257,0.83496642970177,NA,NA,NA,0.720483677757976,NA,NA,NA,NA,NA,NA,NA,NA,NA,NA,NA,NA,NA,NA,"29","MO","layernorm",115,2.88046928966791,0.222667186883528,NA,NA
"states-seeds",NA,1004,3.90924827490731,4.75376854856784,0.827933475625945,NA,NA,NA,0.748007207743084,NA,NA,NA,NA,NA,NA,NA,NA,NA,NA,NA,NA,NA,NA,"29","MO","layernorm",115,2.20506446687983,0.307532919359607,NA,NA
"states-seeds",NA,1005,4.73882227122435,5.67763508351659,0.788651274191985,NA,NA,NA,0.640542951029593,NA,NA,NA,NA,NA,NA,NA,NA,NA,NA,NA,NA,NA,NA,"29","MO","layernorm",115,2.89173234886825,0.343802539164581,NA,NA
"states-seeds",NA,1001,6.66006666051456,9.86081010719223,0.608711839108025,NA,NA,NA,0.495990763134955,NA,NA,NA,NA,NA,NA,NA,NA,NA,NA,NA,NA,NA,NA,"30","MT","layernorm",56,4.63002737245929,-0.0177511969422366,NA,NA
"states-seeds",NA,1002,5.41605344872267,7.69828713988875,0.733714157429385,NA,NA,NA,0.69281393095332,NA,NA,NA,NA,NA,NA,NA,NA,NA,NA,NA,NA,NA,NA,"30","MT","layernorm",56,1.7331039995579,0.0843071510031338,NA,NA
"states-seeds",NA,1003,4.87792263547931,6.42795044041162,0.828468553539753,NA,NA,NA,0.785830144309573,NA,NA,NA,NA,NA,NA,NA,NA,NA,NA,NA,NA,NA,NA,"30","MT","layernorm",56,2.81921320565995,-0.0853148365996915,NA,NA
"states-seeds",NA,1004,5.76899714553156,7.55707340020294,0.781923687831579,NA,NA,NA,0.703980319489058,NA,NA,NA,NA,NA,NA,NA,NA,NA,NA,NA,NA,NA,NA,"30","MT","layernorm",56,3.75401078288926,-0.0328786816807924,NA,NA
"states-seeds",NA,1005,6.26960823995011,8.99489765778367,0.679017863280178,NA,NA,NA,0.580621890664687,NA,NA,NA,NA,NA,NA,NA,NA,NA,NA,NA,NA,NA,NA,"30","MT","layernorm",56,4.35554019340464,-0.115972540051363,NA,NA
"states-seeds",NA,1001,4.64697074815902,5.56406574787126,0.819328007345367,NA,NA,NA,0.646629491631739,NA,NA,NA,NA,NA,NA,NA,NA,NA,NA,NA,NA,NA,NA,"31","NE","layernorm",93,-3.80147720090271,0.175713946833949,NA,NA
"states-seeds",NA,1002,4.33320386456626,5.34117886271525,0.787804350421251,NA,NA,NA,0.674373277342353,NA,NA,NA,NA,NA,NA,NA,NA,NA,NA,NA,NA,NA,NA,"31","NE","layernorm",93,-2.97491637929115,0.328834129761281,NA,NA
"states-seeds",NA,1003,4.62045055188905,5.57910279288782,0.806254569489313,NA,NA,NA,0.644716923152043,NA,NA,NA,NA,NA,NA,NA,NA,NA,NA,NA,NA,NA,NA,"31","NE","layernorm",93,-3.56523061484,0.210719843403012,NA,NA
"states-seeds",NA,1004,4.06189777343756,5.06857741711005,0.838345109956738,NA,NA,NA,0.706763543081212,NA,NA,NA,NA,NA,NA,NA,NA,NA,NA,NA,NA,NA,NA,"31","NE","layernorm",93,-2.88313423105602,0.291787614794782,NA,NA
"states-seeds",NA,1005,3.76243157202216,4.77758906851963,0.791692811134574,NA,NA,NA,0.739466616515621,NA,NA,NA,NA,NA,NA,NA,NA,NA,NA,NA,NA,NA,NA,"31","NE","layernorm",93,-0.665499409432681,0.190279780004706,NA,NA
"states-seeds",NA,1001,7.06112337954638,9.02493026332166,0.754943629672939,NA,NA,NA,0.533398535902538,NA,NA,NA,NA,NA,NA,NA,NA,NA,NA,NA,NA,NA,NA,"34","NJ","layernorm",21,-1.47788877706193,0.624515268125682,NA,NA
"states-seeds",NA,1002,6.64388334503446,7.9875917588198,0.778416417279455,NA,NA,NA,0.63449770508936,NA,NA,NA,NA,NA,NA,NA,NA,NA,NA,NA,NA,NA,NA,"34","NJ","layernorm",21,-0.884674039543273,0.49456384227739,NA,NA
"states-seeds",NA,1003,5.74829939965134,7.26112893612182,0.774572783305975,NA,NA,NA,0.697958453743835,NA,NA,NA,NA,NA,NA,NA,NA,NA,NA,NA,NA,NA,NA,"34","NJ","layernorm",21,1.10778311023803,0.586625688505479,NA,NA
"states-seeds",NA,1004,6.81809019494653,7.93654544016617,0.760282516546105,NA,NA,NA,0.639154410080285,NA,NA,NA,NA,NA,NA,NA,NA,NA,NA,NA,NA,NA,NA,"34","NJ","layernorm",21,-0.190147837505819,0.645032720786815,NA,NA
"states-seeds",NA,1005,6.27574848666741,7.26253081775185,0.755827833979658,NA,NA,NA,0.697841814203705,NA,NA,NA,NA,NA,NA,NA,NA,NA,NA,NA,NA,NA,NA,"34","NJ","layernorm",21,-0.927917776340817,0.559033132062679,NA,NA
"states-seeds",NA,1001,12.6756847596615,14.4781593853626,0.388618865354524,NA,NA,NA,0.376101238988187,NA,NA,NA,NA,NA,NA,NA,NA,NA,NA,NA,NA,NA,NA,"35","NM","layernorm",33,-1.00936303910165,0.58013044935098,NA,NA
"states-seeds",NA,1002,10.0910039769535,12.1859573213987,0.658356081560644,NA,NA,NA,0.558015822849796,NA,NA,NA,NA,NA,NA,NA,NA,NA,NA,NA,NA,NA,NA,"35","NM","layernorm",33,2.0948513159022,0.299018246383957,NA,NA
"states-seeds",NA,1003,9.28352767559486,11.7526555032718,0.600528272567659,NA,NA,NA,0.588888686048021,NA,NA,NA,NA,NA,NA,NA,NA,NA,NA,NA,NA,NA,NA,"35","NM","layernorm",33,0.749116315939489,0.378801089440892,NA,NA
"states-seeds",NA,1004,11.9785787591028,14.0041969216182,0.443355869091177,NA,NA,NA,0.416280993586411,NA,NA,NA,NA,NA,NA,NA,NA,NA,NA,NA,NA,NA,NA,"35","NM","layernorm",33,-3.01133212468537,0.569745434916067,NA,NA
"states-seeds",NA,1005,11.430107803112,14.5185449141189,0.427408100929476,NA,NA,NA,0.372615765131154,NA,NA,NA,NA,NA,NA,NA,NA,NA,NA,NA,NA,NA,NA,"35","NM","layernorm",33,-3.86891325373046,0.443084711304698,NA,NA
"states-seeds",NA,1001,5.08687013371358,6.76299478006757,0.786635061002931,NA,NA,NA,0.768568001658458,NA,NA,NA,NA,NA,NA,NA,NA,NA,NA,NA,NA,NA,NA,"36","NY","layernorm",62,0.258036038864781,0.643887316838441,NA,NA
"states-seeds",NA,1002,6.01344573565397,7.75518860388715,0.696384687341795,NA,NA,NA,0.695680326505629,NA,NA,NA,NA,NA,NA,NA,NA,NA,NA,NA,NA,NA,NA,"36","NY","layernorm",62,0.352798564886664,0.604768838889401,NA,NA
"states-seeds",NA,1003,5.22000824090751,6.67602450242827,0.791396039261168,NA,NA,NA,0.774482034535186,NA,NA,NA,NA,NA,NA,NA,NA,NA,NA,NA,NA,NA,NA,"36","NY","layernorm",62,1.82660189525891,0.574411640676498,NA,NA
"states-seeds",NA,1004,5.01949236018326,6.54791026219776,0.799208182474919,NA,NA,NA,0.783054453816403,NA,NA,NA,NA,NA,NA,NA,NA,NA,NA,NA,NA,NA,NA,"36","NY","layernorm",62,-1.76103183356441,0.427814277695955,NA,NA
"states-seeds",NA,1005,6.36226534563818,7.65075868428394,0.767447687158437,NA,NA,NA,0.703820968428891,NA,NA,NA,NA,NA,NA,NA,NA,NA,NA,NA,NA,NA,NA,"36","NY","layernorm",62,-3.27427939022345,0.552587782822699,NA,NA
"states-seeds",NA,1001,5.97773592593805,7.35582165139727,0.883731709456222,NA,NA,NA,0.72501591550734,NA,NA,NA,NA,NA,NA,NA,NA,NA,NA,NA,NA,NA,NA,"37","NC","layernorm",100,5.26918996846746,0.122263454227625,NA,NA
"states-seeds",NA,1002,5.34568856929905,6.6466550286492,0.904141426990488,NA,NA,NA,0.775481850280941,NA,NA,NA,NA,NA,NA,NA,NA,NA,NA,NA,NA,NA,NA,"37","NC","layernorm",100,4.95972296133814,0.153704483490163,NA,NA
"states-seeds",NA,1003,5.19643221824173,6.74353311929943,0.882245009959322,NA,NA,NA,0.768889239640875,NA,NA,NA,NA,NA,NA,NA,NA,NA,NA,NA,NA,NA,NA,"37","NC","layernorm",100,4.42047457501125,0.171934048226571,NA,NA
"states-seeds",NA,1004,5.50257759196113,7.22027372945951,0.853225342879307,NA,NA,NA,0.735056968109381,NA,NA,NA,NA,NA,NA,NA,NA,NA,NA,NA,NA,NA,NA,"37","NC","layernorm",100,4.62209435758608,0.279684776884148,NA,NA
"states-seeds",NA,1005,5.55814617729649,7.12444623765153,0.877847725872248,NA,NA,NA,0.742042948663337,NA,NA,NA,NA,NA,NA,NA,NA,NA,NA,NA,NA,NA,NA,"37","NC","layernorm",100,4.91941665997272,0.154518521693132,NA,NA
"states-seeds",NA,1001,6.67856441328587,9.19701563185674,0.528948252513991,NA,NA,NA,0.493354396263896,NA,NA,NA,NA,NA,NA,NA,NA,NA,NA,NA,NA,NA,NA,"38","ND","layernorm",53,-1.89508831715402,0.0473109490521108,NA,NA
"states-seeds",NA,1002,7.34433748975761,8.50437603247686,0.757612019149317,NA,NA,NA,0.566793126288268,NA,NA,NA,NA,NA,NA,NA,NA,NA,NA,NA,NA,NA,NA,"38","ND","layernorm",53,-5.62028873050136,0.0287760564511075,NA,NA
"states-seeds",NA,1003,8.89039821439748,10.7188894131909,0.562524850678197,NA,NA,NA,0.31180738178978,NA,NA,NA,NA,NA,NA,NA,NA,NA,NA,NA,NA,NA,NA,"38","ND","layernorm",53,-6.44649091859015,0.202681110605258,NA,NA
"states-seeds",NA,1004,8.76023937983063,10.5411548161124,0.611407737549516,NA,NA,NA,0.334440613362657,NA,NA,NA,NA,NA,NA,NA,NA,NA,NA,NA,NA,NA,NA,"38","ND","layernorm",53,-6.7997044056182,0.126839754261781,NA,NA
"states-seeds",NA,1005,6.54654434826405,8.01024228155973,0.728483768219862,NA,NA,NA,0.615672258685846,NA,NA,NA,NA,NA,NA,NA,NA,NA,NA,NA,NA,NA,NA,"38","ND","layernorm",53,-3.92242506114908,0.125963353242564,NA,NA
"states-seeds",NA,1001,5.49321905515999,6.82711034573796,0.614779843599941,NA,NA,NA,0.608149611603607,NA,NA,NA,NA,NA,NA,NA,NA,NA,NA,NA,NA,NA,NA,"39","OH","layernorm",88,-0.209209228989595,0.665056496634608,NA,NA
"states-seeds",NA,1002,5.41622806316523,6.59602099374254,0.641088940340247,NA,NA,NA,0.634227967696946,NA,NA,NA,NA,NA,NA,NA,NA,NA,NA,NA,NA,NA,NA,"39","OH","layernorm",88,0.426121993220274,0.661652691757237,NA,NA
"states-seeds",NA,1003,5.38878963286716,6.62562644069681,0.641050796552844,NA,NA,NA,0.630937151463008,NA,NA,NA,NA,NA,NA,NA,NA,NA,NA,NA,NA,NA,NA,"39","OH","layernorm",88,-0.705748999584745,0.656795785733314,NA,NA
"states-seeds",NA,1004,5.01461349790311,6.18616826081796,0.684030972858929,NA,NA,NA,0.678271233630712,NA,NA,NA,NA,NA,NA,NA,NA,NA,NA,NA,NA,NA,NA,"39","OH","layernorm",88,-0.813102911303753,0.58868024794283,NA,NA
"states-seeds",NA,1005,5.15428965131957,6.21526985800455,0.68053361409623,NA,NA,NA,0.675237095750757,NA,NA,NA,NA,NA,NA,NA,NA,NA,NA,NA,NA,NA,NA,"39","OH","layernorm",88,-0.543190305857992,0.660632514303626,NA,NA
"states-seeds",NA,1001,2.78629701488471,3.96561332835587,0.74633888925043,NA,NA,NA,0.711926512609091,NA,NA,NA,NA,NA,NA,NA,NA,NA,NA,NA,NA,NA,NA,"40","OK","layernorm",77,-0.343789451499267,0.292041059647899,NA,NA
"states-seeds",NA,1002,3.31475579104832,4.43517919700112,0.695773870436952,NA,NA,NA,0.639666282548752,NA,NA,NA,NA,NA,NA,NA,NA,NA,NA,NA,NA,NA,NA,"40","OK","layernorm",77,-0.0434231308092686,0.238516355388939,NA,NA
"states-seeds",NA,1003,3.48480219078747,4.76170489009519,0.660764369745918,NA,NA,NA,0.584656410862389,NA,NA,NA,NA,NA,NA,NA,NA,NA,NA,NA,NA,NA,NA,"40","OK","layernorm",77,-1.64942121788551,0.382786318760702,NA,NA
"states-seeds",NA,1004,3.91230591896062,5.60253876799383,0.63935351188824,NA,NA,NA,0.425020580728015,NA,NA,NA,NA,NA,NA,NA,NA,NA,NA,NA,NA,NA,NA,"40","OK","layernorm",77,-1.22900348536442,0.39761478109704,NA,NA
"states-seeds",NA,1005,3.79519240241995,4.81481601911181,0.640191388656674,NA,NA,NA,0.575339416045455,NA,NA,NA,NA,NA,NA,NA,NA,NA,NA,NA,NA,NA,NA,"40","OK","layernorm",77,-0.838853622020911,0.456889659020209,NA,NA
"states-seeds",NA,1001,4.96767202970165,6.389556302088,0.868116019366377,NA,NA,NA,0.84067431624369,NA,NA,NA,NA,NA,NA,NA,NA,NA,NA,NA,NA,NA,NA,"41","OR","layernorm",36,0.242284833274294,0.368481931651263,NA,NA
"states-seeds",NA,1002,5.1274469902046,6.42729288703039,0.860658775054275,NA,NA,NA,0.838786810605233,NA,NA,NA,NA,NA,NA,NA,NA,NA,NA,NA,NA,NA,NA,"41","OR","layernorm",36,-2.36599067944076,0.461807653809509,NA,NA
"states-seeds",NA,1003,6.04075801690012,7.6084597260829,0.783581063007544,NA,NA,NA,0.774088738582414,NA,NA,NA,NA,NA,NA,NA,NA,NA,NA,NA,NA,NA,NA,"41","OR","layernorm",36,-1.31271308029375,0.3658112020405,NA,NA
"states-seeds",NA,1004,4.67413189634066,6.23737593522829,0.848572229420813,NA,NA,NA,0.84817327327074,NA,NA,NA,NA,NA,NA,NA,NA,NA,NA,NA,NA,NA,NA,"41","OR","layernorm",36,-0.189606690695451,0.147039604860667,NA,NA
"states-seeds",NA,1005,4.93046472877811,6.66360482143158,0.852805342992667,NA,NA,NA,0.82671424781417,NA,NA,NA,NA,NA,NA,NA,NA,NA,NA,NA,NA,NA,NA,"41","OR","layernorm",36,-1.34448227893331,0.574359360185409,NA,NA
"states-seeds",NA,1001,5.81336250112109,7.19029316550844,0.832023468287133,NA,NA,NA,0.683989954514298,NA,NA,NA,NA,NA,NA,NA,NA,NA,NA,NA,NA,NA,NA,"42","PA","layernorm",67,4.86441377749173,0.440437298004488,NA,NA
"states-seeds",NA,1002,7.11563651415758,8.61695002512262,0.7701449712439,NA,NA,NA,0.546147386252993,NA,NA,NA,NA,NA,NA,NA,NA,NA,NA,NA,NA,NA,NA,"42","PA","layernorm",67,5.98062384205454,0.488808933471199,NA,NA
"states-seeds",NA,1003,7.64652238225259,9.12125591129844,0.691556773954477,NA,NA,NA,0.491469537124919,NA,NA,NA,NA,NA,NA,NA,NA,NA,NA,NA,NA,NA,NA,"42","PA","layernorm",67,5.61882065218877,0.64917797588357,NA,NA
"states-seeds",NA,1004,6.78548560353058,8.07139514896908,0.742425766698014,NA,NA,NA,0.601796648121177,NA,NA,NA,NA,NA,NA,NA,NA,NA,NA,NA,NA,NA,NA,"42","PA","layernorm",67,4.79608379830008,0.510070116284834,NA,NA
"states-seeds",NA,1005,7.12459343389255,8.70518477557271,0.672990756501327,NA,NA,NA,0.536805194693482,NA,NA,NA,NA,NA,NA,NA,NA,NA,NA,NA,NA,NA,NA,"42","PA","layernorm",67,4.70805780545716,0.584601226727236,NA,NA
"states-seeds",NA,1001,5.32392869027899,6.94433048907962,0.851505574047975,NA,NA,NA,0.70863580660761,NA,NA,NA,NA,NA,NA,NA,NA,NA,NA,NA,NA,NA,NA,"45","SC","layernorm",46,-3.29291922909328,0.325452500763509,NA,NA
"states-seeds",NA,1002,4.48418906188657,5.74034015790685,0.879945878482703,NA,NA,NA,0.800909437722441,NA,NA,NA,NA,NA,NA,NA,NA,NA,NA,NA,NA,NA,NA,"45","SC","layernorm",46,-2.79591043037958,0.299839356220985,NA,NA
"states-seeds",NA,1003,4.37174822140957,5.97798702668441,0.872110498110731,NA,NA,NA,0.78408373805853,NA,NA,NA,NA,NA,NA,NA,NA,NA,NA,NA,NA,NA,NA,"45","SC","layernorm",46,-2.11423645438677,0.238018545227318,NA,NA
"states-seeds",NA,1004,5.42484232718696,7.37242593322473,0.835304734466173,NA,NA,NA,0.671605214302034,NA,NA,NA,NA,NA,NA,NA,NA,NA,NA,NA,NA,NA,NA,"45","SC","layernorm",46,-4.02438149638353,0.404008416169997,NA,NA
"states-seeds",NA,1005,5.05710712081176,6.4593401747529,0.892502617596427,NA,NA,NA,0.747912256890911,NA,NA,NA,NA,NA,NA,NA,NA,NA,NA,NA,NA,NA,NA,"45","SC","layernorm",46,-3.43054834634238,0.147218382438329,NA,NA
"states-seeds",NA,1001,8.8090352133548,13.5433618425305,0.388760193860605,NA,NA,NA,0.144850952105766,NA,NA,NA,NA,NA,NA,NA,NA,NA,NA,NA,NA,NA,NA,"46","SD","layernorm",66,7.18538196276077,0.0949995452216787,NA,NA
"states-seeds",NA,1002,7.4287948145879,10.4678285188516,0.629907654130504,NA,NA,NA,0.489139820118063,NA,NA,NA,NA,NA,NA,NA,NA,NA,NA,NA,NA,NA,NA,"46","SD","layernorm",66,5.4645037465402,0.304723356050231,NA,NA
"states-seeds",NA,1003,9.60701903889838,14.0285877954621,0.404170845061336,NA,NA,NA,0.0824774181366587,NA,NA,NA,NA,NA,NA,NA,NA,NA,NA,NA,NA,NA,NA,"46","SD","layernorm",66,8.3037142132043,0.205035227211947,NA,NA
"states-seeds",NA,1004,7.91688065948121,10.7394184185633,0.674606727791596,NA,NA,NA,0.462287194249564,NA,NA,NA,NA,NA,NA,NA,NA,NA,NA,NA,NA,NA,NA,"46","SD","layernorm",66,6.40502959321871,0.0913726707557925,NA,NA
"states-seeds",NA,1005,9.5013306781568,14.1758421054857,0.35574630684805,NA,NA,NA,0.0631143491066912,NA,NA,NA,NA,NA,NA,NA,NA,NA,NA,NA,NA,NA,NA,"46","SD","layernorm",66,7.71651816844504,0.203135197506949,NA,NA
"states-seeds",NA,1001,3.42887550067474,4.08313945039877,0.819376873938824,NA,NA,NA,0.804560272900393,NA,NA,NA,NA,NA,NA,NA,NA,NA,NA,NA,NA,NA,NA,"47","TN","layernorm",95,1.09546134956462,0.425651902743603,NA,NA
"states-seeds",NA,1002,3.55648475703419,4.56011177271659,0.788988306257074,NA,NA,NA,0.756232727510588,NA,NA,NA,NA,NA,NA,NA,NA,NA,NA,NA,NA,NA,NA,"47","TN","layernorm",95,1.58356191477859,0.364498651626476,NA,NA
"states-seeds",NA,1003,3.31404400572864,4.01901677008971,0.823725741617073,NA,NA,NA,0.810650545088174,NA,NA,NA,NA,NA,NA,NA,NA,NA,NA,NA,NA,NA,NA,"47","TN","layernorm",95,0.935639016309628,0.373821966152755,NA,NA
"states-seeds",NA,1004,3.28718338569232,3.94150174912736,0.832715975494028,NA,NA,NA,0.817884097762767,NA,NA,NA,NA,NA,NA,NA,NA,NA,NA,NA,NA,NA,NA,"47","TN","layernorm",95,1.12037062025739,0.371460905652464,NA,NA
"states-seeds",NA,1005,3.32467771845393,3.86735760896496,0.828181454651845,NA,NA,NA,0.82467126978504,NA,NA,NA,NA,NA,NA,NA,NA,NA,NA,NA,NA,NA,NA,"47","TN","layernorm",95,0.547203107508217,0.486965839790399,NA,NA
"states-seeds",NA,1001,7.02550252334527,10.8306577703343,0.580777780535588,NA,NA,NA,0.570070969760683,NA,NA,NA,NA,NA,NA,NA,NA,NA,NA,NA,NA,NA,NA,"48","TX","layernorm",254,-0.62938777194734,0.636645953320948,NA,NA
"states-seeds",NA,1002,6.98387987566284,10.3181583292479,0.638377211210333,NA,NA,NA,0.60979621269827,NA,NA,NA,NA,NA,NA,NA,NA,NA,NA,NA,NA,NA,NA,"48","TX","layernorm",254,-0.374175730241037,0.615206507052257,NA,NA
"states-seeds",NA,1003,6.53565627953416,11.1280849230584,0.597572129672321,NA,NA,NA,0.546133668351024,NA,NA,NA,NA,NA,NA,NA,NA,NA,NA,NA,NA,NA,NA,"48","TX","layernorm",254,1.79812047621301,0.659737082809807,NA,NA
"states-seeds",NA,1004,7.1154673312071,11.4648065635552,0.550300267859334,NA,NA,NA,0.518251281407134,NA,NA,NA,NA,NA,NA,NA,NA,NA,NA,NA,NA,NA,NA,"48","TX","layernorm",254,0.136976385967852,0.714586451676694,NA,NA
"states-seeds",NA,1005,7.12393736486252,12.5381615492623,0.512128781571868,NA,NA,NA,0.423824446895833,NA,NA,NA,NA,NA,NA,NA,NA,NA,NA,NA,NA,NA,NA,"48","TX","layernorm",254,3.71777801770323,0.71103510471506,NA,NA
"states-seeds",NA,1001,7.50295627445661,9.54657656105216,0.543798697728695,NA,NA,NA,0.541079426322938,NA,NA,NA,NA,NA,NA,NA,NA,NA,NA,NA,NA,NA,NA,"49","UT","layernorm",29,0.606268907746434,-0.065522293287647,NA,NA
"states-seeds",NA,1002,9.49169002937286,10.926147465969,0.610483339573499,NA,NA,NA,0.398859035796307,NA,NA,NA,NA,NA,NA,NA,NA,NA,NA,NA,NA,NA,NA,"49","UT","layernorm",29,-6.47427463903347,-0.0130347826635164,NA,NA
"states-seeds",NA,1003,8.73065089087582,10.1711885738972,0.576925164255256,NA,NA,NA,0.479062501145209,NA,NA,NA,NA,NA,NA,NA,NA,NA,NA,NA,NA,NA,NA,"49","UT","layernorm",29,-3.95572511034944,-0.0263346340267843,NA,NA
"states-seeds",NA,1004,7.95331629419157,10.4099023938186,0.459852958324904,NA,NA,NA,0.454323158094701,NA,NA,NA,NA,NA,NA,NA,NA,NA,NA,NA,NA,NA,NA,"49","UT","layernorm",29,-0.986503460329168,0.0364873510288347,NA,NA
"states-seeds",NA,1005,8.6489618132455,10.2347977536268,0.605486092562228,NA,NA,NA,0.472526387502156,NA,NA,NA,NA,NA,NA,NA,NA,NA,NA,NA,NA,NA,NA,"49","UT","layernorm",29,-4.75795770811938,-0.0484564335797829,NA,NA
"states-seeds",NA,1001,4.65470425314684,6.20888531969311,0.879423385814403,NA,NA,NA,0.868824658304425,NA,NA,NA,NA,NA,NA,NA,NA,NA,NA,NA,NA,NA,NA,"51","VA","layernorm",133,1.40371166966952,0.227393130716639,NA,NA
"states-seeds",NA,1002,4.49615576496765,5.98602700159242,0.88066154474606,NA,NA,NA,0.878072331169237,NA,NA,NA,NA,NA,NA,NA,NA,NA,NA,NA,NA,NA,NA,"51","VA","layernorm",133,0.780174949602527,0.204411917533717,NA,NA
"states-seeds",NA,1003,4.71091443457568,6.26200177058496,0.870662900818439,NA,NA,NA,0.866570671737156,NA,NA,NA,NA,NA,NA,NA,NA,NA,NA,NA,NA,NA,NA,"51","VA","layernorm",133,1.0965622942666,0.308234624812522,NA,NA
"states-seeds",NA,1004,4.4735344925803,5.93964410566589,0.881275616307735,NA,NA,NA,0.879954530505119,NA,NA,NA,NA,NA,NA,NA,NA,NA,NA,NA,NA,NA,NA,"51","VA","layernorm",133,0.418261363750528,0.283778175384133,NA,NA
"states-seeds",NA,1005,4.59226548577174,5.59724958984051,0.902866003683317,NA,NA,NA,0.893395810200933,NA,NA,NA,NA,NA,NA,NA,NA,NA,NA,NA,NA,NA,NA,"51","VA","layernorm",133,-1.64529897754971,0.13579917201482,NA,NA
"states-seeds",NA,1001,7.57424954187496,9.31055550763818,0.793023719703546,NA,NA,NA,0.464862154691094,NA,NA,NA,NA,NA,NA,NA,NA,NA,NA,NA,NA,NA,NA,"53","WA","layernorm",39,7.18547100887708,0.224232756676884,NA,NA
"states-seeds",NA,1002,8.19121490380278,9.68128670897947,0.515805321064902,NA,NA,NA,0.421397051959591,NA,NA,NA,NA,NA,NA,NA,NA,NA,NA,NA,NA,NA,NA,"53","WA","layernorm",39,2.70541738004759,0.393202626350769,NA,NA
"states-seeds",NA,1003,6.99817522628518,8.31686564091541,0.678149389532694,NA,NA,NA,0.572994125908403,NA,NA,NA,NA,NA,NA,NA,NA,NA,NA,NA,NA,NA,NA,"53","WA","layernorm",39,4.10214678146078,0.253041938190453,NA,NA
"states-seeds",NA,1004,6.65972347130684,8.36701971574518,0.706156451950086,NA,NA,NA,0.567828560097989,NA,NA,NA,NA,NA,NA,NA,NA,NA,NA,NA,NA,NA,NA,"53","WA","layernorm",39,4.61720717862159,0.2780767662033,NA,NA
"states-seeds",NA,1005,5.99360281909717,7.3720063794698,0.75273248863788,NA,NA,NA,0.664505130522049,NA,NA,NA,NA,NA,NA,NA,NA,NA,NA,NA,NA,NA,NA,"53","WA","layernorm",39,3.01923389763883,0.0756995201955023,NA,NA
"states-seeds",NA,1001,3.89656542149065,4.86937710306118,0.581773801527313,NA,NA,NA,0.474524846503005,NA,NA,NA,NA,NA,NA,NA,NA,NA,NA,NA,NA,NA,NA,"54","WV","layernorm",55,-1.7380568412731,0.26634596915923,NA,NA
"states-seeds",NA,1002,3.93314474754522,5.03886483847198,0.466000362993582,NA,NA,NA,0.437307942101489,NA,NA,NA,NA,NA,NA,NA,NA,NA,NA,NA,NA,NA,NA,"54","WV","layernorm",55,1.08057885631136,0.384474721680552,NA,NA
"states-seeds",NA,1003,4.80251776564312,5.56975151633087,0.529271157146706,NA,NA,NA,0.312493184253274,NA,NA,NA,NA,NA,NA,NA,NA,NA,NA,NA,NA,NA,NA,"54","WV","layernorm",55,-2.86988810257671,0.401355478952876,NA,NA
"states-seeds",NA,1004,4.01636849015928,5.07589837062462,0.467974158309623,NA,NA,NA,0.429006448773382,NA,NA,NA,NA,NA,NA,NA,NA,NA,NA,NA,NA,NA,NA,"54","WV","layernorm",55,-0.986806529173455,0.421688708950989,NA,NA
"states-seeds",NA,1005,3.68933781902221,4.61013445158139,0.556712278419231,NA,NA,NA,0.528987372737895,NA,NA,NA,NA,NA,NA,NA,NA,NA,NA,NA,NA,NA,NA,"54","WV","layernorm",55,1.11632042107394,0.377004955200499,NA,NA
"states-seeds",NA,1001,9.3709726656966,12.2898575794228,0.244372331377026,NA,NA,NA,-0.524280972482686,NA,NA,NA,NA,NA,NA,NA,NA,NA,NA,NA,NA,NA,NA,"55","WI","layernorm",72,8.0666608828102,0.431309825293849,NA,NA
"states-seeds",NA,1002,9.9983320223345,12.7752030931557,0.247222173219645,NA,NA,NA,-0.647050647994139,NA,NA,NA,NA,NA,NA,NA,NA,NA,NA,NA,NA,NA,NA,"55","WI","layernorm",72,8.59455848560246,0.434549041444721,NA,NA
"states-seeds",NA,1003,9.70713457720265,12.7341030101307,0.184216197596256,NA,NA,NA,-0.636469990098563,NA,NA,NA,NA,NA,NA,NA,NA,NA,NA,NA,NA,NA,NA,"55","WI","layernorm",72,7.97853349753554,0.435899336146104,NA,NA
"states-seeds",NA,1004,9.30224391711581,12.3533831895003,0.230686879877997,NA,NA,NA,-0.540079550272574,NA,NA,NA,NA,NA,NA,NA,NA,NA,NA,NA,NA,NA,NA,"55","WI","layernorm",72,7.75403929358761,0.465975887924079,NA,NA
"states-seeds",NA,1005,10.0613176829529,13.3228559985197,0.188912265370631,NA,NA,NA,-0.791290389130307,NA,NA,NA,NA,NA,NA,NA,NA,NA,NA,NA,NA,NA,NA,"55","WI","layernorm",72,8.09972475916272,0.462776631422899,NA,NA
"states-seeds",NA,1001,4.42383114600216,5.8901493935434,0.793458263227138,NA,NA,NA,0.790402847060648,NA,NA,NA,NA,NA,NA,NA,NA,NA,NA,NA,NA,NA,NA,"56","WY","layernorm",23,0.290978230232993,0.0876370349217358,NA,NA
"states-seeds",NA,1002,5.60834394831527,6.99972156171762,0.83381752011164,NA,NA,NA,0.703998243259308,NA,NA,NA,NA,NA,NA,NA,NA,NA,NA,NA,NA,NA,NA,"56","WY","layernorm",23,-0.798121179325435,0.202782659783233,NA,NA
"states-seeds",NA,1003,4.53201779393397,5.55492033355887,0.843674690127239,NA,NA,NA,0.813581749158497,NA,NA,NA,NA,NA,NA,NA,NA,NA,NA,NA,NA,NA,NA,"56","WY","layernorm",23,0.00632369938613876,0.210381383190417,NA,NA
"states-seeds",NA,1004,6.95908743473439,8.04136309258596,0.767135587646348,NA,NA,NA,0.609346154631739,NA,NA,NA,NA,NA,NA,NA,NA,NA,NA,NA,NA,NA,NA,"56","WY","layernorm",23,-4.6540148655567,0.169113074049865,NA,NA
"states-seeds",NA,1005,3.43189577976206,4.69001239374848,0.876256232006684,NA,NA,NA,0.867113537716687,NA,NA,NA,NA,NA,NA,NA,NA,NA,NA,NA,NA,NA,NA,"56","WY","layernorm",23,-0.277441292686012,0.281556029965275,NA,NA
"states-seeds",NA,1001,5.23568115569894,6.18070527946924,0.95290637888142,NA,NA,NA,0.903569479602304,NA,NA,NA,NA,NA,NA,NA,NA,NA,NA,NA,NA,NA,NA,"01","AL","layernorm_full",67,-0.543283660631963,0.438027191836184,NA,NA
"states-seeds",NA,1002,4.46964308899925,5.45161723965822,0.971649487446866,NA,NA,NA,0.92497791107296,NA,NA,NA,NA,NA,NA,NA,NA,NA,NA,NA,NA,NA,NA,"01","AL","layernorm_full",67,-0.440536188796379,0.362573444467558,NA,NA
"states-seeds",NA,1003,5.36333011417979,6.3497993420053,0.957798091749036,NA,NA,NA,0.898220938231493,NA,NA,NA,NA,NA,NA,NA,NA,NA,NA,NA,NA,NA,NA,"01","AL","layernorm_full",67,0.232160259155053,0.47482261142729,NA,NA
"states-seeds",NA,1004,5.11096052849901,6.11733079719279,0.94620812341861,NA,NA,NA,0.905536861301837,NA,NA,NA,NA,NA,NA,NA,NA,NA,NA,NA,NA,NA,NA,"01","AL","layernorm_full",67,-1.41908283680795,0.402069491341666,NA,NA
"states-seeds",NA,1005,4.62635517712629,5.54831665066891,0.967502257844027,NA,NA,NA,0.922292861279547,NA,NA,NA,NA,NA,NA,NA,NA,NA,NA,NA,NA,NA,NA,"01","AL","layernorm_full",67,-0.0972671126144833,0.477207591047643,NA,NA
"states-seeds",NA,1001,3.60559361946957,4.43894306920123,0.906572672573609,NA,NA,NA,0.863838968390023,NA,NA,NA,NA,NA,NA,NA,NA,NA,NA,NA,NA,NA,NA,"05","AR","layernorm_full",75,-2.46571383086308,0.195791189828744,NA,NA
"states-seeds",NA,1002,2.64931544864051,3.5219125757953,0.915635711326948,NA,NA,NA,0.914286184964988,NA,NA,NA,NA,NA,NA,NA,NA,NA,NA,NA,NA,NA,NA,"05","AR","layernorm_full",75,-0.0208123658449307,0.149027150583374,NA,NA
"states-seeds",NA,1003,2.80445998726096,3.64705224923418,0.912029337256219,NA,NA,NA,0.908086849332052,NA,NA,NA,NA,NA,NA,NA,NA,NA,NA,NA,NA,NA,NA,"05","AR","layernorm_full",75,-0.343716634760314,0.253570122047817,NA,NA
"states-seeds",NA,1004,4.28970112524219,5.23618235691505,0.891769555517255,NA,NA,NA,0.810537523841114,NA,NA,NA,NA,NA,NA,NA,NA,NA,NA,NA,NA,NA,NA,"05","AR","layernorm_full",75,-3.24252707872157,0.307331495203876,NA,NA
"states-seeds",NA,1005,3.68188299092554,4.3785490177016,0.910886895916449,NA,NA,NA,0.867518842203188,NA,NA,NA,NA,NA,NA,NA,NA,NA,NA,NA,NA,NA,NA,"05","AR","layernorm_full",75,-2.44279944684301,0.133123289762886,NA,NA
"states-seeds",NA,1001,7.249055133155,9.29669270601992,0.705888563592324,NA,NA,NA,0.674723279500081,NA,NA,NA,NA,NA,NA,NA,NA,NA,NA,NA,NA,NA,NA,"06","CA","layernorm_full",58,2.61912946430315,0.385976618032533,NA,NA
"states-seeds",NA,1002,7.45497814935425,9.52043791069747,0.683476987936568,NA,NA,NA,0.658877880975997,NA,NA,NA,NA,NA,NA,NA,NA,NA,NA,NA,NA,NA,NA,"06","CA","layernorm_full",58,2.21798045775319,0.411104847588812,NA,NA
"states-seeds",NA,1003,7.9936983582965,10.2609292535274,0.620874179361499,NA,NA,NA,0.603749870397671,NA,NA,NA,NA,NA,NA,NA,NA,NA,NA,NA,NA,NA,NA,"06","CA","layernorm_full",58,1.38794975857706,0.478667145126014,NA,NA
"states-seeds",NA,1004,8.09284692191674,9.95069472285529,0.63026580036427,NA,NA,NA,0.627348532178757,NA,NA,NA,NA,NA,NA,NA,NA,NA,NA,NA,NA,NA,NA,"06","CA","layernorm_full",58,0.0709948586228641,0.498536192591654,NA,NA
"states-seeds",NA,1005,8.74766929808737,10.5966889176572,0.621887592779342,NA,NA,NA,0.577393277696544,NA,NA,NA,NA,NA,NA,NA,NA,NA,NA,NA,NA,NA,NA,"06","CA","layernorm_full",58,0.606720831858071,0.528271714248299,NA,NA
"states-seeds",NA,1001,10.8814686498471,13.3228765572675,0.803960747875623,NA,NA,NA,0.458534737585982,NA,NA,NA,NA,NA,NA,NA,NA,NA,NA,NA,NA,NA,NA,"08","CO","layernorm_full",64,-8.80777555407242,0.456236773491233,NA,NA
"states-seeds",NA,1002,11.600633861286,14.4076072298121,0.766810146289458,NA,NA,NA,0.366774620525485,NA,NA,NA,NA,NA,NA,NA,NA,NA,NA,NA,NA,NA,NA,"08","CO","layernorm_full",64,-10.2102768427263,0.444588870857789,NA,NA
"states-seeds",NA,1003,8.40976654862038,10.9775552994221,0.815767097523519,NA,NA,NA,0.632391234081405,NA,NA,NA,NA,NA,NA,NA,NA,NA,NA,NA,NA,NA,NA,"08","CO","layernorm_full",64,-5.73649716326878,0.39407099914487,NA,NA
"states-seeds",NA,1004,9.28752174166939,11.9634315551927,0.802592946462979,NA,NA,NA,0.563397588258272,NA,NA,NA,NA,NA,NA,NA,NA,NA,NA,NA,NA,NA,NA,"08","CO","layernorm_full",64,-7.56430305904387,0.414159670317612,NA,NA
"states-seeds",NA,1005,8.11274274476939,9.92151897790528,0.7688516129763,NA,NA,NA,0.699716875087614,NA,NA,NA,NA,NA,NA,NA,NA,NA,NA,NA,NA,NA,NA,"08","CO","layernorm_full",64,-4.5769948404745,0.254245775491066,NA,NA
"states-seeds",NA,1001,5.39037044125385,6.64210514693778,0.839154305269154,NA,NA,NA,0.772181900531334,NA,NA,NA,NA,NA,NA,NA,NA,NA,NA,NA,NA,NA,NA,"12","FL","layernorm_full",67,-3.03409466167399,0.429805051204104,NA,NA
"states-seeds",NA,1002,5.18825179016028,6.45510543508224,0.833357885882316,NA,NA,NA,0.784829161482844,NA,NA,NA,NA,NA,NA,NA,NA,NA,NA,NA,NA,NA,NA,"12","FL","layernorm_full",67,-1.94054872652708,0.435314087586817,NA,NA
"states-seeds",NA,1003,5.88889641243223,7.21849571916328,0.796548099992905,NA,NA,NA,0.730926989196356,NA,NA,NA,NA,NA,NA,NA,NA,NA,NA,NA,NA,NA,NA,"12","FL","layernorm_full",67,-2.94370804166585,0.387912388509852,NA,NA
"states-seeds",NA,1004,5.29684622527928,6.72685512467461,0.808007418889193,NA,NA,NA,0.766331117983232,NA,NA,NA,NA,NA,NA,NA,NA,NA,NA,NA,NA,NA,NA,"12","FL","layernorm_full",67,-9.52306754152826e-05,0.47993846364396,NA,NA
"states-seeds",NA,1005,4.68272161337331,5.87973976897837,0.846894613992642,NA,NA,NA,0.82147750740617,NA,NA,NA,NA,NA,NA,NA,NA,NA,NA,NA,NA,NA,NA,"12","FL","layernorm_full",67,-1.90950263052269,0.311201592255363,NA,NA
"states-seeds",NA,1001,4.39424888339594,5.68295158744584,0.889600399278542,NA,NA,NA,0.872765055051149,NA,NA,NA,NA,NA,NA,NA,NA,NA,NA,NA,NA,NA,NA,"13","GA","layernorm_full",159,-0.171790145722675,0.315203128173478,NA,NA
"states-seeds",NA,1002,4.65424031878243,5.92216708528082,0.881522149208084,NA,NA,NA,0.861828075707503,NA,NA,NA,NA,NA,NA,NA,NA,NA,NA,NA,NA,NA,NA,"13","GA","layernorm_full",159,-0.926607664975079,0.303356923462257,NA,NA
"states-seeds",NA,1003,5.12489474217002,6.23219208744158,0.886281238510247,NA,NA,NA,0.846982833806499,NA,NA,NA,NA,NA,NA,NA,NA,NA,NA,NA,NA,NA,NA,"13","GA","layernorm_full",159,-2.72039568509853,0.291542092502022,NA,NA
"states-seeds",NA,1004,4.66880896866735,5.93071193192521,0.877429671246484,NA,NA,NA,0.861429063100285,NA,NA,NA,NA,NA,NA,NA,NA,NA,NA,NA,NA,NA,NA,"13","GA","layernorm_full",159,-0.0931416288363678,0.352678836243668,NA,NA
"states-seeds",NA,1005,4.50601796278355,5.85169752660517,0.878511505873728,NA,NA,NA,0.865096805961993,NA,NA,NA,NA,NA,NA,NA,NA,NA,NA,NA,NA,NA,NA,"13","GA","layernorm_full",159,-1.17691389609786,0.260642387981241,NA,NA
"states-seeds",NA,1001,8.03131166020517,10.1303468270712,0.500741582765722,NA,NA,NA,0.25840825855477,NA,NA,NA,NA,NA,NA,NA,NA,NA,NA,NA,NA,NA,NA,"16","ID","layernorm_full",44,-5.73145502247977,0.0590015662753096,NA,NA
"states-seeds",NA,1002,7.81828676235734,10.1335673777201,0.488381165379428,NA,NA,NA,0.257936662972918,NA,NA,NA,NA,NA,NA,NA,NA,NA,NA,NA,NA,NA,NA,"16","ID","layernorm_full",44,-4.69195190089099,0.430482139875505,NA,NA
"states-seeds",NA,1003,6.94719853119526,9.18452664937303,0.432046004206315,NA,NA,NA,0.390421257954411,NA,NA,NA,NA,NA,NA,NA,NA,NA,NA,NA,NA,NA,NA,"16","ID","layernorm_full",44,1.77059499159207,0.301924486390268,NA,NA
"states-seeds",NA,1004,6.33732146457865,9.10894034138703,0.526353644568552,NA,NA,NA,0.400413326621905,NA,NA,NA,NA,NA,NA,NA,NA,NA,NA,NA,NA,NA,NA,"16","ID","layernorm_full",44,-3.70549628622429,0.185552689172509,NA,NA
"states-seeds",NA,1005,6.55153638783053,8.41947055302252,0.597536701244149,NA,NA,NA,0.487745454513168,NA,NA,NA,NA,NA,NA,NA,NA,NA,NA,NA,NA,NA,NA,"16","ID","layernorm_full",44,-3.84977387017106,0.0731172054468825,NA,NA
"states-seeds",NA,1001,6.82713073047413,7.99769391177544,0.823236265851998,NA,NA,NA,0.571134158584385,NA,NA,NA,NA,NA,NA,NA,NA,NA,NA,NA,NA,NA,NA,"17","IL","layernorm_full",102,-6.06695085731566,0.539782383828963,NA,NA
"states-seeds",NA,1002,5.97559429642882,7.13922582175497,0.794243245153102,NA,NA,NA,0.658261319753708,NA,NA,NA,NA,NA,NA,NA,NA,NA,NA,NA,NA,NA,NA,"17","IL","layernorm_full",102,-4.39360686507871,0.552680260364941,NA,NA
"states-seeds",NA,1003,6.00229117249244,6.95651681139617,0.811604081050119,NA,NA,NA,0.675529231721804,NA,NA,NA,NA,NA,NA,NA,NA,NA,NA,NA,NA,NA,NA,"17","IL","layernorm_full",102,-4.48689637317539,0.492945963211916,NA,NA
"states-seeds",NA,1004,5.60780032461137,6.70655818336733,0.8045641164285,NA,NA,NA,0.698427808137858,NA,NA,NA,NA,NA,NA,NA,NA,NA,NA,NA,NA,NA,NA,"17","IL","layernorm_full",102,-3.91932567124836,0.518153796927266,NA,NA
"states-seeds",NA,1005,5.74482887613983,6.81393925496869,0.81710595926623,NA,NA,NA,0.688693338318478,NA,NA,NA,NA,NA,NA,NA,NA,NA,NA,NA,NA,NA,NA,"17","IL","layernorm_full",102,-4.2630631878758,0.542151889254045,NA,NA
"states-seeds",NA,1001,3.55379103546097,5.10576244720302,0.782367619490127,NA,NA,NA,0.69527615041732,NA,NA,NA,NA,NA,NA,NA,NA,NA,NA,NA,NA,NA,NA,"18","IN","layernorm_full",92,2.20614352317733,0.275568897617751,NA,NA
"states-seeds",NA,1002,3.43551039847757,4.80588108234028,0.778962662172831,NA,NA,NA,0.73002019628693,NA,NA,NA,NA,NA,NA,NA,NA,NA,NA,NA,NA,NA,NA,"18","IN","layernorm_full",92,1.04467936298566,0.264713081642578,NA,NA
"states-seeds",NA,1003,4.06531823367308,5.5256773076757,0.714342966806511,NA,NA,NA,0.643092006484997,NA,NA,NA,NA,NA,NA,NA,NA,NA,NA,NA,NA,NA,NA,"18","IN","layernorm_full",92,2.29639837014528,0.306176241683358,NA,NA
"states-seeds",NA,1004,4.09594555199461,5.68280234750121,0.714118596910454,NA,NA,NA,0.622505751618838,NA,NA,NA,NA,NA,NA,NA,NA,NA,NA,NA,NA,NA,NA,"18","IN","layernorm_full",92,2.55561716058742,0.311848886569582,NA,NA
"states-seeds",NA,1005,3.90405255143872,5.66130526748782,0.712542242639741,NA,NA,NA,0.625356343522297,NA,NA,NA,NA,NA,NA,NA,NA,NA,NA,NA,NA,NA,NA,"18","IN","layernorm_full",92,2.24642868075926,0.298205600569473,NA,NA
"states-seeds",NA,1001,4.93984840609611,5.99538063219653,0.765375757921018,NA,NA,NA,0.584182757491709,NA,NA,NA,NA,NA,NA,NA,NA,NA,NA,NA,NA,NA,NA,"19","IA","layernorm_full",99,3.91121684025426,0.269060950195099,NA,NA
"states-seeds",NA,1002,4.62042878962004,5.64908901569255,0.734718879369137,NA,NA,NA,0.630830503498919,NA,NA,NA,NA,NA,NA,NA,NA,NA,NA,NA,NA,NA,NA,"19","IA","layernorm_full",99,2.91088588639394,0.363356569789322,NA,NA
"states-seeds",NA,1003,4.45394556847676,5.51579442547549,0.651514780763772,NA,NA,NA,0.648046639715009,NA,NA,NA,NA,NA,NA,NA,NA,NA,NA,NA,NA,NA,NA,"19","IA","layernorm_full",99,0.164485760460385,0.397784298744152,NA,NA
"states-seeds",NA,1004,4.66106285753597,5.55979534936515,0.726762024089338,NA,NA,NA,0.642408995949081,NA,NA,NA,NA,NA,NA,NA,NA,NA,NA,NA,NA,NA,NA,"19","IA","layernorm_full",99,2.6992690150171,0.383892168716228,NA,NA
"states-seeds",NA,1005,4.52559485895141,5.53751397262231,0.717536845571555,NA,NA,NA,0.645269408574753,NA,NA,NA,NA,NA,NA,NA,NA,NA,NA,NA,NA,NA,NA,"19","IA","layernorm_full",99,2.48325617359441,0.318581490785959,NA,NA
"states-seeds",NA,1001,3.64948236276142,4.57164740835456,0.837932475210661,NA,NA,NA,0.824975446394488,NA,NA,NA,NA,NA,NA,NA,NA,NA,NA,NA,NA,NA,NA,"20","KS","layernorm_full",105,-0.976608039716352,0.389626552701445,NA,NA
"states-seeds",NA,1002,3.64062819997938,4.56484310781285,0.845387642605985,NA,NA,NA,0.825496061085151,NA,NA,NA,NA,NA,NA,NA,NA,NA,NA,NA,NA,NA,NA,"20","KS","layernorm_full",105,-1.54068776440753,0.263837416185683,NA,NA
"states-seeds",NA,1003,3.53635458011677,4.60119720491381,0.836467558252979,NA,NA,NA,0.822705518534896,NA,NA,NA,NA,NA,NA,NA,NA,NA,NA,NA,NA,NA,NA,"20","KS","layernorm_full",105,-1.26527127251121,0.258059858305707,NA,NA
"states-seeds",NA,1004,4.6153468848066,5.55471629202073,0.844277541233719,NA,NA,NA,0.741609056599658,NA,NA,NA,NA,NA,NA,NA,NA,NA,NA,NA,NA,NA,NA,"20","KS","layernorm_full",105,-3.49425554915116,0.266880892442791,NA,NA
"states-seeds",NA,1005,3.51274239319328,4.47498405150723,0.852410966432217,NA,NA,NA,0.832298669992848,NA,NA,NA,NA,NA,NA,NA,NA,NA,NA,NA,NA,NA,NA,"20","KS","layernorm_full",105,-1.52829866788476,0.254538817263615,NA,NA
"states-seeds",NA,1001,3.91599155685332,4.93317381975764,0.668752677477892,NA,NA,NA,0.656445051854749,NA,NA,NA,NA,NA,NA,NA,NA,NA,NA,NA,NA,NA,NA,"21","KY","layernorm_full",120,0.396122575802968,0.364893175993138,NA,NA
"states-seeds",NA,1002,4.05416896375018,4.92923124528854,0.67808548447551,NA,NA,NA,0.656993968136497,NA,NA,NA,NA,NA,NA,NA,NA,NA,NA,NA,NA,NA,NA,"21","KY","layernorm_full",120,-1.21339494706143,0.355232554151728,NA,NA
"states-seeds",NA,1003,4.15406596119095,5.1629076283748,0.643597146543588,NA,NA,NA,0.623701851169935,NA,NA,NA,NA,NA,NA,NA,NA,NA,NA,NA,NA,NA,NA,"21","KY","layernorm_full",120,-1.16386654506307,0.393134751888761,NA,NA
"states-seeds",NA,1004,4.10804755422118,5.02129540606559,0.653822699361729,NA,NA,NA,0.644061541072088,NA,NA,NA,NA,NA,NA,NA,NA,NA,NA,NA,NA,NA,NA,"21","KY","layernorm_full",120,-0.580940412114276,0.374401627693421,NA,NA
"states-seeds",NA,1005,4.17332851382366,5.02902398213556,0.656254756502987,NA,NA,NA,0.642965005509522,NA,NA,NA,NA,NA,NA,NA,NA,NA,NA,NA,NA,NA,NA,"21","KY","layernorm_full",120,-0.90604505654283,0.371210248242589,NA,NA
"states-seeds",NA,1001,6.07608559687989,7.60622448871722,0.81818966183676,NA,NA,NA,0.721558163964264,NA,NA,NA,NA,NA,NA,NA,NA,NA,NA,NA,NA,NA,NA,"22","LA","layernorm_full",64,-4.47817504950483,0.238862165473602,NA,NA
"states-seeds",NA,1002,5.75973766129014,7.02512216698967,0.849715607241388,NA,NA,NA,0.762477928082752,NA,NA,NA,NA,NA,NA,NA,NA,NA,NA,NA,NA,NA,NA,"22","LA","layernorm_full",64,-4.2527535729121,0.314147872710468,NA,NA
"states-seeds",NA,1003,5.40293504075495,6.85453545020525,0.850624683364789,NA,NA,NA,0.77387308144665,NA,NA,NA,NA,NA,NA,NA,NA,NA,NA,NA,NA,NA,NA,"22","LA","layernorm_full",64,-3.99209632166197,0.118825034648487,NA,NA
"states-seeds",NA,1004,5.24932660485933,6.64821115303744,0.837733764630406,NA,NA,NA,0.787281226601526,NA,NA,NA,NA,NA,NA,NA,NA,NA,NA,NA,NA,NA,NA,"22","LA","layernorm_full",64,-3.18359496915541,0.177572192341229,NA,NA
"states-seeds",NA,1005,4.75033201426451,6.43764309486706,0.818519973096483,NA,NA,NA,0.800542669566789,NA,NA,NA,NA,NA,NA,NA,NA,NA,NA,NA,NA,NA,NA,"22","LA","layernorm_full",64,-1.92409011799085,0.124097020578579,NA,NA
"states-seeds",NA,1001,7.43900615537617,8.87414408920336,0.832723916819116,NA,NA,NA,0.77600709789117,NA,NA,NA,NA,NA,NA,NA,NA,NA,NA,NA,NA,NA,NA,"24","MD","layernorm_full",24,-2.92738618226839,0.473045637931077,NA,NA
"states-seeds",NA,1002,7.67365709518519,9.40218653302238,0.785075467303862,NA,NA,NA,0.748557300530901,NA,NA,NA,NA,NA,NA,NA,NA,NA,NA,NA,NA,NA,NA,"24","MD","layernorm_full",24,-2.55710644692105,0.395558745634599,NA,NA
"states-seeds",NA,1003,6.61998423035659,8.21904282720938,0.874764459223641,NA,NA,NA,0.807857343250139,NA,NA,NA,NA,NA,NA,NA,NA,NA,NA,NA,NA,NA,NA,"24","MD","layernorm_full",24,-3.13080825769971,0.279579174390323,NA,NA
"states-seeds",NA,1004,8.4932082942343,9.77661427901511,0.833273813778802,NA,NA,NA,0.72813189082364,NA,NA,NA,NA,NA,NA,NA,NA,NA,NA,NA,NA,NA,NA,"24","MD","layernorm_full",24,-3.75532925386138,0.415173101410652,NA,NA
"states-seeds",NA,1005,8.91856467608789,10.006657451355,0.849502976272769,NA,NA,NA,0.715187286835253,NA,NA,NA,NA,NA,NA,NA,NA,NA,NA,NA,NA,NA,NA,"24","MD","layernorm_full",24,-4.37166386229853,0.539305550241276,NA,NA
"states-seeds",NA,1001,4.79560270777486,6.15035810151253,0.677126472133811,NA,NA,NA,0.557925809168098,NA,NA,NA,NA,NA,NA,NA,NA,NA,NA,NA,NA,NA,NA,"26","MI","layernorm_full",83,-0.488840974420614,0.433944577485874,NA,NA
"states-seeds",NA,1002,3.91488983671918,4.94547048776239,0.764573989177305,NA,NA,NA,0.714168832265712,NA,NA,NA,NA,NA,NA,NA,NA,NA,NA,NA,NA,NA,NA,"26","MI","layernorm_full",83,0.408242076187033,0.321722265290783,NA,NA
"states-seeds",NA,1003,4.84535851433823,6.52097311736505,0.674987479181905,NA,NA,NA,0.503042585958275,NA,NA,NA,NA,NA,NA,NA,NA,NA,NA,NA,NA,NA,NA,"26","MI","layernorm_full",83,1.36088119846829,0.530460333864738,NA,NA
"states-seeds",NA,1004,4.01063260597415,5.10335446724171,0.742688480011882,NA,NA,NA,0.695627211254183,NA,NA,NA,NA,NA,NA,NA,NA,NA,NA,NA,NA,NA,NA,"26","MI","layernorm_full",83,-0.717234160171228,0.382705716014753,NA,NA
"states-seeds",NA,1005,4.23081360315468,5.46087713961288,0.707723533050819,NA,NA,NA,0.651486852729121,NA,NA,NA,NA,NA,NA,NA,NA,NA,NA,NA,NA,NA,NA,"26","MI","layernorm_full",83,0.550281525542706,0.504310535050193,NA,NA
"states-seeds",NA,1001,4.94968455625779,6.12782803104314,0.613201774190357,NA,NA,NA,0.586238793285061,NA,NA,NA,NA,NA,NA,NA,NA,NA,NA,NA,NA,NA,NA,"27","MN","layernorm_full",87,-1.3600328006714,0.505087120498232,NA,NA
"states-seeds",NA,1002,5.91893024949516,7.16916819559973,0.572966909433876,NA,NA,NA,0.433663997640797,NA,NA,NA,NA,NA,NA,NA,NA,NA,NA,NA,NA,NA,NA,"27","MN","layernorm_full",87,-3.47748743948896,0.528183647788684,NA,NA
"states-seeds",NA,1003,7.30856825214891,8.61929977626911,0.527631631819463,NA,NA,NA,0.18138329434744,NA,NA,NA,NA,NA,NA,NA,NA,NA,NA,NA,NA,NA,NA,"27","MN","layernorm_full",87,-5.47102102198722,0.542706188339549,NA,NA
"states-seeds",NA,1004,6.4251168588226,7.79744844405217,0.50743867294034,NA,NA,NA,0.330051134827959,NA,NA,NA,NA,NA,NA,NA,NA,NA,NA,NA,NA,NA,NA,"27","MN","layernorm_full",87,-3.51033529642318,0.57430905783236,NA,NA
"states-seeds",NA,1005,6.34548660266782,7.60325777646695,0.509975147639155,NA,NA,NA,0.363004944052189,NA,NA,NA,NA,NA,NA,NA,NA,NA,NA,NA,NA,NA,NA,"27","MN","layernorm_full",87,-3.54219566781653,0.570724139949834,NA,NA
"states-seeds",NA,1001,3.83179657856085,5.09244970821307,0.961948307151949,NA,NA,NA,0.929440838252199,NA,NA,NA,NA,NA,NA,NA,NA,NA,NA,NA,NA,NA,NA,"28","MS","layernorm_full",82,2.50442880244587,0.134904505434906,NA,NA
"states-seeds",NA,1002,3.5533441324399,4.80602445138826,0.956301810372485,NA,NA,NA,0.937154835509476,NA,NA,NA,NA,NA,NA,NA,NA,NA,NA,NA,NA,NA,NA,"28","MS","layernorm_full",82,1.76059397046368,0.092600426107406,NA,NA
"states-seeds",NA,1003,3.59022791436115,4.75210116467172,0.952535740157556,NA,NA,NA,0.938557161568414,NA,NA,NA,NA,NA,NA,NA,NA,NA,NA,NA,NA,NA,NA,"28","MS","layernorm_full",82,1.18486555690805,0.181873076556251,NA,NA
"states-seeds",NA,1004,3.65173944171272,4.70695109634352,0.940279291725058,NA,NA,NA,0.93971916109762,NA,NA,NA,NA,NA,NA,NA,NA,NA,NA,NA,NA,NA,NA,"28","MS","layernorm_full",82,0.173083702651696,0.116572022832198,NA,NA
"states-seeds",NA,1005,3.35885762820745,4.60829273541817,0.951869976889076,NA,NA,NA,0.942219667889525,NA,NA,NA,NA,NA,NA,NA,NA,NA,NA,NA,NA,NA,NA,"28","MS","layernorm_full",82,1.3514755044862,0.0563501246188827,NA,NA
"states-seeds",NA,1001,3.17876008973228,4.09645712964667,0.843987229347138,NA,NA,NA,0.812876263315008,NA,NA,NA,NA,NA,NA,NA,NA,NA,NA,NA,NA,NA,NA,"29","MO","layernorm_full",115,1.58454630613295,0.311911622782468,NA,NA
"states-seeds",NA,1002,3.30163669957301,4.22915129213165,0.832004030502181,NA,NA,NA,0.800557138613273,NA,NA,NA,NA,NA,NA,NA,NA,NA,NA,NA,NA,NA,NA,"29","MO","layernorm_full",115,1.2994999133139,0.284547257960536,NA,NA
"states-seeds",NA,1003,3.91847752813034,4.93020559960043,0.841047353597793,NA,NA,NA,0.728954554444996,NA,NA,NA,NA,NA,NA,NA,NA,NA,NA,NA,NA,NA,NA,"29","MO","layernorm_full",115,3.14830897353674,0.413151650996624,NA,NA
"states-seeds",NA,1004,3.16859382421754,4.13346649807002,0.824900605675001,NA,NA,NA,0.80947985784448,NA,NA,NA,NA,NA,NA,NA,NA,NA,NA,NA,NA,NA,NA,"29","MO","layernorm_full",115,0.948602208712949,0.311346002605545,NA,NA
"states-seeds",NA,1005,3.58038110010174,4.49601001415419,0.856335399348496,NA,NA,NA,0.774593418461379,NA,NA,NA,NA,NA,NA,NA,NA,NA,NA,NA,NA,NA,NA,"29","MO","layernorm_full",115,2.57255978610863,0.262584226964152,NA,NA
"states-seeds",NA,1001,5.49613657449254,7.82819183454487,0.699060335075202,NA,NA,NA,0.682359241654279,NA,NA,NA,NA,NA,NA,NA,NA,NA,NA,NA,NA,NA,NA,"30","MT","layernorm_full",56,1.77886853959123,-0.0965009781193607,NA,NA
"states-seeds",NA,1002,5.6662382859191,7.66003069168102,0.71839659454648,NA,NA,NA,0.695859451981116,NA,NA,NA,NA,NA,NA,NA,NA,NA,NA,NA,NA,NA,NA,"30","MT","layernorm_full",56,-0.705848147581802,-0.00938242117529591,NA,NA
"states-seeds",NA,1003,5.8421665712888,7.70364583888623,0.734848104202063,NA,NA,NA,0.692386123942965,NA,NA,NA,NA,NA,NA,NA,NA,NA,NA,NA,NA,NA,NA,"30","MT","layernorm_full",56,2.85912245660188,-0.0446404004210086,NA,NA
"states-seeds",NA,1004,4.51141718915821,6.3826548144145,0.792587328902461,NA,NA,NA,0.788837876887422,NA,NA,NA,NA,NA,NA,NA,NA,NA,NA,NA,NA,NA,NA,"30","MT","layernorm_full",56,0.586370707386604,-0.18249879311035,NA,NA
"states-seeds",NA,1005,6.8368926864393,10.1119758164918,0.548704030949657,NA,NA,NA,0.469988431182972,NA,NA,NA,NA,NA,NA,NA,NA,NA,NA,NA,NA,NA,NA,"30","MT","layernorm_full",56,3.8128158664594,-0.0480205234673361,NA,NA
"states-seeds",NA,1001,4.40903276162884,5.48993232537088,0.873652966333154,NA,NA,NA,0.655983101028963,NA,NA,NA,NA,NA,NA,NA,NA,NA,NA,NA,NA,NA,NA,"31","NE","layernorm_full",93,-3.94922018324827,0.286053237352406,NA,NA
"states-seeds",NA,1002,3.84348999461581,4.73788248236308,0.858858241899111,NA,NA,NA,0.743779211361137,NA,NA,NA,NA,NA,NA,NA,NA,NA,NA,NA,NA,NA,NA,"31","NE","layernorm_full",93,-2.93546051636539,0.208338277632364,NA,NA
"states-seeds",NA,1003,5.03001260457596,5.92506963968008,0.776304338505054,NA,NA,NA,0.599287663339007,NA,NA,NA,NA,NA,NA,NA,NA,NA,NA,NA,NA,NA,NA,"31","NE","layernorm_full",93,-3.9116942734893,0.290925828774626,NA,NA
"states-seeds",NA,1004,4.47409042066737,5.41093780873738,0.869924786138842,NA,NA,NA,0.665811978173402,NA,NA,NA,NA,NA,NA,NA,NA,NA,NA,NA,NA,NA,NA,"31","NE","layernorm_full",93,-3.92497857067186,0.33079682979817,NA,NA
"states-seeds",NA,1005,4.54785683862497,5.26318173716767,0.848688162849588,NA,NA,NA,0.683814079141681,NA,NA,NA,NA,NA,NA,NA,NA,NA,NA,NA,NA,NA,NA,"31","NE","layernorm_full",93,-3.78152617749898,0.198968342410839,NA,NA
"states-seeds",NA,1001,7.04984125779494,7.85127288446349,0.792179211633676,NA,NA,NA,0.646866814366024,NA,NA,NA,NA,NA,NA,NA,NA,NA,NA,NA,NA,NA,NA,"34","NJ","layernorm_full",21,-2.9673567521555,0.565917707961855,NA,NA
"states-seeds",NA,1002,7.29535451908378,8.57136258037621,0.769854765588815,NA,NA,NA,0.57912016243639,NA,NA,NA,NA,NA,NA,NA,NA,NA,NA,NA,NA,NA,NA,"34","NJ","layernorm_full",21,-0.986442718183311,0.579451434315822,NA,NA
"states-seeds",NA,1003,7.10902365784995,8.48995639406658,0.721712525516011,NA,NA,NA,0.587076778454229,NA,NA,NA,NA,NA,NA,NA,NA,NA,NA,NA,NA,NA,NA,"34","NJ","layernorm_full",21,-0.0144186071029379,0.616139693926113,NA,NA
"states-seeds",NA,1004,5.03017616653612,6.27823359344737,0.836023101894428,NA,NA,NA,0.774195117389715,NA,NA,NA,NA,NA,NA,NA,NA,NA,NA,NA,NA,NA,NA,"34","NJ","layernorm_full",21,-0.589009644015387,0.487302484099305,NA,NA
"states-seeds",NA,1005,7.03903326961183,7.92204469214825,0.742943117211461,NA,NA,NA,0.640471797064628,NA,NA,NA,NA,NA,NA,NA,NA,NA,NA,NA,NA,NA,NA,"34","NJ","layernorm_full",21,-1.4536370595875,0.621681219326154,NA,NA
"states-seeds",NA,1001,10.6522139959894,12.9510533871673,0.624862333427365,NA,NA,NA,0.500773530755671,NA,NA,NA,NA,NA,NA,NA,NA,NA,NA,NA,NA,NA,NA,"35","NM","layernorm_full",33,-1.85058495255924,0.396890548076784,NA,NA
"states-seeds",NA,1002,14.5619385505751,16.5833592531926,0.438658711692067,NA,NA,NA,0.181474083345291,NA,NA,NA,NA,NA,NA,NA,NA,NA,NA,NA,NA,NA,NA,"35","NM","layernorm_full",33,-8.51566168305826,0.435155567495886,NA,NA
"states-seeds",NA,1003,11.7338121748106,14.7992486753596,0.523876934650638,NA,NA,NA,0.348121358045701,NA,NA,NA,NA,NA,NA,NA,NA,NA,NA,NA,NA,NA,NA,"35","NM","layernorm_full",33,5.29283489536367,0.435526305031452,NA,NA
"states-seeds",NA,1004,12.1060040710755,14.3495661744064,0.478769060523438,NA,NA,NA,0.387134803437984,NA,NA,NA,NA,NA,NA,NA,NA,NA,NA,NA,NA,NA,NA,"35","NM","layernorm_full",33,-4.69459384896146,0.514834606822739,NA,NA
"states-seeds",NA,1005,11.0502950193352,13.8190773779057,0.585731367349551,NA,NA,NA,0.431611197265745,NA,NA,NA,NA,NA,NA,NA,NA,NA,NA,NA,NA,NA,NA,"35","NM","layernorm_full",33,-6.44706066821853,0.40598331764712,NA,NA
"states-seeds",NA,1001,4.79482161585556,6.51810533754443,0.822020257423034,NA,NA,NA,0.78502495409933,NA,NA,NA,NA,NA,NA,NA,NA,NA,NA,NA,NA,NA,NA,"36","NY","layernorm_full",62,2.05061647322732,0.522439609631103,NA,NA
"states-seeds",NA,1002,5.55796196194877,7.03992693224508,0.753547936060584,NA,NA,NA,0.749226521503366,NA,NA,NA,NA,NA,NA,NA,NA,NA,NA,NA,NA,NA,NA,"36","NY","layernorm_full",62,0.541703533286189,0.544693257965642,NA,NA
"states-seeds",NA,1003,5.03704554042559,6.40396795350173,0.803450467766875,NA,NA,NA,0.792487816176819,NA,NA,NA,NA,NA,NA,NA,NA,NA,NA,NA,NA,NA,NA,"36","NY","layernorm_full",62,0.275345055922512,0.486303309885054,NA,NA
"states-seeds",NA,1004,5.16373027943323,6.43388045078769,0.795042153687997,NA,NA,NA,0.790544738259433,NA,NA,NA,NA,NA,NA,NA,NA,NA,NA,NA,NA,NA,NA,"36","NY","layernorm_full",62,-0.9125957812324,0.436293800945838,NA,NA
"states-seeds",NA,1005,5.66399564216445,7.10122726060268,0.77151932231254,NA,NA,NA,0.744840275762327,NA,NA,NA,NA,NA,NA,NA,NA,NA,NA,NA,NA,NA,NA,"36","NY","layernorm_full",62,-1.97806995299305,0.491056171031508,NA,NA
"states-seeds",NA,1001,5.18034817604311,6.5106385748555,0.887816546246903,NA,NA,NA,0.784576860484925,NA,NA,NA,NA,NA,NA,NA,NA,NA,NA,NA,NA,NA,NA,"37","NC","layernorm_full",100,4.50615218418414,0.307652763194394,NA,NA
"states-seeds",NA,1002,3.76815591828395,5.1097661873634,0.896441281864856,NA,NA,NA,0.867307238272367,NA,NA,NA,NA,NA,NA,NA,NA,NA,NA,NA,NA,NA,NA,"37","NC","layernorm_full",100,1.98091532558088,0.178280124778268,NA,NA
"states-seeds",NA,1003,5.15700083294911,6.755140395504,0.878946290278128,NA,NA,NA,0.76809295820811,NA,NA,NA,NA,NA,NA,NA,NA,NA,NA,NA,NA,NA,NA,"37","NC","layernorm_full",100,4.43350078147559,0.32304013636613,NA,NA
"states-seeds",NA,1004,4.76631231524951,6.18593836206956,0.887252037313591,NA,NA,NA,0.805528325629759,NA,NA,NA,NA,NA,NA,NA,NA,NA,NA,NA,NA,NA,NA,"37","NC","layernorm_full",100,4.00679433622371,0.121459844686256,NA,NA
"states-seeds",NA,1005,4.23799404917036,5.61329899535774,0.886266637874081,NA,NA,NA,0.839866746180045,NA,NA,NA,NA,NA,NA,NA,NA,NA,NA,NA,NA,NA,NA,"37","NC","layernorm_full",100,2.17442888473805,0.305111740906049,NA,NA
"states-seeds",NA,1001,8.21668410833028,9.97680027714591,0.609788850114617,NA,NA,NA,0.403798607799188,NA,NA,NA,NA,NA,NA,NA,NA,NA,NA,NA,NA,NA,NA,"38","ND","layernorm_full",53,-5.82161920513929,0.196794261336749,NA,NA
"states-seeds",NA,1002,6.41953800549791,8.02791123760701,0.702796556666215,NA,NA,NA,0.613974891953464,NA,NA,NA,NA,NA,NA,NA,NA,NA,NA,NA,NA,NA,NA,"38","ND","layernorm_full",53,-3.85051021712508,0.0611010657351847,NA,NA
"states-seeds",NA,1003,7.37305099535549,8.88441380311338,0.678926277727989,NA,NA,NA,0.527210322861618,NA,NA,NA,NA,NA,NA,NA,NA,NA,NA,NA,NA,NA,NA,"38","ND","layernorm_full",53,-4.82133453375225,0.121019212351688,NA,NA
"states-seeds",NA,1004,6.80388664298644,8.64212501789711,0.613698468260131,NA,NA,NA,0.552645800703404,NA,NA,NA,NA,NA,NA,NA,NA,NA,NA,NA,NA,NA,NA,"38","ND","layernorm_full",53,-2.93737389898773,0.0706465697929345,NA,NA
"states-seeds",NA,1005,5.8067165637966,7.88633852751391,0.633438552307585,NA,NA,NA,0.627469993125476,NA,NA,NA,NA,NA,NA,NA,NA,NA,NA,NA,NA,NA,NA,"38","ND","layernorm_full",53,-0.989529656736134,0.0546271951049623,NA,NA
"states-seeds",NA,1001,5.36760174279505,6.68616138278943,0.661113443816959,NA,NA,NA,0.624162468831612,NA,NA,NA,NA,NA,NA,NA,NA,NA,NA,NA,NA,NA,NA,"39","OH","layernorm_full",88,-2.09584795638158,0.639056313530118,NA,NA
"states-seeds",NA,1002,5.14810205427042,6.41166523234792,0.658212432299957,NA,NA,NA,0.654388556119271,NA,NA,NA,NA,NA,NA,NA,NA,NA,NA,NA,NA,NA,NA,"39","OH","layernorm_full",88,-0.621775663317356,0.608540621789437,NA,NA
"states-seeds",NA,1003,4.99857360833074,6.22311578120695,0.676017934487124,NA,NA,NA,0.67441664123965,NA,NA,NA,NA,NA,NA,NA,NA,NA,NA,NA,NA,NA,NA,"39","OH","layernorm_full",88,0.336942676684306,0.646648753563557,NA,NA
"states-seeds",NA,1004,4.8079737118281,5.7615222980686,0.724724340026849,NA,NA,NA,0.720925001619596,NA,NA,NA,NA,NA,NA,NA,NA,NA,NA,NA,NA,NA,NA,"39","OH","layernorm_full",88,-0.0177287384246001,0.636649429308031,NA,NA
"states-seeds",NA,1005,4.890585093709,5.93791052662964,0.712569335144461,NA,NA,NA,0.703575746085806,NA,NA,NA,NA,NA,NA,NA,NA,NA,NA,NA,NA,NA,NA,"39","OH","layernorm_full",88,-0.966163569554003,0.621864084009654,NA,NA
"states-seeds",NA,1001,2.99163016657426,4.15166058646974,0.723493929420584,NA,NA,NA,0.684262445187852,NA,NA,NA,NA,NA,NA,NA,NA,NA,NA,NA,NA,NA,NA,"40","OK","layernorm_full",77,-0.865870132430235,0.448942831984341,NA,NA
"states-seeds",NA,1002,3.33997543034143,4.43463884048014,0.66926536630106,NA,NA,NA,0.639754079142404,NA,NA,NA,NA,NA,NA,NA,NA,NA,NA,NA,NA,NA,NA,"40","OK","layernorm_full",77,0.297511601368232,0.375779928624855,NA,NA
"states-seeds",NA,1003,3.28013409548998,4.56918920783659,0.703641954352056,NA,NA,NA,0.617562171345621,NA,NA,NA,NA,NA,NA,NA,NA,NA,NA,NA,NA,NA,NA,"40","OK","layernorm_full",77,-1.69568056207418,0.369830463515612,NA,NA
"states-seeds",NA,1004,3.45191317636047,4.59815030190618,0.699632899526529,NA,NA,NA,0.612698761843674,NA,NA,NA,NA,NA,NA,NA,NA,NA,NA,NA,NA,NA,NA,"40","OK","layernorm_full",77,0.103742116089851,0.420825985829588,NA,NA
"states-seeds",NA,1005,3.09491391806428,4.19472232694587,0.700149331015128,NA,NA,NA,0.677678708646241,NA,NA,NA,NA,NA,NA,NA,NA,NA,NA,NA,NA,NA,NA,"40","OK","layernorm_full",77,-0.538853411562465,0.426321180651711,NA,NA
"states-seeds",NA,1001,4.38900827968362,5.53989315644287,0.889589713765127,NA,NA,NA,0.880230243623,NA,NA,NA,NA,NA,NA,NA,NA,NA,NA,NA,NA,NA,NA,"41","OR","layernorm_full",36,-0.490244738056698,0.279238462843104,NA,NA
"states-seeds",NA,1002,6.11027053110795,7.46449465341393,0.897304848085278,NA,NA,NA,0.782557110315277,NA,NA,NA,NA,NA,NA,NA,NA,NA,NA,NA,NA,NA,NA,"41","OR","layernorm_full",36,-5.37049818244314,0.248923848446716,NA,NA
"states-seeds",NA,1003,5.16288663490707,6.48474819166863,0.880362251685587,NA,NA,NA,0.835891671609315,NA,NA,NA,NA,NA,NA,NA,NA,NA,NA,NA,NA,NA,NA,"41","OR","layernorm_full",36,-3.35348041053862,0.291299436049894,NA,NA
"states-seeds",NA,1004,4.24508359091397,5.54933355498111,0.889529063199401,NA,NA,NA,0.879821702310582,NA,NA,NA,NA,NA,NA,NA,NA,NA,NA,NA,NA,NA,NA,"41","OR","layernorm_full",36,-1.4012748733789,0.335917325765599,NA,NA
"states-seeds",NA,1005,5.09623846007759,6.87112004552761,0.84591274757358,NA,NA,NA,0.815753409184788,NA,NA,NA,NA,NA,NA,NA,NA,NA,NA,NA,NA,NA,NA,"41","OR","layernorm_full",36,-2.4518539929182,0.363115730832663,NA,NA
"states-seeds",NA,1001,6.95824868824945,8.28905040663861,0.75266980230716,NA,NA,NA,0.58003098105347,NA,NA,NA,NA,NA,NA,NA,NA,NA,NA,NA,NA,NA,NA,"42","PA","layernorm_full",67,5.27649362279762,0.527391654651705,NA,NA
"states-seeds",NA,1002,7.50302532309053,8.91680589477224,0.779146055888423,NA,NA,NA,0.514011135783531,NA,NA,NA,NA,NA,NA,NA,NA,NA,NA,NA,NA,NA,NA,"42","PA","layernorm_full",67,6.32855365743846,0.530077839492793,NA,NA
"states-seeds",NA,1003,7.04915887589344,8.61530494277083,0.752726135564286,NA,NA,NA,0.546320661867461,NA,NA,NA,NA,NA,NA,NA,NA,NA,NA,NA,NA,NA,NA,"42","PA","layernorm_full",67,5.65499857822543,0.586620174495099,NA,NA
"states-seeds",NA,1004,7.60220146836494,9.07553174561513,0.705827735076013,NA,NA,NA,0.496555207514633,NA,NA,NA,NA,NA,NA,NA,NA,NA,NA,NA,NA,NA,NA,"42","PA","layernorm_full",67,5.84047366259277,0.547904422837941,NA,NA
"states-seeds",NA,1005,7.30613730534629,8.93328593920938,0.707474375621897,NA,NA,NA,0.512213066071,NA,NA,NA,NA,NA,NA,NA,NA,NA,NA,NA,NA,NA,NA,"42","PA","layernorm_full",67,5.49000043081269,0.567526473852753,NA,NA
"states-seeds",NA,1001,5.6097935250317,7.09369835487278,0.827933399455254,NA,NA,NA,0.695966912019208,NA,NA,NA,NA,NA,NA,NA,NA,NA,NA,NA,NA,NA,NA,"45","SC","layernorm_full",46,-4.58015641448226,0.464441795502172,NA,NA
"states-seeds",NA,1002,4.15138285517178,5.30600029387863,0.852301914261464,NA,NA,NA,0.829897790087733,NA,NA,NA,NA,NA,NA,NA,NA,NA,NA,NA,NA,NA,NA,"45","SC","layernorm_full",46,-1.86077477625594,0.420218392979311,NA,NA
"states-seeds",NA,1003,5.25358304784337,6.69714789866535,0.838556614920219,NA,NA,NA,0.729008794870541,NA,NA,NA,NA,NA,NA,NA,NA,NA,NA,NA,NA,NA,NA,"45","SC","layernorm_full",46,-3.65728788303325,0.387528922856244,NA,NA
"states-seeds",NA,1004,6.28392723291767,7.75043829721863,0.856735615571876,NA,NA,NA,0.637065759775514,NA,NA,NA,NA,NA,NA,NA,NA,NA,NA,NA,NA,NA,NA,"45","SC","layernorm_full",46,-5.953667908467,0.446916827373688,NA,NA
"states-seeds",NA,1005,5.79989889955606,7.11449673895303,0.869602607636555,NA,NA,NA,0.694181477519819,NA,NA,NA,NA,NA,NA,NA,NA,NA,NA,NA,NA,NA,NA,"45","SC","layernorm_full",46,-4.89952808655132,0.264544416195488,NA,NA
"states-seeds",NA,1001,8.31616627186751,11.7225321313976,0.544263108719532,NA,NA,NA,0.359333941239422,NA,NA,NA,NA,NA,NA,NA,NA,NA,NA,NA,NA,NA,NA,"46","SD","layernorm_full",66,6.27119282283272,0.10947166381822,NA,NA
"states-seeds",NA,1002,8.83918430010613,13.0074462030924,0.464600254452467,NA,NA,NA,0.211189051836936,NA,NA,NA,NA,NA,NA,NA,NA,NA,NA,NA,NA,NA,NA,"46","SD","layernorm_full",66,7.30514019113869,0.147794016057393,NA,NA
"states-seeds",NA,1003,9.8432136236751,13.3984691273443,0.520482460213654,NA,NA,NA,0.163050580095604,NA,NA,NA,NA,NA,NA,NA,NA,NA,NA,NA,NA,NA,NA,"46","SD","layernorm_full",66,8.51238531098259,0.140343855357766,NA,NA
"states-seeds",NA,1004,10.0741419378227,13.8074620466649,0.490917738870702,NA,NA,NA,0.111174370376157,NA,NA,NA,NA,NA,NA,NA,NA,NA,NA,NA,NA,NA,NA,"46","SD","layernorm_full",66,8.94705417668633,0.102512585084797,NA,NA
"states-seeds",NA,1005,7.7878421750713,11.8139723780724,0.510171338889858,NA,NA,NA,0.349300077325394,NA,NA,NA,NA,NA,NA,NA,NA,NA,NA,NA,NA,NA,NA,"46","SD","layernorm_full",66,5.70137512760996,0.160211576392306,NA,NA
"states-seeds",NA,1001,3.86164618199687,4.62310636010481,0.752239244278462,NA,NA,NA,0.749451277595535,NA,NA,NA,NA,NA,NA,NA,NA,NA,NA,NA,NA,NA,NA,"47","TN","layernorm_full",95,0.426270547190802,0.523912694605992,NA,NA
"states-seeds",NA,1002,3.2823059304984,3.91133779819589,0.821262775030623,NA,NA,NA,0.820660864331731,NA,NA,NA,NA,NA,NA,NA,NA,NA,NA,NA,NA,NA,NA,"47","TN","layernorm_full",95,0.0958292354454641,0.413594476340603,NA,NA
"states-seeds",NA,1003,3.53737870279675,4.18857199963331,0.799184087264713,NA,NA,NA,0.794336892846585,NA,NA,NA,NA,NA,NA,NA,NA,NA,NA,NA,NA,NA,NA,"47","TN","layernorm_full",95,-0.295788958123222,0.459857471643503,NA,NA
"states-seeds",NA,1004,3.68780487959207,4.53751291577494,0.808114373529295,NA,NA,NA,0.758642848872105,NA,NA,NA,NA,NA,NA,NA,NA,NA,NA,NA,NA,NA,NA,"47","TN","layernorm_full",95,2.05009137388015,0.435636525512581,NA,NA
"states-seeds",NA,1005,3.45831274733483,4.00479547823327,0.81479019240413,NA,NA,NA,0.811988200434768,NA,NA,NA,NA,NA,NA,NA,NA,NA,NA,NA,NA,NA,NA,"47","TN","layernorm_full",95,0.465060866252222,0.393658316652092,NA,NA
"states-seeds",NA,1001,6.83003044470583,12.0779589808134,0.53310144511179,NA,NA,NA,0.465344294692015,NA,NA,NA,NA,NA,NA,NA,NA,NA,NA,NA,NA,NA,NA,"48","TX","layernorm_full",254,2.56339644065623,0.684143662679504,NA,NA
"states-seeds",NA,1002,7.13861931131108,12.2619043493236,0.602954543437452,NA,NA,NA,0.448934841947297,NA,NA,NA,NA,NA,NA,NA,NA,NA,NA,NA,NA,NA,NA,"48","TX","layernorm_full",254,5.30819966153282,0.688635490576161,NA,NA
"states-seeds",NA,1003,8.34609328942142,14.3104590370457,0.351345632021573,NA,NA,NA,0.249424758581179,NA,NA,NA,NA,NA,NA,NA,NA,NA,NA,NA,NA,NA,NA,"48","TX","layernorm_full",254,4.37667922016937,0.703537513873364,NA,NA
"states-seeds",NA,1004,6.72755549624569,11.8620555236098,0.561613216857955,NA,NA,NA,0.484288269639814,NA,NA,NA,NA,NA,NA,NA,NA,NA,NA,NA,NA,NA,NA,"48","TX","layernorm_full",254,2.22098818644305,0.731490239025565,NA,NA
"states-seeds",NA,1005,7.42046045212387,14.0071662403309,0.373797376970382,NA,NA,NA,0.280902678865812,NA,NA,NA,NA,NA,NA,NA,NA,NA,NA,NA,NA,NA,NA,"48","TX","layernorm_full",254,4.71776397363283,0.772384219567737,NA,NA
"states-seeds",NA,1001,7.62858998443677,10.1965128104831,0.507052588310887,NA,NA,NA,0.476465210272385,NA,NA,NA,NA,NA,NA,NA,NA,NA,NA,NA,NA,NA,NA,"49","UT","layernorm_full",29,2.43534345302796,0.0458100478539041,NA,NA
"states-seeds",NA,1002,6.43855241336007,8.5765880240801,0.653748798013184,NA,NA,NA,0.629599719692578,NA,NA,NA,NA,NA,NA,NA,NA,NA,NA,NA,NA,NA,NA,"49","UT","layernorm_full",29,1.59101046761271,-0.036683764959231,NA,NA
"states-seeds",NA,1003,6.86471992711112,8.57117245823298,0.647967455322823,NA,NA,NA,0.630067340101752,NA,NA,NA,NA,NA,NA,NA,NA,NA,NA,NA,NA,NA,NA,"49","UT","layernorm_full",29,-1.01143880320462,-0.0419133805823921,NA,NA
"states-seeds",NA,1004,6.46512787667034,8.78684002081259,0.702990052749772,NA,NA,NA,0.611216659522439,NA,NA,NA,NA,NA,NA,NA,NA,NA,NA,NA,NA,NA,NA,"49","UT","layernorm_full",29,3.43239286600955,-0.0515921378747338,NA,NA
"states-seeds",NA,1005,7.32947479387932,9.4105700855744,0.560845970176586,NA,NA,NA,0.554062417563749,NA,NA,NA,NA,NA,NA,NA,NA,NA,NA,NA,NA,NA,NA,"49","UT","layernorm_full",29,-0.899557508171626,0.095817091674174,NA,NA
"states-seeds",NA,1001,4.66862786411176,6.20789083301627,0.885801640981326,NA,NA,NA,0.868866676050147,NA,NA,NA,NA,NA,NA,NA,NA,NA,NA,NA,NA,NA,NA,"51","VA","layernorm_full",133,1.04892897794128,0.228497214982455,NA,NA
"states-seeds",NA,1002,4.52494082379969,5.96420293023204,0.879466014302242,NA,NA,NA,0.878959767004881,NA,NA,NA,NA,NA,NA,NA,NA,NA,NA,NA,NA,NA,NA,"51","VA","layernorm_full",133,0.319174960008054,0.25024979223381,NA,NA
"states-seeds",NA,1003,4.8639853906129,6.47970715108079,0.872802414788164,NA,NA,NA,0.857131763377365,NA,NA,NA,NA,NA,NA,NA,NA,NA,NA,NA,NA,NA,NA,"51","VA","layernorm_full",133,1.91042059807719,0.220710412849098,NA,NA
"states-seeds",NA,1004,4.40100324389222,6.00113262141571,0.879772197502808,NA,NA,NA,0.877456190655743,NA,NA,NA,NA,NA,NA,NA,NA,NA,NA,NA,NA,NA,NA,"51","VA","layernorm_full",133,0.522748362596084,0.117310729016435,NA,NA
"states-seeds",NA,1005,4.28396808316795,5.70010746243168,0.894283341845725,NA,NA,NA,0.889441786029776,NA,NA,NA,NA,NA,NA,NA,NA,NA,NA,NA,NA,NA,NA,"51","VA","layernorm_full",133,0.36097885465419,0.126022044391364,NA,NA
"states-seeds",NA,1001,6.4364429765857,7.96345488555555,0.755099563494007,NA,NA,NA,0.608512836512977,NA,NA,NA,NA,NA,NA,NA,NA,NA,NA,NA,NA,NA,NA,"53","WA","layernorm_full",39,4.81884758056672,0.198399160142323,NA,NA
"states-seeds",NA,1002,7.4019831095734,8.39570090670112,0.610747643806204,NA,NA,NA,0.564860612927283,NA,NA,NA,NA,NA,NA,NA,NA,NA,NA,NA,NA,NA,NA,"53","WA","layernorm_full",39,2.72337007238343,0.423780367031767,NA,NA
"states-seeds",NA,1003,6.64217101105025,7.92653412273666,0.711463329664735,NA,NA,NA,0.612134505386664,NA,NA,NA,NA,NA,NA,NA,NA,NA,NA,NA,NA,NA,NA,"53","WA","layernorm_full",39,3.99751846773419,0.196561202345149,NA,NA
"states-seeds",NA,1004,6.20472938974472,7.48189119503123,0.804800985434108,NA,NA,NA,0.654429027787038,NA,NA,NA,NA,NA,NA,NA,NA,NA,NA,NA,NA,NA,NA,"53","WA","layernorm_full",39,4.85984082801142,0.184971682794545,NA,NA
"states-seeds",NA,1005,6.68375688711301,8.41708835113255,0.710544979586844,NA,NA,NA,0.562640816531699,NA,NA,NA,NA,NA,NA,NA,NA,NA,NA,NA,NA,NA,NA,"53","WA","layernorm_full",39,4.89167509771313,0.223569444814745,NA,NA
"states-seeds",NA,1001,3.24549200111173,4.21280447140314,0.610694576507699,NA,NA,NA,0.606678241093779,NA,NA,NA,NA,NA,NA,NA,NA,NA,NA,NA,NA,NA,NA,"54","WV","layernorm_full",55,-0.421959411787712,0.207679808850875,NA,NA
"states-seeds",NA,1002,3.93204638023325,5.04620542271437,0.470681913994537,NA,NA,NA,0.435667295956033,NA,NA,NA,NA,NA,NA,NA,NA,NA,NA,NA,NA,NA,NA,"54","WV","layernorm_full",55,-0.114224739069554,0.422091484354595,NA,NA
"states-seeds",NA,1003,4.58817990715091,5.40500692589758,0.592157606987884,NA,NA,NA,0.352562460702594,NA,NA,NA,NA,NA,NA,NA,NA,NA,NA,NA,NA,NA,NA,"54","WV","layernorm_full",55,-3.146961339373,0.325940534743096,NA,NA
"states-seeds",NA,1004,3.30347316735417,4.19554423001553,0.627051250686366,NA,NA,NA,0.609894588458182,NA,NA,NA,NA,NA,NA,NA,NA,NA,NA,NA,NA,NA,NA,"54","WV","layernorm_full",55,-0.855571824934979,0.208326065632138,NA,NA
"states-seeds",NA,1005,3.4517844449605,4.42383835749518,0.575007897397583,NA,NA,NA,0.566285574659383,NA,NA,NA,NA,NA,NA,NA,NA,NA,NA,NA,NA,NA,NA,"54","WV","layernorm_full",55,-0.626287712374533,0.318342107113058,NA,NA
"states-seeds",NA,1001,9.44585816479569,12.3323534287939,0.240235941788986,NA,NA,NA,-0.534840509839963,NA,NA,NA,NA,NA,NA,NA,NA,NA,NA,NA,NA,NA,NA,"55","WI","layernorm_full",72,8.12472208200611,0.469964535500557,NA,NA
"states-seeds",NA,1002,8.72266588362417,11.9308224005977,0.218948999255704,NA,NA,NA,-0.436521366804239,NA,NA,NA,NA,NA,NA,NA,NA,NA,NA,NA,NA,NA,NA,"55","WI","layernorm_full",72,7.22443873013559,0.398742335948867,NA,NA
"states-seeds",NA,1003,9.68701698458726,12.8951657957977,0.17676255359683,NA,NA,NA,-0.678128405899188,NA,NA,NA,NA,NA,NA,NA,NA,NA,NA,NA,NA,NA,NA,"55","WI","layernorm_full",72,7.60966186146292,0.481070474278141,NA,NA
"states-seeds",NA,1004,9.68900759191165,12.6314555995748,0.244699701311016,NA,NA,NA,-0.61019371759269,NA,NA,NA,NA,NA,NA,NA,NA,NA,NA,NA,NA,NA,NA,"55","WI","layernorm_full",72,8.41282576604829,0.446807244057386,NA,NA
"states-seeds",NA,1005,10.0535378618754,12.9740553897598,0.188022478008682,NA,NA,NA,-0.698724003743518,NA,NA,NA,NA,NA,NA,NA,NA,NA,NA,NA,NA,NA,NA,"55","WI","layernorm_full",72,8.23261674080641,0.477841197057282,NA,NA
"states-seeds",NA,1001,5.11744982075598,6.77556880456565,0.841524348404997,NA,NA,NA,0.722652485245469,NA,NA,NA,NA,NA,NA,NA,NA,NA,NA,NA,NA,NA,NA,"56","WY","layernorm_full",23,1.34080671655189,0.328000002813677,NA,NA
"states-seeds",NA,1002,4.37648796034585,6.3786654571701,0.870139400158144,NA,NA,NA,0.754194039684715,NA,NA,NA,NA,NA,NA,NA,NA,NA,NA,NA,NA,NA,NA,"56","WY","layernorm_full",23,0.580500185653545,0.220802708070671,NA,NA
"states-seeds",NA,1003,3.83682196554889,4.99495862586451,0.891560753931588,NA,NA,NA,0.849271093150685,NA,NA,NA,NA,NA,NA,NA,NA,NA,NA,NA,NA,NA,NA,"56","WY","layernorm_full",23,-0.89281436992205,0.179745830314289,NA,NA
"states-seeds",NA,1004,5.19867023556818,6.47084875228779,0.851853886830663,NA,NA,NA,0.747038017207644,NA,NA,NA,NA,NA,NA,NA,NA,NA,NA,NA,NA,NA,NA,"56","WY","layernorm_full",23,-1.26535753203944,0.217909937744124,NA,NA
"states-seeds",NA,1005,3.89557040654732,4.58390910414593,0.924259399457118,NA,NA,NA,0.873058170377216,NA,NA,NA,NA,NA,NA,NA,NA,NA,NA,NA,NA,NA,NA,"56","WY","layernorm_full",23,-1.57145505653514,0.0620324566778985,NA,NA
"states-kernel",NA,1001,5.23568115569894,6.18070527946924,0.95290637888142,NA,NA,NA,0.903569479602304,"uniform",1,NA,NA,NA,NA,NA,NA,NA,NA,NA,NA,NA,NA,"01","AL","layernorm_full",67,-0.543283660631963,0.438027191836184,"uniform",FALSE
"states-kernel",NA,1002,4.46964308899925,5.45161723965822,0.971649487446866,NA,NA,NA,0.92497791107296,"uniform",1,NA,NA,NA,NA,NA,NA,NA,NA,NA,NA,NA,NA,"01","AL","layernorm_full",67,-0.440536188796379,0.362573444467558,"uniform",FALSE
"states-kernel",NA,1003,5.36333011417979,6.3497993420053,0.957798091749036,NA,NA,NA,0.898220938231493,"uniform",1,NA,NA,NA,NA,NA,NA,NA,NA,NA,NA,NA,NA,"01","AL","layernorm_full",67,0.232160259155053,0.47482261142729,"uniform",FALSE
"states-kernel",NA,1004,5.11096052849901,6.11733079719279,0.94620812341861,NA,NA,NA,0.905536861301837,"uniform",1,NA,NA,NA,NA,NA,NA,NA,NA,NA,NA,NA,NA,"01","AL","layernorm_full",67,-1.41908283680795,0.402069491341666,"uniform",FALSE
"states-kernel",NA,1005,4.62635517712629,5.54831665066891,0.967502257844027,NA,NA,NA,0.922292861279547,"uniform",1,NA,NA,NA,NA,NA,NA,NA,NA,NA,NA,NA,NA,"01","AL","layernorm_full",67,-0.0972671126144833,0.477207591047643,"uniform",FALSE
"states-kernel",NA,1001,3.60559361946957,4.43894306920123,0.906572672573609,NA,NA,NA,0.863838968390023,"uniform",1,NA,NA,NA,NA,NA,NA,NA,NA,NA,NA,NA,NA,"05","AR","layernorm_full",75,-2.46571383086308,0.195791189828744,"uniform",FALSE
"states-kernel",NA,1002,2.64931544864051,3.5219125757953,0.915635711326948,NA,NA,NA,0.914286184964988,"uniform",1,NA,NA,NA,NA,NA,NA,NA,NA,NA,NA,NA,NA,"05","AR","layernorm_full",75,-0.0208123658449307,0.149027150583374,"uniform",FALSE
"states-kernel",NA,1003,2.80445998726096,3.64705224923418,0.912029337256219,NA,NA,NA,0.908086849332052,"uniform",1,NA,NA,NA,NA,NA,NA,NA,NA,NA,NA,NA,NA,"05","AR","layernorm_full",75,-0.343716634760314,0.253570122047817,"uniform",FALSE
"states-kernel",NA,1004,4.28970112524219,5.23618235691505,0.891769555517255,NA,NA,NA,0.810537523841114,"uniform",1,NA,NA,NA,NA,NA,NA,NA,NA,NA,NA,NA,NA,"05","AR","layernorm_full",75,-3.24252707872157,0.307331495203876,"uniform",FALSE
"states-kernel",NA,1005,3.68188299092554,4.3785490177016,0.910886895916449,NA,NA,NA,0.867518842203188,"uniform",1,NA,NA,NA,NA,NA,NA,NA,NA,NA,NA,NA,NA,"05","AR","layernorm_full",75,-2.44279944684301,0.133123289762886,"uniform",FALSE
"states-kernel",NA,1001,7.249055133155,9.29669270601992,0.705888563592324,NA,NA,NA,0.674723279500081,"uniform",1,NA,NA,NA,NA,NA,NA,NA,NA,NA,NA,NA,NA,"06","CA","layernorm_full",58,2.61912946430315,0.385976618032533,"uniform",FALSE
"states-kernel",NA,1002,7.45497814935425,9.52043791069747,0.683476987936568,NA,NA,NA,0.658877880975997,"uniform",1,NA,NA,NA,NA,NA,NA,NA,NA,NA,NA,NA,NA,"06","CA","layernorm_full",58,2.21798045775319,0.411104847588812,"uniform",FALSE
"states-kernel",NA,1003,7.9936983582965,10.2609292535274,0.620874179361499,NA,NA,NA,0.603749870397671,"uniform",1,NA,NA,NA,NA,NA,NA,NA,NA,NA,NA,NA,NA,"06","CA","layernorm_full",58,1.38794975857706,0.478667145126014,"uniform",FALSE
"states-kernel",NA,1004,8.09284692191674,9.95069472285529,0.63026580036427,NA,NA,NA,0.627348532178757,"uniform",1,NA,NA,NA,NA,NA,NA,NA,NA,NA,NA,NA,NA,"06","CA","layernorm_full",58,0.0709948586228641,0.498536192591654,"uniform",FALSE
"states-kernel",NA,1005,8.74766929808737,10.5966889176572,0.621887592779342,NA,NA,NA,0.577393277696544,"uniform",1,NA,NA,NA,NA,NA,NA,NA,NA,NA,NA,NA,NA,"06","CA","layernorm_full",58,0.606720831858071,0.528271714248299,"uniform",FALSE
"states-kernel",NA,1001,10.8814686498471,13.3228765572675,0.803960747875623,NA,NA,NA,0.458534737585982,"uniform",1,NA,NA,NA,NA,NA,NA,NA,NA,NA,NA,NA,NA,"08","CO","layernorm_full",64,-8.80777555407242,0.456236773491233,"uniform",FALSE
"states-kernel",NA,1002,11.600633861286,14.4076072298121,0.766810146289458,NA,NA,NA,0.366774620525485,"uniform",1,NA,NA,NA,NA,NA,NA,NA,NA,NA,NA,NA,NA,"08","CO","layernorm_full",64,-10.2102768427263,0.444588870857789,"uniform",FALSE
"states-kernel",NA,1003,8.40976654862038,10.9775552994221,0.815767097523519,NA,NA,NA,0.632391234081405,"uniform",1,NA,NA,NA,NA,NA,NA,NA,NA,NA,NA,NA,NA,"08","CO","layernorm_full",64,-5.73649716326878,0.39407099914487,"uniform",FALSE
"states-kernel",NA,1004,9.28752174166939,11.9634315551927,0.802592946462979,NA,NA,NA,0.563397588258272,"uniform",1,NA,NA,NA,NA,NA,NA,NA,NA,NA,NA,NA,NA,"08","CO","layernorm_full",64,-7.56430305904387,0.414159670317612,"uniform",FALSE
"states-kernel",NA,1005,8.11274274476939,9.92151897790528,0.7688516129763,NA,NA,NA,0.699716875087614,"uniform",1,NA,NA,NA,NA,NA,NA,NA,NA,NA,NA,NA,NA,"08","CO","layernorm_full",64,-4.5769948404745,0.254245775491066,"uniform",FALSE
"states-kernel",NA,1001,5.39037044125385,6.64210514693778,0.839154305269154,NA,NA,NA,0.772181900531334,"uniform",1,NA,NA,NA,NA,NA,NA,NA,NA,NA,NA,NA,NA,"12","FL","layernorm_full",67,-3.03409466167399,0.429805051204104,"uniform",FALSE
"states-kernel",NA,1002,5.18825179016028,6.45510543508224,0.833357885882316,NA,NA,NA,0.784829161482844,"uniform",1,NA,NA,NA,NA,NA,NA,NA,NA,NA,NA,NA,NA,"12","FL","layernorm_full",67,-1.94054872652708,0.435314087586817,"uniform",FALSE
"states-kernel",NA,1003,5.88889641243223,7.21849571916328,0.796548099992905,NA,NA,NA,0.730926989196356,"uniform",1,NA,NA,NA,NA,NA,NA,NA,NA,NA,NA,NA,NA,"12","FL","layernorm_full",67,-2.94370804166585,0.387912388509852,"uniform",FALSE
"states-kernel",NA,1004,5.29684622527928,6.72685512467461,0.808007418889193,NA,NA,NA,0.766331117983232,"uniform",1,NA,NA,NA,NA,NA,NA,NA,NA,NA,NA,NA,NA,"12","FL","layernorm_full",67,-9.52306754152826e-05,0.47993846364396,"uniform",FALSE
"states-kernel",NA,1005,4.68272161337331,5.87973976897837,0.846894613992642,NA,NA,NA,0.82147750740617,"uniform",1,NA,NA,NA,NA,NA,NA,NA,NA,NA,NA,NA,NA,"12","FL","layernorm_full",67,-1.90950263052269,0.311201592255363,"uniform",FALSE
"states-kernel",NA,1001,4.39424888339594,5.68295158744584,0.889600399278542,NA,NA,NA,0.872765055051149,"uniform",1,NA,NA,NA,NA,NA,NA,NA,NA,NA,NA,NA,NA,"13","GA","layernorm_full",159,-0.171790145722675,0.315203128173478,"uniform",FALSE
"states-kernel",NA,1002,4.65424031878243,5.92216708528082,0.881522149208084,NA,NA,NA,0.861828075707503,"uniform",1,NA,NA,NA,NA,NA,NA,NA,NA,NA,NA,NA,NA,"13","GA","layernorm_full",159,-0.926607664975079,0.303356923462257,"uniform",FALSE
"states-kernel",NA,1003,5.12489474217002,6.23219208744158,0.886281238510247,NA,NA,NA,0.846982833806499,"uniform",1,NA,NA,NA,NA,NA,NA,NA,NA,NA,NA,NA,NA,"13","GA","layernorm_full",159,-2.72039568509853,0.291542092502022,"uniform",FALSE
"states-kernel",NA,1004,4.66880896866735,5.93071193192521,0.877429671246484,NA,NA,NA,0.861429063100285,"uniform",1,NA,NA,NA,NA,NA,NA,NA,NA,NA,NA,NA,NA,"13","GA","layernorm_full",159,-0.0931416288363678,0.352678836243668,"uniform",FALSE
"states-kernel",NA,1005,4.50601796278355,5.85169752660517,0.878511505873728,NA,NA,NA,0.865096805961993,"uniform",1,NA,NA,NA,NA,NA,NA,NA,NA,NA,NA,NA,NA,"13","GA","layernorm_full",159,-1.17691389609786,0.260642387981241,"uniform",FALSE
"states-kernel",NA,1001,8.03131166020517,10.1303468270712,0.500741582765722,NA,NA,NA,0.25840825855477,"uniform",1,NA,NA,NA,NA,NA,NA,NA,NA,NA,NA,NA,NA,"16","ID","layernorm_full",44,-5.73145502247977,0.0590015662753096,"uniform",FALSE
"states-kernel",NA,1002,7.81828676235734,10.1335673777201,0.488381165379428,NA,NA,NA,0.257936662972918,"uniform",1,NA,NA,NA,NA,NA,NA,NA,NA,NA,NA,NA,NA,"16","ID","layernorm_full",44,-4.69195190089099,0.430482139875505,"uniform",FALSE
"states-kernel",NA,1003,6.94719853119526,9.18452664937303,0.432046004206315,NA,NA,NA,0.390421257954411,"uniform",1,NA,NA,NA,NA,NA,NA,NA,NA,NA,NA,NA,NA,"16","ID","layernorm_full",44,1.77059499159207,0.301924486390268,"uniform",FALSE
"states-kernel",NA,1004,6.33732146457865,9.10894034138703,0.526353644568552,NA,NA,NA,0.400413326621905,"uniform",1,NA,NA,NA,NA,NA,NA,NA,NA,NA,NA,NA,NA,"16","ID","layernorm_full",44,-3.70549628622429,0.185552689172509,"uniform",FALSE
"states-kernel",NA,1005,6.55153638783053,8.41947055302252,0.597536701244149,NA,NA,NA,0.487745454513168,"uniform",1,NA,NA,NA,NA,NA,NA,NA,NA,NA,NA,NA,NA,"16","ID","layernorm_full",44,-3.84977387017106,0.0731172054468825,"uniform",FALSE
"states-kernel",NA,1001,6.82713073047413,7.99769391177544,0.823236265851998,NA,NA,NA,0.571134158584385,"uniform",1,NA,NA,NA,NA,NA,NA,NA,NA,NA,NA,NA,NA,"17","IL","layernorm_full",102,-6.06695085731566,0.539782383828963,"uniform",FALSE
"states-kernel",NA,1002,5.97559429642882,7.13922582175497,0.794243245153102,NA,NA,NA,0.658261319753708,"uniform",1,NA,NA,NA,NA,NA,NA,NA,NA,NA,NA,NA,NA,"17","IL","layernorm_full",102,-4.39360686507871,0.552680260364941,"uniform",FALSE
"states-kernel",NA,1003,6.00229117249244,6.95651681139617,0.811604081050119,NA,NA,NA,0.675529231721804,"uniform",1,NA,NA,NA,NA,NA,NA,NA,NA,NA,NA,NA,NA,"17","IL","layernorm_full",102,-4.48689637317539,0.492945963211916,"uniform",FALSE
"states-kernel",NA,1004,5.60780032461137,6.70655818336733,0.8045641164285,NA,NA,NA,0.698427808137858,"uniform",1,NA,NA,NA,NA,NA,NA,NA,NA,NA,NA,NA,NA,"17","IL","layernorm_full",102,-3.91932567124836,0.518153796927266,"uniform",FALSE
"states-kernel",NA,1005,5.74482887613983,6.81393925496869,0.81710595926623,NA,NA,NA,0.688693338318478,"uniform",1,NA,NA,NA,NA,NA,NA,NA,NA,NA,NA,NA,NA,"17","IL","layernorm_full",102,-4.2630631878758,0.542151889254045,"uniform",FALSE
"states-kernel",NA,1001,3.55379103546097,5.10576244720302,0.782367619490127,NA,NA,NA,0.69527615041732,"uniform",1,NA,NA,NA,NA,NA,NA,NA,NA,NA,NA,NA,NA,"18","IN","layernorm_full",92,2.20614352317733,0.275568897617751,"uniform",FALSE
"states-kernel",NA,1002,3.43551039847757,4.80588108234028,0.778962662172831,NA,NA,NA,0.73002019628693,"uniform",1,NA,NA,NA,NA,NA,NA,NA,NA,NA,NA,NA,NA,"18","IN","layernorm_full",92,1.04467936298566,0.264713081642578,"uniform",FALSE
"states-kernel",NA,1003,4.06531823367308,5.5256773076757,0.714342966806511,NA,NA,NA,0.643092006484997,"uniform",1,NA,NA,NA,NA,NA,NA,NA,NA,NA,NA,NA,NA,"18","IN","layernorm_full",92,2.29639837014528,0.306176241683358,"uniform",FALSE
"states-kernel",NA,1004,4.09594555199461,5.68280234750121,0.714118596910454,NA,NA,NA,0.622505751618838,"uniform",1,NA,NA,NA,NA,NA,NA,NA,NA,NA,NA,NA,NA,"18","IN","layernorm_full",92,2.55561716058742,0.311848886569582,"uniform",FALSE
"states-kernel",NA,1005,3.90405255143872,5.66130526748782,0.712542242639741,NA,NA,NA,0.625356343522297,"uniform",1,NA,NA,NA,NA,NA,NA,NA,NA,NA,NA,NA,NA,"18","IN","layernorm_full",92,2.24642868075926,0.298205600569473,"uniform",FALSE
"states-kernel",NA,1001,4.93984840609611,5.99538063219653,0.765375757921018,NA,NA,NA,0.584182757491709,"uniform",1,NA,NA,NA,NA,NA,NA,NA,NA,NA,NA,NA,NA,"19","IA","layernorm_full",99,3.91121684025426,0.269060950195099,"uniform",FALSE
"states-kernel",NA,1002,4.62042878962004,5.64908901569255,0.734718879369137,NA,NA,NA,0.630830503498919,"uniform",1,NA,NA,NA,NA,NA,NA,NA,NA,NA,NA,NA,NA,"19","IA","layernorm_full",99,2.91088588639394,0.363356569789322,"uniform",FALSE
"states-kernel",NA,1003,4.45394556847676,5.51579442547549,0.651514780763772,NA,NA,NA,0.648046639715009,"uniform",1,NA,NA,NA,NA,NA,NA,NA,NA,NA,NA,NA,NA,"19","IA","layernorm_full",99,0.164485760460385,0.397784298744152,"uniform",FALSE
"states-kernel",NA,1004,4.66106285753597,5.55979534936515,0.726762024089338,NA,NA,NA,0.642408995949081,"uniform",1,NA,NA,NA,NA,NA,NA,NA,NA,NA,NA,NA,NA,"19","IA","layernorm_full",99,2.6992690150171,0.383892168716228,"uniform",FALSE
"states-kernel",NA,1005,4.52559485895141,5.53751397262231,0.717536845571555,NA,NA,NA,0.645269408574753,"uniform",1,NA,NA,NA,NA,NA,NA,NA,NA,NA,NA,NA,NA,"19","IA","layernorm_full",99,2.48325617359441,0.318581490785959,"uniform",FALSE
"states-kernel",NA,1001,3.64948236276142,4.57164740835456,0.837932475210661,NA,NA,NA,0.824975446394488,"uniform",1,NA,NA,NA,NA,NA,NA,NA,NA,NA,NA,NA,NA,"20","KS","layernorm_full",105,-0.976608039716352,0.389626552701445,"uniform",FALSE
"states-kernel",NA,1002,3.64062819997938,4.56484310781285,0.845387642605985,NA,NA,NA,0.825496061085151,"uniform",1,NA,NA,NA,NA,NA,NA,NA,NA,NA,NA,NA,NA,"20","KS","layernorm_full",105,-1.54068776440753,0.263837416185683,"uniform",FALSE
"states-kernel",NA,1003,3.53635458011677,4.60119720491381,0.836467558252979,NA,NA,NA,0.822705518534896,"uniform",1,NA,NA,NA,NA,NA,NA,NA,NA,NA,NA,NA,NA,"20","KS","layernorm_full",105,-1.26527127251121,0.258059858305707,"uniform",FALSE
"states-kernel",NA,1004,4.6153468848066,5.55471629202073,0.844277541233719,NA,NA,NA,0.741609056599658,"uniform",1,NA,NA,NA,NA,NA,NA,NA,NA,NA,NA,NA,NA,"20","KS","layernorm_full",105,-3.49425554915116,0.266880892442791,"uniform",FALSE
"states-kernel",NA,1005,3.51274239319328,4.47498405150723,0.852410966432217,NA,NA,NA,0.832298669992848,"uniform",1,NA,NA,NA,NA,NA,NA,NA,NA,NA,NA,NA,NA,"20","KS","layernorm_full",105,-1.52829866788476,0.254538817263615,"uniform",FALSE
"states-kernel",NA,1001,3.91599155685332,4.93317381975764,0.668752677477892,NA,NA,NA,0.656445051854749,"uniform",1,NA,NA,NA,NA,NA,NA,NA,NA,NA,NA,NA,NA,"21","KY","layernorm_full",120,0.396122575802968,0.364893175993138,"uniform",FALSE
"states-kernel",NA,1002,4.05416896375018,4.92923124528854,0.67808548447551,NA,NA,NA,0.656993968136497,"uniform",1,NA,NA,NA,NA,NA,NA,NA,NA,NA,NA,NA,NA,"21","KY","layernorm_full",120,-1.21339494706143,0.355232554151728,"uniform",FALSE
"states-kernel",NA,1003,4.15406596119095,5.1629076283748,0.643597146543588,NA,NA,NA,0.623701851169935,"uniform",1,NA,NA,NA,NA,NA,NA,NA,NA,NA,NA,NA,NA,"21","KY","layernorm_full",120,-1.16386654506307,0.393134751888761,"uniform",FALSE
"states-kernel",NA,1004,4.10804755422118,5.02129540606559,0.653822699361729,NA,NA,NA,0.644061541072088,"uniform",1,NA,NA,NA,NA,NA,NA,NA,NA,NA,NA,NA,NA,"21","KY","layernorm_full",120,-0.580940412114276,0.374401627693421,"uniform",FALSE
"states-kernel",NA,1005,4.17332851382366,5.02902398213556,0.656254756502987,NA,NA,NA,0.642965005509522,"uniform",1,NA,NA,NA,NA,NA,NA,NA,NA,NA,NA,NA,NA,"21","KY","layernorm_full",120,-0.90604505654283,0.371210248242589,"uniform",FALSE
"states-kernel",NA,1001,6.07608559687989,7.60622448871722,0.81818966183676,NA,NA,NA,0.721558163964264,"uniform",1,NA,NA,NA,NA,NA,NA,NA,NA,NA,NA,NA,NA,"22","LA","layernorm_full",64,-4.47817504950483,0.238862165473602,"uniform",FALSE
"states-kernel",NA,1002,5.75973766129014,7.02512216698967,0.849715607241388,NA,NA,NA,0.762477928082752,"uniform",1,NA,NA,NA,NA,NA,NA,NA,NA,NA,NA,NA,NA,"22","LA","layernorm_full",64,-4.2527535729121,0.314147872710468,"uniform",FALSE
"states-kernel",NA,1003,5.40293504075495,6.85453545020525,0.850624683364789,NA,NA,NA,0.77387308144665,"uniform",1,NA,NA,NA,NA,NA,NA,NA,NA,NA,NA,NA,NA,"22","LA","layernorm_full",64,-3.99209632166197,0.118825034648487,"uniform",FALSE
"states-kernel",NA,1004,5.24932660485933,6.64821115303744,0.837733764630406,NA,NA,NA,0.787281226601526,"uniform",1,NA,NA,NA,NA,NA,NA,NA,NA,NA,NA,NA,NA,"22","LA","layernorm_full",64,-3.18359496915541,0.177572192341229,"uniform",FALSE
"states-kernel",NA,1005,4.75033201426451,6.43764309486706,0.818519973096483,NA,NA,NA,0.800542669566789,"uniform",1,NA,NA,NA,NA,NA,NA,NA,NA,NA,NA,NA,NA,"22","LA","layernorm_full",64,-1.92409011799085,0.124097020578579,"uniform",FALSE
"states-kernel",NA,1001,7.43900615537617,8.87414408920336,0.832723916819116,NA,NA,NA,0.77600709789117,"uniform",1,NA,NA,NA,NA,NA,NA,NA,NA,NA,NA,NA,NA,"24","MD","layernorm_full",24,-2.92738618226839,0.473045637931077,"uniform",FALSE
"states-kernel",NA,1002,7.67365709518519,9.40218653302238,0.785075467303862,NA,NA,NA,0.748557300530901,"uniform",1,NA,NA,NA,NA,NA,NA,NA,NA,NA,NA,NA,NA,"24","MD","layernorm_full",24,-2.55710644692105,0.395558745634599,"uniform",FALSE
"states-kernel",NA,1003,6.61998423035659,8.21904282720938,0.874764459223641,NA,NA,NA,0.807857343250139,"uniform",1,NA,NA,NA,NA,NA,NA,NA,NA,NA,NA,NA,NA,"24","MD","layernorm_full",24,-3.13080825769971,0.279579174390323,"uniform",FALSE
"states-kernel",NA,1004,8.4932082942343,9.77661427901511,0.833273813778802,NA,NA,NA,0.72813189082364,"uniform",1,NA,NA,NA,NA,NA,NA,NA,NA,NA,NA,NA,NA,"24","MD","layernorm_full",24,-3.75532925386138,0.415173101410652,"uniform",FALSE
"states-kernel",NA,1005,8.91856467608789,10.006657451355,0.849502976272769,NA,NA,NA,0.715187286835253,"uniform",1,NA,NA,NA,NA,NA,NA,NA,NA,NA,NA,NA,NA,"24","MD","layernorm_full",24,-4.37166386229853,0.539305550241276,"uniform",FALSE
"states-kernel",NA,1001,4.79560270777486,6.15035810151253,0.677126472133811,NA,NA,NA,0.557925809168098,"uniform",1,NA,NA,NA,NA,NA,NA,NA,NA,NA,NA,NA,NA,"26","MI","layernorm_full",83,-0.488840974420614,0.433944577485874,"uniform",FALSE
"states-kernel",NA,1002,3.91488983671918,4.94547048776239,0.764573989177305,NA,NA,NA,0.714168832265712,"uniform",1,NA,NA,NA,NA,NA,NA,NA,NA,NA,NA,NA,NA,"26","MI","layernorm_full",83,0.408242076187033,0.321722265290783,"uniform",FALSE
"states-kernel",NA,1003,4.84535851433823,6.52097311736505,0.674987479181905,NA,NA,NA,0.503042585958275,"uniform",1,NA,NA,NA,NA,NA,NA,NA,NA,NA,NA,NA,NA,"26","MI","layernorm_full",83,1.36088119846829,0.530460333864738,"uniform",FALSE
"states-kernel",NA,1004,4.01063260597415,5.10335446724171,0.742688480011882,NA,NA,NA,0.695627211254183,"uniform",1,NA,NA,NA,NA,NA,NA,NA,NA,NA,NA,NA,NA,"26","MI","layernorm_full",83,-0.717234160171228,0.382705716014753,"uniform",FALSE
"states-kernel",NA,1005,4.23081360315468,5.46087713961288,0.707723533050819,NA,NA,NA,0.651486852729121,"uniform",1,NA,NA,NA,NA,NA,NA,NA,NA,NA,NA,NA,NA,"26","MI","layernorm_full",83,0.550281525542706,0.504310535050193,"uniform",FALSE
"states-kernel",NA,1001,4.94968455625779,6.12782803104314,0.613201774190357,NA,NA,NA,0.586238793285061,"uniform",1,NA,NA,NA,NA,NA,NA,NA,NA,NA,NA,NA,NA,"27","MN","layernorm_full",87,-1.3600328006714,0.505087120498232,"uniform",FALSE
"states-kernel",NA,1002,5.91893024949516,7.16916819559973,0.572966909433876,NA,NA,NA,0.433663997640797,"uniform",1,NA,NA,NA,NA,NA,NA,NA,NA,NA,NA,NA,NA,"27","MN","layernorm_full",87,-3.47748743948896,0.528183647788684,"uniform",FALSE
"states-kernel",NA,1003,7.30856825214891,8.61929977626911,0.527631631819463,NA,NA,NA,0.18138329434744,"uniform",1,NA,NA,NA,NA,NA,NA,NA,NA,NA,NA,NA,NA,"27","MN","layernorm_full",87,-5.47102102198722,0.542706188339549,"uniform",FALSE
"states-kernel",NA,1004,6.4251168588226,7.79744844405217,0.50743867294034,NA,NA,NA,0.330051134827959,"uniform",1,NA,NA,NA,NA,NA,NA,NA,NA,NA,NA,NA,NA,"27","MN","layernorm_full",87,-3.51033529642318,0.57430905783236,"uniform",FALSE
"states-kernel",NA,1005,6.34548660266782,7.60325777646695,0.509975147639155,NA,NA,NA,0.363004944052189,"uniform",1,NA,NA,NA,NA,NA,NA,NA,NA,NA,NA,NA,NA,"27","MN","layernorm_full",87,-3.54219566781653,0.570724139949834,"uniform",FALSE
"states-kernel",NA,1001,3.83179657856085,5.09244970821307,0.961948307151949,NA,NA,NA,0.929440838252199,"uniform",1,NA,NA,NA,NA,NA,NA,NA,NA,NA,NA,NA,NA,"28","MS","layernorm_full",82,2.50442880244587,0.134904505434906,"uniform",FALSE
"states-kernel",NA,1002,3.5533441324399,4.80602445138826,0.956301810372485,NA,NA,NA,0.937154835509476,"uniform",1,NA,NA,NA,NA,NA,NA,NA,NA,NA,NA,NA,NA,"28","MS","layernorm_full",82,1.76059397046368,0.092600426107406,"uniform",FALSE
"states-kernel",NA,1003,3.59022791436115,4.75210116467172,0.952535740157556,NA,NA,NA,0.938557161568414,"uniform",1,NA,NA,NA,NA,NA,NA,NA,NA,NA,NA,NA,NA,"28","MS","layernorm_full",82,1.18486555690805,0.181873076556251,"uniform",FALSE
"states-kernel",NA,1004,3.65173944171272,4.70695109634352,0.940279291725058,NA,NA,NA,0.93971916109762,"uniform",1,NA,NA,NA,NA,NA,NA,NA,NA,NA,NA,NA,NA,"28","MS","layernorm_full",82,0.173083702651696,0.116572022832198,"uniform",FALSE
"states-kernel",NA,1005,3.35885762820745,4.60829273541817,0.951869976889076,NA,NA,NA,0.942219667889525,"uniform",1,NA,NA,NA,NA,NA,NA,NA,NA,NA,NA,NA,NA,"28","MS","layernorm_full",82,1.3514755044862,0.0563501246188827,"uniform",FALSE
"states-kernel",NA,1001,3.17876008973228,4.09645712964667,0.843987229347138,NA,NA,NA,0.812876263315008,"uniform",1,NA,NA,NA,NA,NA,NA,NA,NA,NA,NA,NA,NA,"29","MO","layernorm_full",115,1.58454630613295,0.311911622782468,"uniform",FALSE
"states-kernel",NA,1002,3.30163669957301,4.22915129213165,0.832004030502181,NA,NA,NA,0.800557138613273,"uniform",1,NA,NA,NA,NA,NA,NA,NA,NA,NA,NA,NA,NA,"29","MO","layernorm_full",115,1.2994999133139,0.284547257960536,"uniform",FALSE
"states-kernel",NA,1003,3.91847752813034,4.93020559960043,0.841047353597793,NA,NA,NA,0.728954554444996,"uniform",1,NA,NA,NA,NA,NA,NA,NA,NA,NA,NA,NA,NA,"29","MO","layernorm_full",115,3.14830897353674,0.413151650996624,"uniform",FALSE
"states-kernel",NA,1004,3.16859382421754,4.13346649807002,0.824900605675001,NA,NA,NA,0.80947985784448,"uniform",1,NA,NA,NA,NA,NA,NA,NA,NA,NA,NA,NA,NA,"29","MO","layernorm_full",115,0.948602208712949,0.311346002605545,"uniform",FALSE
"states-kernel",NA,1005,3.58038110010174,4.49601001415419,0.856335399348496,NA,NA,NA,0.774593418461379,"uniform",1,NA,NA,NA,NA,NA,NA,NA,NA,NA,NA,NA,NA,"29","MO","layernorm_full",115,2.57255978610863,0.262584226964152,"uniform",FALSE
"states-kernel",NA,1001,5.49613657449254,7.82819183454487,0.699060335075202,NA,NA,NA,0.682359241654279,"uniform",1,NA,NA,NA,NA,NA,NA,NA,NA,NA,NA,NA,NA,"30","MT","layernorm_full",56,1.77886853959123,-0.0965009781193607,"uniform",FALSE
"states-kernel",NA,1002,5.6662382859191,7.66003069168102,0.71839659454648,NA,NA,NA,0.695859451981116,"uniform",1,NA,NA,NA,NA,NA,NA,NA,NA,NA,NA,NA,NA,"30","MT","layernorm_full",56,-0.705848147581802,-0.00938242117529591,"uniform",FALSE
"states-kernel",NA,1003,5.8421665712888,7.70364583888623,0.734848104202063,NA,NA,NA,0.692386123942965,"uniform",1,NA,NA,NA,NA,NA,NA,NA,NA,NA,NA,NA,NA,"30","MT","layernorm_full",56,2.85912245660188,-0.0446404004210086,"uniform",FALSE
"states-kernel",NA,1004,4.51141718915821,6.3826548144145,0.792587328902461,NA,NA,NA,0.788837876887422,"uniform",1,NA,NA,NA,NA,NA,NA,NA,NA,NA,NA,NA,NA,"30","MT","layernorm_full",56,0.586370707386604,-0.18249879311035,"uniform",FALSE
"states-kernel",NA,1005,6.8368926864393,10.1119758164918,0.548704030949657,NA,NA,NA,0.469988431182972,"uniform",1,NA,NA,NA,NA,NA,NA,NA,NA,NA,NA,NA,NA,"30","MT","layernorm_full",56,3.8128158664594,-0.0480205234673361,"uniform",FALSE
"states-kernel",NA,1001,4.40903276162884,5.48993232537088,0.873652966333154,NA,NA,NA,0.655983101028963,"uniform",1,NA,NA,NA,NA,NA,NA,NA,NA,NA,NA,NA,NA,"31","NE","layernorm_full",93,-3.94922018324827,0.286053237352406,"uniform",FALSE
"states-kernel",NA,1002,3.84348999461581,4.73788248236308,0.858858241899111,NA,NA,NA,0.743779211361137,"uniform",1,NA,NA,NA,NA,NA,NA,NA,NA,NA,NA,NA,NA,"31","NE","layernorm_full",93,-2.93546051636539,0.208338277632364,"uniform",FALSE
"states-kernel",NA,1003,5.03001260457596,5.92506963968008,0.776304338505054,NA,NA,NA,0.599287663339007,"uniform",1,NA,NA,NA,NA,NA,NA,NA,NA,NA,NA,NA,NA,"31","NE","layernorm_full",93,-3.9116942734893,0.290925828774626,"uniform",FALSE
"states-kernel",NA,1004,4.47409042066737,5.41093780873738,0.869924786138842,NA,NA,NA,0.665811978173402,"uniform",1,NA,NA,NA,NA,NA,NA,NA,NA,NA,NA,NA,NA,"31","NE","layernorm_full",93,-3.92497857067186,0.33079682979817,"uniform",FALSE
"states-kernel",NA,1005,4.54785683862497,5.26318173716767,0.848688162849588,NA,NA,NA,0.683814079141681,"uniform",1,NA,NA,NA,NA,NA,NA,NA,NA,NA,NA,NA,NA,"31","NE","layernorm_full",93,-3.78152617749898,0.198968342410839,"uniform",FALSE
"states-kernel",NA,1001,7.04984125779494,7.85127288446349,0.792179211633676,NA,NA,NA,0.646866814366024,"uniform",1,NA,NA,NA,NA,NA,NA,NA,NA,NA,NA,NA,NA,"34","NJ","layernorm_full",21,-2.9673567521555,0.565917707961855,"uniform",FALSE
"states-kernel",NA,1002,7.29535451908378,8.57136258037621,0.769854765588815,NA,NA,NA,0.57912016243639,"uniform",1,NA,NA,NA,NA,NA,NA,NA,NA,NA,NA,NA,NA,"34","NJ","layernorm_full",21,-0.986442718183311,0.579451434315822,"uniform",FALSE
"states-kernel",NA,1003,7.10902365784995,8.48995639406658,0.721712525516011,NA,NA,NA,0.587076778454229,"uniform",1,NA,NA,NA,NA,NA,NA,NA,NA,NA,NA,NA,NA,"34","NJ","layernorm_full",21,-0.0144186071029379,0.616139693926113,"uniform",FALSE
"states-kernel",NA,1004,5.03017616653612,6.27823359344737,0.836023101894428,NA,NA,NA,0.774195117389715,"uniform",1,NA,NA,NA,NA,NA,NA,NA,NA,NA,NA,NA,NA,"34","NJ","layernorm_full",21,-0.589009644015387,0.487302484099305,"uniform",FALSE
"states-kernel",NA,1005,7.03903326961183,7.92204469214825,0.742943117211461,NA,NA,NA,0.640471797064628,"uniform",1,NA,NA,NA,NA,NA,NA,NA,NA,NA,NA,NA,NA,"34","NJ","layernorm_full",21,-1.4536370595875,0.621681219326154,"uniform",FALSE
"states-kernel",NA,1001,10.6522139959894,12.9510533871673,0.624862333427365,NA,NA,NA,0.500773530755671,"uniform",1,NA,NA,NA,NA,NA,NA,NA,NA,NA,NA,NA,NA,"35","NM","layernorm_full",33,-1.85058495255924,0.396890548076784,"uniform",FALSE
"states-kernel",NA,1002,14.5619385505751,16.5833592531926,0.438658711692067,NA,NA,NA,0.181474083345291,"uniform",1,NA,NA,NA,NA,NA,NA,NA,NA,NA,NA,NA,NA,"35","NM","layernorm_full",33,-8.51566168305826,0.435155567495886,"uniform",FALSE
"states-kernel",NA,1003,11.7338121748106,14.7992486753596,0.523876934650638,NA,NA,NA,0.348121358045701,"uniform",1,NA,NA,NA,NA,NA,NA,NA,NA,NA,NA,NA,NA,"35","NM","layernorm_full",33,5.29283489536367,0.435526305031452,"uniform",FALSE
"states-kernel",NA,1004,12.1060040710755,14.3495661744064,0.478769060523438,NA,NA,NA,0.387134803437984,"uniform",1,NA,NA,NA,NA,NA,NA,NA,NA,NA,NA,NA,NA,"35","NM","layernorm_full",33,-4.69459384896146,0.514834606822739,"uniform",FALSE
"states-kernel",NA,1005,11.0502950193352,13.8190773779057,0.585731367349551,NA,NA,NA,0.431611197265745,"uniform",1,NA,NA,NA,NA,NA,NA,NA,NA,NA,NA,NA,NA,"35","NM","layernorm_full",33,-6.44706066821853,0.40598331764712,"uniform",FALSE
"states-kernel",NA,1001,4.79482161585556,6.51810533754443,0.822020257423034,NA,NA,NA,0.78502495409933,"uniform",1,NA,NA,NA,NA,NA,NA,NA,NA,NA,NA,NA,NA,"36","NY","layernorm_full",62,2.05061647322732,0.522439609631103,"uniform",FALSE
"states-kernel",NA,1002,5.55796196194877,7.03992693224508,0.753547936060584,NA,NA,NA,0.749226521503366,"uniform",1,NA,NA,NA,NA,NA,NA,NA,NA,NA,NA,NA,NA,"36","NY","layernorm_full",62,0.541703533286189,0.544693257965642,"uniform",FALSE
"states-kernel",NA,1003,5.03704554042559,6.40396795350173,0.803450467766875,NA,NA,NA,0.792487816176819,"uniform",1,NA,NA,NA,NA,NA,NA,NA,NA,NA,NA,NA,NA,"36","NY","layernorm_full",62,0.275345055922512,0.486303309885054,"uniform",FALSE
"states-kernel",NA,1004,5.16373027943323,6.43388045078769,0.795042153687997,NA,NA,NA,0.790544738259433,"uniform",1,NA,NA,NA,NA,NA,NA,NA,NA,NA,NA,NA,NA,"36","NY","layernorm_full",62,-0.9125957812324,0.436293800945838,"uniform",FALSE
"states-kernel",NA,1005,5.66399564216445,7.10122726060268,0.77151932231254,NA,NA,NA,0.744840275762327,"uniform",1,NA,NA,NA,NA,NA,NA,NA,NA,NA,NA,NA,NA,"36","NY","layernorm_full",62,-1.97806995299305,0.491056171031508,"uniform",FALSE
"states-kernel",NA,1001,5.18034817604311,6.5106385748555,0.887816546246903,NA,NA,NA,0.784576860484925,"uniform",1,NA,NA,NA,NA,NA,NA,NA,NA,NA,NA,NA,NA,"37","NC","layernorm_full",100,4.50615218418414,0.307652763194394,"uniform",FALSE
"states-kernel",NA,1002,3.76815591828395,5.1097661873634,0.896441281864856,NA,NA,NA,0.867307238272367,"uniform",1,NA,NA,NA,NA,NA,NA,NA,NA,NA,NA,NA,NA,"37","NC","layernorm_full",100,1.98091532558088,0.178280124778268,"uniform",FALSE
"states-kernel",NA,1003,5.15700083294911,6.755140395504,0.878946290278128,NA,NA,NA,0.76809295820811,"uniform",1,NA,NA,NA,NA,NA,NA,NA,NA,NA,NA,NA,NA,"37","NC","layernorm_full",100,4.43350078147559,0.32304013636613,"uniform",FALSE
"states-kernel",NA,1004,4.76631231524951,6.18593836206956,0.887252037313591,NA,NA,NA,0.805528325629759,"uniform",1,NA,NA,NA,NA,NA,NA,NA,NA,NA,NA,NA,NA,"37","NC","layernorm_full",100,4.00679433622371,0.121459844686256,"uniform",FALSE
"states-kernel",NA,1005,4.23799404917036,5.61329899535774,0.886266637874081,NA,NA,NA,0.839866746180045,"uniform",1,NA,NA,NA,NA,NA,NA,NA,NA,NA,NA,NA,NA,"37","NC","layernorm_full",100,2.17442888473805,0.305111740906049,"uniform",FALSE
"states-kernel",NA,1001,8.21668410833028,9.97680027714591,0.609788850114617,NA,NA,NA,0.403798607799188,"uniform",1,NA,NA,NA,NA,NA,NA,NA,NA,NA,NA,NA,NA,"38","ND","layernorm_full",53,-5.82161920513929,0.196794261336749,"uniform",FALSE
"states-kernel",NA,1002,6.41953800549791,8.02791123760701,0.702796556666215,NA,NA,NA,0.613974891953464,"uniform",1,NA,NA,NA,NA,NA,NA,NA,NA,NA,NA,NA,NA,"38","ND","layernorm_full",53,-3.85051021712508,0.0611010657351847,"uniform",FALSE
"states-kernel",NA,1003,7.37305099535549,8.88441380311338,0.678926277727989,NA,NA,NA,0.527210322861618,"uniform",1,NA,NA,NA,NA,NA,NA,NA,NA,NA,NA,NA,NA,"38","ND","layernorm_full",53,-4.82133453375225,0.121019212351688,"uniform",FALSE
"states-kernel",NA,1004,6.80388664298644,8.64212501789711,0.613698468260131,NA,NA,NA,0.552645800703404,"uniform",1,NA,NA,NA,NA,NA,NA,NA,NA,NA,NA,NA,NA,"38","ND","layernorm_full",53,-2.93737389898773,0.0706465697929345,"uniform",FALSE
"states-kernel",NA,1005,5.8067165637966,7.88633852751391,0.633438552307585,NA,NA,NA,0.627469993125476,"uniform",1,NA,NA,NA,NA,NA,NA,NA,NA,NA,NA,NA,NA,"38","ND","layernorm_full",53,-0.989529656736134,0.0546271951049623,"uniform",FALSE
"states-kernel",NA,1001,5.36760174279505,6.68616138278943,0.661113443816959,NA,NA,NA,0.624162468831612,"uniform",1,NA,NA,NA,NA,NA,NA,NA,NA,NA,NA,NA,NA,"39","OH","layernorm_full",88,-2.09584795638158,0.639056313530118,"uniform",FALSE
"states-kernel",NA,1002,5.14810205427042,6.41166523234792,0.658212432299957,NA,NA,NA,0.654388556119271,"uniform",1,NA,NA,NA,NA,NA,NA,NA,NA,NA,NA,NA,NA,"39","OH","layernorm_full",88,-0.621775663317356,0.608540621789437,"uniform",FALSE
"states-kernel",NA,1003,4.99857360833074,6.22311578120695,0.676017934487124,NA,NA,NA,0.67441664123965,"uniform",1,NA,NA,NA,NA,NA,NA,NA,NA,NA,NA,NA,NA,"39","OH","layernorm_full",88,0.336942676684306,0.646648753563557,"uniform",FALSE
"states-kernel",NA,1004,4.8079737118281,5.7615222980686,0.724724340026849,NA,NA,NA,0.720925001619596,"uniform",1,NA,NA,NA,NA,NA,NA,NA,NA,NA,NA,NA,NA,"39","OH","layernorm_full",88,-0.0177287384246001,0.636649429308031,"uniform",FALSE
"states-kernel",NA,1005,4.890585093709,5.93791052662964,0.712569335144461,NA,NA,NA,0.703575746085806,"uniform",1,NA,NA,NA,NA,NA,NA,NA,NA,NA,NA,NA,NA,"39","OH","layernorm_full",88,-0.966163569554003,0.621864084009654,"uniform",FALSE
"states-kernel",NA,1001,2.99163016657426,4.15166058646974,0.723493929420584,NA,NA,NA,0.684262445187852,"uniform",1,NA,NA,NA,NA,NA,NA,NA,NA,NA,NA,NA,NA,"40","OK","layernorm_full",77,-0.865870132430235,0.448942831984341,"uniform",FALSE
"states-kernel",NA,1002,3.33997543034143,4.43463884048014,0.66926536630106,NA,NA,NA,0.639754079142404,"uniform",1,NA,NA,NA,NA,NA,NA,NA,NA,NA,NA,NA,NA,"40","OK","layernorm_full",77,0.297511601368232,0.375779928624855,"uniform",FALSE
"states-kernel",NA,1003,3.28013409548998,4.56918920783659,0.703641954352056,NA,NA,NA,0.617562171345621,"uniform",1,NA,NA,NA,NA,NA,NA,NA,NA,NA,NA,NA,NA,"40","OK","layernorm_full",77,-1.69568056207418,0.369830463515612,"uniform",FALSE
"states-kernel",NA,1004,3.45191317636047,4.59815030190618,0.699632899526529,NA,NA,NA,0.612698761843674,"uniform",1,NA,NA,NA,NA,NA,NA,NA,NA,NA,NA,NA,NA,"40","OK","layernorm_full",77,0.103742116089851,0.420825985829588,"uniform",FALSE
"states-kernel",NA,1005,3.09491391806428,4.19472232694587,0.700149331015128,NA,NA,NA,0.677678708646241,"uniform",1,NA,NA,NA,NA,NA,NA,NA,NA,NA,NA,NA,NA,"40","OK","layernorm_full",77,-0.538853411562465,0.426321180651711,"uniform",FALSE
"states-kernel",NA,1001,4.38900827968362,5.53989315644287,0.889589713765127,NA,NA,NA,0.880230243623,"uniform",1,NA,NA,NA,NA,NA,NA,NA,NA,NA,NA,NA,NA,"41","OR","layernorm_full",36,-0.490244738056698,0.279238462843104,"uniform",FALSE
"states-kernel",NA,1002,6.11027053110795,7.46449465341393,0.897304848085278,NA,NA,NA,0.782557110315277,"uniform",1,NA,NA,NA,NA,NA,NA,NA,NA,NA,NA,NA,NA,"41","OR","layernorm_full",36,-5.37049818244314,0.248923848446716,"uniform",FALSE
"states-kernel",NA,1003,5.16288663490707,6.48474819166863,0.880362251685587,NA,NA,NA,0.835891671609315,"uniform",1,NA,NA,NA,NA,NA,NA,NA,NA,NA,NA,NA,NA,"41","OR","layernorm_full",36,-3.35348041053862,0.291299436049894,"uniform",FALSE
"states-kernel",NA,1004,4.24508359091397,5.54933355498111,0.889529063199401,NA,NA,NA,0.879821702310582,"uniform",1,NA,NA,NA,NA,NA,NA,NA,NA,NA,NA,NA,NA,"41","OR","layernorm_full",36,-1.4012748733789,0.335917325765599,"uniform",FALSE
"states-kernel",NA,1005,5.09623846007759,6.87112004552761,0.84591274757358,NA,NA,NA,0.815753409184788,"uniform",1,NA,NA,NA,NA,NA,NA,NA,NA,NA,NA,NA,NA,"41","OR","layernorm_full",36,-2.4518539929182,0.363115730832663,"uniform",FALSE
"states-kernel",NA,1001,6.95824868824945,8.28905040663861,0.75266980230716,NA,NA,NA,0.58003098105347,"uniform",1,NA,NA,NA,NA,NA,NA,NA,NA,NA,NA,NA,NA,"42","PA","layernorm_full",67,5.27649362279762,0.527391654651705,"uniform",FALSE
"states-kernel",NA,1002,7.50302532309053,8.91680589477224,0.779146055888423,NA,NA,NA,0.514011135783531,"uniform",1,NA,NA,NA,NA,NA,NA,NA,NA,NA,NA,NA,NA,"42","PA","layernorm_full",67,6.32855365743846,0.530077839492793,"uniform",FALSE
"states-kernel",NA,1003,7.04915887589344,8.61530494277083,0.752726135564286,NA,NA,NA,0.546320661867461,"uniform",1,NA,NA,NA,NA,NA,NA,NA,NA,NA,NA,NA,NA,"42","PA","layernorm_full",67,5.65499857822543,0.586620174495099,"uniform",FALSE
"states-kernel",NA,1004,7.60220146836494,9.07553174561513,0.705827735076013,NA,NA,NA,0.496555207514633,"uniform",1,NA,NA,NA,NA,NA,NA,NA,NA,NA,NA,NA,NA,"42","PA","layernorm_full",67,5.84047366259277,0.547904422837941,"uniform",FALSE
"states-kernel",NA,1005,7.30613730534629,8.93328593920938,0.707474375621897,NA,NA,NA,0.512213066071,"uniform",1,NA,NA,NA,NA,NA,NA,NA,NA,NA,NA,NA,NA,"42","PA","layernorm_full",67,5.49000043081269,0.567526473852753,"uniform",FALSE
"states-kernel",NA,1001,5.6097935250317,7.09369835487278,0.827933399455254,NA,NA,NA,0.695966912019208,"uniform",1,NA,NA,NA,NA,NA,NA,NA,NA,NA,NA,NA,NA,"45","SC","layernorm_full",46,-4.58015641448226,0.464441795502172,"uniform",FALSE
"states-kernel",NA,1002,4.15138285517178,5.30600029387863,0.852301914261464,NA,NA,NA,0.829897790087733,"uniform",1,NA,NA,NA,NA,NA,NA,NA,NA,NA,NA,NA,NA,"45","SC","layernorm_full",46,-1.86077477625594,0.420218392979311,"uniform",FALSE
"states-kernel",NA,1003,5.25358304784337,6.69714789866535,0.838556614920219,NA,NA,NA,0.729008794870541,"uniform",1,NA,NA,NA,NA,NA,NA,NA,NA,NA,NA,NA,NA,"45","SC","layernorm_full",46,-3.65728788303325,0.387528922856244,"uniform",FALSE
"states-kernel",NA,1004,6.28392723291767,7.75043829721863,0.856735615571876,NA,NA,NA,0.637065759775514,"uniform",1,NA,NA,NA,NA,NA,NA,NA,NA,NA,NA,NA,NA,"45","SC","layernorm_full",46,-5.953667908467,0.446916827373688,"uniform",FALSE
"states-kernel",NA,1005,5.79989889955606,7.11449673895303,0.869602607636555,NA,NA,NA,0.694181477519819,"uniform",1,NA,NA,NA,NA,NA,NA,NA,NA,NA,NA,NA,NA,"45","SC","layernorm_full",46,-4.89952808655132,0.264544416195488,"uniform",FALSE
"states-kernel",NA,1001,8.31616627186751,11.7225321313976,0.544263108719532,NA,NA,NA,0.359333941239422,"uniform",1,NA,NA,NA,NA,NA,NA,NA,NA,NA,NA,NA,NA,"46","SD","layernorm_full",66,6.27119282283272,0.10947166381822,"uniform",FALSE
"states-kernel",NA,1002,8.83918430010613,13.0074462030924,0.464600254452467,NA,NA,NA,0.211189051836936,"uniform",1,NA,NA,NA,NA,NA,NA,NA,NA,NA,NA,NA,NA,"46","SD","layernorm_full",66,7.30514019113869,0.147794016057393,"uniform",FALSE
"states-kernel",NA,1003,9.8432136236751,13.3984691273443,0.520482460213654,NA,NA,NA,0.163050580095604,"uniform",1,NA,NA,NA,NA,NA,NA,NA,NA,NA,NA,NA,NA,"46","SD","layernorm_full",66,8.51238531098259,0.140343855357766,"uniform",FALSE
"states-kernel",NA,1004,10.0741419378227,13.8074620466649,0.490917738870702,NA,NA,NA,0.111174370376157,"uniform",1,NA,NA,NA,NA,NA,NA,NA,NA,NA,NA,NA,NA,"46","SD","layernorm_full",66,8.94705417668633,0.102512585084797,"uniform",FALSE
"states-kernel",NA,1005,7.7878421750713,11.8139723780724,0.510171338889858,NA,NA,NA,0.349300077325394,"uniform",1,NA,NA,NA,NA,NA,NA,NA,NA,NA,NA,NA,NA,"46","SD","layernorm_full",66,5.70137512760996,0.160211576392306,"uniform",FALSE
"states-kernel",NA,1001,3.86164618199687,4.62310636010481,0.752239244278462,NA,NA,NA,0.749451277595535,"uniform",1,NA,NA,NA,NA,NA,NA,NA,NA,NA,NA,NA,NA,"47","TN","layernorm_full",95,0.426270547190802,0.523912694605992,"uniform",FALSE
"states-kernel",NA,1002,3.2823059304984,3.91133779819589,0.821262775030623,NA,NA,NA,0.820660864331731,"uniform",1,NA,NA,NA,NA,NA,NA,NA,NA,NA,NA,NA,NA,"47","TN","layernorm_full",95,0.0958292354454641,0.413594476340603,"uniform",FALSE
"states-kernel",NA,1003,3.53737870279675,4.18857199963331,0.799184087264713,NA,NA,NA,0.794336892846585,"uniform",1,NA,NA,NA,NA,NA,NA,NA,NA,NA,NA,NA,NA,"47","TN","layernorm_full",95,-0.295788958123222,0.459857471643503,"uniform",FALSE
"states-kernel",NA,1004,3.68780487959207,4.53751291577494,0.808114373529295,NA,NA,NA,0.758642848872105,"uniform",1,NA,NA,NA,NA,NA,NA,NA,NA,NA,NA,NA,NA,"47","TN","layernorm_full",95,2.05009137388015,0.435636525512581,"uniform",FALSE
"states-kernel",NA,1005,3.45831274733483,4.00479547823327,0.81479019240413,NA,NA,NA,0.811988200434768,"uniform",1,NA,NA,NA,NA,NA,NA,NA,NA,NA,NA,NA,NA,"47","TN","layernorm_full",95,0.465060866252222,0.393658316652092,"uniform",FALSE
"states-kernel",NA,1001,6.83003044470583,12.0779589808134,0.53310144511179,NA,NA,NA,0.465344294692015,"uniform",1,NA,NA,NA,NA,NA,NA,NA,NA,NA,NA,NA,NA,"48","TX","layernorm_full",254,2.56339644065623,0.684143662679504,"uniform",FALSE
"states-kernel",NA,1002,7.13861931131108,12.2619043493236,0.602954543437452,NA,NA,NA,0.448934841947297,"uniform",1,NA,NA,NA,NA,NA,NA,NA,NA,NA,NA,NA,NA,"48","TX","layernorm_full",254,5.30819966153282,0.688635490576161,"uniform",FALSE
"states-kernel",NA,1003,8.34609328942142,14.3104590370457,0.351345632021573,NA,NA,NA,0.249424758581179,"uniform",1,NA,NA,NA,NA,NA,NA,NA,NA,NA,NA,NA,NA,"48","TX","layernorm_full",254,4.37667922016937,0.703537513873364,"uniform",FALSE
"states-kernel",NA,1004,6.72755549624569,11.8620555236098,0.561613216857955,NA,NA,NA,0.484288269639814,"uniform",1,NA,NA,NA,NA,NA,NA,NA,NA,NA,NA,NA,NA,"48","TX","layernorm_full",254,2.22098818644305,0.731490239025565,"uniform",FALSE
"states-kernel",NA,1005,7.42046045212387,14.0071662403309,0.373797376970382,NA,NA,NA,0.280902678865812,"uniform",1,NA,NA,NA,NA,NA,NA,NA,NA,NA,NA,NA,NA,"48","TX","layernorm_full",254,4.71776397363283,0.772384219567737,"uniform",FALSE
"states-kernel",NA,1001,7.62858998443677,10.1965128104831,0.507052588310887,NA,NA,NA,0.476465210272385,"uniform",1,NA,NA,NA,NA,NA,NA,NA,NA,NA,NA,NA,NA,"49","UT","layernorm_full",29,2.43534345302796,0.0458100478539041,"uniform",FALSE
"states-kernel",NA,1002,6.43855241336007,8.5765880240801,0.653748798013184,NA,NA,NA,0.629599719692578,"uniform",1,NA,NA,NA,NA,NA,NA,NA,NA,NA,NA,NA,NA,"49","UT","layernorm_full",29,1.59101046761271,-0.036683764959231,"uniform",FALSE
"states-kernel",NA,1003,6.86471992711112,8.57117245823298,0.647967455322823,NA,NA,NA,0.630067340101752,"uniform",1,NA,NA,NA,NA,NA,NA,NA,NA,NA,NA,NA,NA,"49","UT","layernorm_full",29,-1.01143880320462,-0.0419133805823921,"uniform",FALSE
"states-kernel",NA,1004,6.46512787667034,8.78684002081259,0.702990052749772,NA,NA,NA,0.611216659522439,"uniform",1,NA,NA,NA,NA,NA,NA,NA,NA,NA,NA,NA,NA,"49","UT","layernorm_full",29,3.43239286600955,-0.0515921378747338,"uniform",FALSE
"states-kernel",NA,1005,7.32947479387932,9.4105700855744,0.560845970176586,NA,NA,NA,0.554062417563749,"uniform",1,NA,NA,NA,NA,NA,NA,NA,NA,NA,NA,NA,NA,"49","UT","layernorm_full",29,-0.899557508171626,0.095817091674174,"uniform",FALSE
"states-kernel",NA,1001,4.66862786411176,6.20789083301627,0.885801640981326,NA,NA,NA,0.868866676050147,"uniform",1,NA,NA,NA,NA,NA,NA,NA,NA,NA,NA,NA,NA,"51","VA","layernorm_full",133,1.04892897794128,0.228497214982455,"uniform",FALSE
"states-kernel",NA,1002,4.52494082379969,5.96420293023204,0.879466014302242,NA,NA,NA,0.878959767004881,"uniform",1,NA,NA,NA,NA,NA,NA,NA,NA,NA,NA,NA,NA,"51","VA","layernorm_full",133,0.319174960008054,0.25024979223381,"uniform",FALSE
"states-kernel",NA,1003,4.8639853906129,6.47970715108079,0.872802414788164,NA,NA,NA,0.857131763377365,"uniform",1,NA,NA,NA,NA,NA,NA,NA,NA,NA,NA,NA,NA,"51","VA","layernorm_full",133,1.91042059807719,0.220710412849098,"uniform",FALSE
"states-kernel",NA,1004,4.40100324389222,6.00113262141571,0.879772197502808,NA,NA,NA,0.877456190655743,"uniform",1,NA,NA,NA,NA,NA,NA,NA,NA,NA,NA,NA,NA,"51","VA","layernorm_full",133,0.522748362596084,0.117310729016435,"uniform",FALSE
"states-kernel",NA,1005,4.28396808316795,5.70010746243168,0.894283341845725,NA,NA,NA,0.889441786029776,"uniform",1,NA,NA,NA,NA,NA,NA,NA,NA,NA,NA,NA,NA,"51","VA","layernorm_full",133,0.36097885465419,0.126022044391364,"uniform",FALSE
"states-kernel",NA,1001,6.4364429765857,7.96345488555555,0.755099563494007,NA,NA,NA,0.608512836512977,"uniform",1,NA,NA,NA,NA,NA,NA,NA,NA,NA,NA,NA,NA,"53","WA","layernorm_full",39,4.81884758056672,0.198399160142323,"uniform",FALSE
"states-kernel",NA,1002,7.4019831095734,8.39570090670112,0.610747643806204,NA,NA,NA,0.564860612927283,"uniform",1,NA,NA,NA,NA,NA,NA,NA,NA,NA,NA,NA,NA,"53","WA","layernorm_full",39,2.72337007238343,0.423780367031767,"uniform",FALSE
"states-kernel",NA,1003,6.64217101105025,7.92653412273666,0.711463329664735,NA,NA,NA,0.612134505386664,"uniform",1,NA,NA,NA,NA,NA,NA,NA,NA,NA,NA,NA,NA,"53","WA","layernorm_full",39,3.99751846773419,0.196561202345149,"uniform",FALSE
"states-kernel",NA,1004,6.20472938974472,7.48189119503123,0.804800985434108,NA,NA,NA,0.654429027787038,"uniform",1,NA,NA,NA,NA,NA,NA,NA,NA,NA,NA,NA,NA,"53","WA","layernorm_full",39,4.85984082801142,0.184971682794545,"uniform",FALSE
"states-kernel",NA,1005,6.68375688711301,8.41708835113255,0.710544979586844,NA,NA,NA,0.562640816531699,"uniform",1,NA,NA,NA,NA,NA,NA,NA,NA,NA,NA,NA,NA,"53","WA","layernorm_full",39,4.89167509771313,0.223569444814745,"uniform",FALSE
"states-kernel",NA,1001,3.24549200111173,4.21280447140314,0.610694576507699,NA,NA,NA,0.606678241093779,"uniform",1,NA,NA,NA,NA,NA,NA,NA,NA,NA,NA,NA,NA,"54","WV","layernorm_full",55,-0.421959411787712,0.207679808850875,"uniform",FALSE
"states-kernel",NA,1002,3.93204638023325,5.04620542271437,0.470681913994537,NA,NA,NA,0.435667295956033,"uniform",1,NA,NA,NA,NA,NA,NA,NA,NA,NA,NA,NA,NA,"54","WV","layernorm_full",55,-0.114224739069554,0.422091484354595,"uniform",FALSE
"states-kernel",NA,1003,4.58817990715091,5.40500692589758,0.592157606987884,NA,NA,NA,0.352562460702594,"uniform",1,NA,NA,NA,NA,NA,NA,NA,NA,NA,NA,NA,NA,"54","WV","layernorm_full",55,-3.146961339373,0.325940534743096,"uniform",FALSE
"states-kernel",NA,1004,3.30347316735417,4.19554423001553,0.627051250686366,NA,NA,NA,0.609894588458182,"uniform",1,NA,NA,NA,NA,NA,NA,NA,NA,NA,NA,NA,NA,"54","WV","layernorm_full",55,-0.855571824934979,0.208326065632138,"uniform",FALSE
"states-kernel",NA,1005,3.4517844449605,4.42383835749518,0.575007897397583,NA,NA,NA,0.566285574659383,"uniform",1,NA,NA,NA,NA,NA,NA,NA,NA,NA,NA,NA,NA,"54","WV","layernorm_full",55,-0.626287712374533,0.318342107113058,"uniform",FALSE
"states-kernel",NA,1001,9.44585816479569,12.3323534287939,0.240235941788986,NA,NA,NA,-0.534840509839963,"uniform",1,NA,NA,NA,NA,NA,NA,NA,NA,NA,NA,NA,NA,"55","WI","layernorm_full",72,8.12472208200611,0.469964535500557,"uniform",FALSE
"states-kernel",NA,1002,8.72266588362417,11.9308224005977,0.218948999255704,NA,NA,NA,-0.436521366804239,"uniform",1,NA,NA,NA,NA,NA,NA,NA,NA,NA,NA,NA,NA,"55","WI","layernorm_full",72,7.22443873013559,0.398742335948867,"uniform",FALSE
"states-kernel",NA,1003,9.68701698458726,12.8951657957977,0.17676255359683,NA,NA,NA,-0.678128405899188,"uniform",1,NA,NA,NA,NA,NA,NA,NA,NA,NA,NA,NA,NA,"55","WI","layernorm_full",72,7.60966186146292,0.481070474278141,"uniform",FALSE
"states-kernel",NA,1004,9.68900759191165,12.6314555995748,0.244699701311016,NA,NA,NA,-0.61019371759269,"uniform",1,NA,NA,NA,NA,NA,NA,NA,NA,NA,NA,NA,NA,"55","WI","layernorm_full",72,8.41282576604829,0.446807244057386,"uniform",FALSE
"states-kernel",NA,1005,10.0535378618754,12.9740553897598,0.188022478008682,NA,NA,NA,-0.698724003743518,"uniform",1,NA,NA,NA,NA,NA,NA,NA,NA,NA,NA,NA,NA,"55","WI","layernorm_full",72,8.23261674080641,0.477841197057282,"uniform",FALSE
"states-kernel",NA,1001,5.11744982075598,6.77556880456565,0.841524348404997,NA,NA,NA,0.722652485245469,"uniform",1,NA,NA,NA,NA,NA,NA,NA,NA,NA,NA,NA,NA,"56","WY","layernorm_full",23,1.34080671655189,0.328000002813677,"uniform",FALSE
"states-kernel",NA,1002,4.37648796034585,6.3786654571701,0.870139400158144,NA,NA,NA,0.754194039684715,"uniform",1,NA,NA,NA,NA,NA,NA,NA,NA,NA,NA,NA,NA,"56","WY","layernorm_full",23,0.580500185653545,0.220802708070671,"uniform",FALSE
"states-kernel",NA,1003,3.83682196554889,4.99495862586451,0.891560753931588,NA,NA,NA,0.849271093150685,"uniform",1,NA,NA,NA,NA,NA,NA,NA,NA,NA,NA,NA,NA,"56","WY","layernorm_full",23,-0.89281436992205,0.179745830314289,"uniform",FALSE
"states-kernel",NA,1004,5.19867023556818,6.47084875228779,0.851853886830663,NA,NA,NA,0.747038017207644,"uniform",1,NA,NA,NA,NA,NA,NA,NA,NA,NA,NA,NA,NA,"56","WY","layernorm_full",23,-1.26535753203944,0.217909937744124,"uniform",FALSE
"states-kernel",NA,1005,3.89557040654732,4.58390910414593,0.924259399457118,NA,NA,NA,0.873058170377216,"uniform",1,NA,NA,NA,NA,NA,NA,NA,NA,NA,NA,NA,NA,"56","WY","layernorm_full",23,-1.57145505653514,0.0620324566778985,"uniform",FALSE
"states-kernel",NA,1001,4.57751693593468,5.84873131255418,0.932714141642463,NA,NA,NA,0.913650111477482,"gaussian",0.25,NA,NA,NA,NA,NA,NA,NA,NA,NA,NA,NA,NA,"01","AL","layernorm_full",67,-2.67507338415241,0.0279243541307946,"gauss_0.25x",FALSE
"states-kernel",NA,1002,4.89117743728848,5.97613842914996,0.935545657974012,NA,NA,NA,0.909847092499852,"gaussian",0.25,NA,NA,NA,NA,NA,NA,NA,NA,NA,NA,NA,NA,"01","AL","layernorm_full",67,-2.64880785953013,0.076268372507079,"gauss_0.25x",FALSE
"states-kernel",NA,1003,4.57996767809772,6.12017977180706,0.921184635364035,NA,NA,NA,0.905448853717709,"gaussian",0.25,NA,NA,NA,NA,NA,NA,NA,NA,NA,NA,NA,NA,"01","AL","layernorm_full",67,-2.43248351480583,0.0804755470208957,"gauss_0.25x",FALSE
"states-kernel",NA,1004,4.75158476886376,5.83343289821135,0.93617232850793,NA,NA,NA,0.914101248185248,"gaussian",0.25,NA,NA,NA,NA,NA,NA,NA,NA,NA,NA,NA,NA,"01","AL","layernorm_full",67,-2.01292048286589,0.2693440446763,"gauss_0.25x",FALSE
"states-kernel",NA,1005,4.24817757707744,5.05138896572012,0.95845915398704,NA,NA,NA,0.935588996918489,"gaussian",0.25,NA,NA,NA,NA,NA,NA,NA,NA,NA,NA,NA,NA,"01","AL","layernorm_full",67,-2.91645455023298,0.0600023992038324,"gauss_0.25x",FALSE
"states-kernel",NA,1001,4.20842014494451,5.63696053162315,0.824581396934766,NA,NA,NA,0.780424605859914,"gaussian",0.25,NA,NA,NA,NA,NA,NA,NA,NA,NA,NA,NA,NA,"05","AR","layernorm_full",75,-2.15389506290814,-0.0289309022834054,"gauss_0.25x",FALSE
"states-kernel",NA,1002,4.52990932575404,5.55542860488933,0.840368625407896,NA,NA,NA,0.786730463903456,"gaussian",0.25,NA,NA,NA,NA,NA,NA,NA,NA,NA,NA,NA,NA,"05","AR","layernorm_full",75,-2.77519679736798,0.0905579172470766,"gauss_0.25x",FALSE
"states-kernel",NA,1003,4.0928366993104,5.39034188418579,0.852034470316106,NA,NA,NA,0.799217292816131,"gaussian",0.25,NA,NA,NA,NA,NA,NA,NA,NA,NA,NA,NA,NA,"05","AR","layernorm_full",75,-2.41551681761223,0.0446890444943583,"gauss_0.25x",FALSE
"states-kernel",NA,1004,4.42780763682835,5.30667898704346,0.85179469227086,NA,NA,NA,0.805401576820065,"gaussian",0.25,NA,NA,NA,NA,NA,NA,NA,NA,NA,NA,NA,NA,"05","AR","layernorm_full",75,-2.50496258494559,0.0633329971209826,"gauss_0.25x",FALSE
"states-kernel",NA,1005,4.37922202969028,5.41812361899726,0.840587560692433,NA,NA,NA,0.797142297669771,"gaussian",0.25,NA,NA,NA,NA,NA,NA,NA,NA,NA,NA,NA,NA,"05","AR","layernorm_full",75,-2.50565775440871,0.0575738680761633,"gauss_0.25x",FALSE
"states-kernel",NA,1001,9.07579250076701,12.0204297472232,0.679702578090285,NA,NA,NA,0.456203986016832,"gaussian",0.25,NA,NA,NA,NA,NA,NA,NA,NA,NA,NA,NA,NA,"06","CA","layernorm_full",58,7.54527683957562,0.209375023989591,"gauss_0.25x",FALSE
"states-kernel",NA,1002,8.87063691686108,12.3106306605382,0.624516760302418,NA,NA,NA,0.429630052594053,"gaussian",0.25,NA,NA,NA,NA,NA,NA,NA,NA,NA,NA,NA,NA,"06","CA","layernorm_full",58,6.86940669421245,0.237813182292514,"gauss_0.25x",FALSE
"states-kernel",NA,1003,8.71215748378444,11.8880919176169,0.667149223177818,NA,NA,NA,0.468111819740921,"gaussian",0.25,NA,NA,NA,NA,NA,NA,NA,NA,NA,NA,NA,NA,"06","CA","layernorm_full",58,7.15804108119955,0.21145677212544,"gauss_0.25x",FALSE
"states-kernel",NA,1004,9.224622714058,12.8362663202776,0.618876032890167,NA,NA,NA,0.37988324064856,"gaussian",0.25,NA,NA,NA,NA,NA,NA,NA,NA,NA,NA,NA,NA,"06","CA","layernorm_full",58,7.7155528555861,0.299189713937411,"gauss_0.25x",FALSE
"states-kernel",NA,1005,8.45685854716249,12.0151403804177,0.630494223804659,NA,NA,NA,0.456682455390489,"gaussian",0.25,NA,NA,NA,NA,NA,NA,NA,NA,NA,NA,NA,NA,"06","CA","layernorm_full",58,6.55729598197669,0.264481372728316,"gauss_0.25x",FALSE
"states-kernel",NA,1001,7.67822905110563,10.0177176810086,0.718280906276665,NA,NA,NA,0.693865575467456,"gaussian",0.25,NA,NA,NA,NA,NA,NA,NA,NA,NA,NA,NA,NA,"08","CO","layernorm_full",64,-1.3411528663093,0.207421860610832,"gauss_0.25x",FALSE
"states-kernel",NA,1002,7.88851927472143,10.8912745518499,0.662119361123111,NA,NA,NA,0.638147144640178,"gaussian",0.25,NA,NA,NA,NA,NA,NA,NA,NA,NA,NA,NA,NA,"08","CO","layernorm_full",64,-0.320800034568865,0.245214700542485,"gauss_0.25x",FALSE
"states-kernel",NA,1003,8.77258584675642,11.4436978934237,0.650609699778906,NA,NA,NA,0.600508668370537,"gaussian",0.25,NA,NA,NA,NA,NA,NA,NA,NA,NA,NA,NA,NA,"08","CO","layernorm_full",64,-0.746270548418883,0.292733787628691,"gauss_0.25x",FALSE
"states-kernel",NA,1004,8.98638283857876,12.0077377343199,0.634487988537228,NA,NA,NA,0.5601577143389,"gaussian",0.25,NA,NA,NA,NA,NA,NA,NA,NA,NA,NA,NA,NA,"08","CO","layernorm_full",64,2.07331513672113,0.25793751006861,"gauss_0.25x",FALSE
"states-kernel",NA,1005,7.86609772472181,10.744862411695,0.712757734486077,NA,NA,NA,0.647810576814052,"gaussian",0.25,NA,NA,NA,NA,NA,NA,NA,NA,NA,NA,NA,NA,"08","CO","layernorm_full",64,-0.552403101698159,0.155729837997282,"gauss_0.25x",FALSE
"states-kernel",NA,1001,5.65754802660726,6.9784330831944,0.873171486382018,NA,NA,NA,0.748526301849891,"gaussian",0.25,NA,NA,NA,NA,NA,NA,NA,NA,NA,NA,NA,NA,"12","FL","layernorm_full",67,-1.64358323266363,0.24593597672391,"gauss_0.25x",FALSE
"states-kernel",NA,1002,6.68173037580629,8.46898930800496,0.828109623706496,NA,NA,NA,0.629626503974191,"gaussian",0.25,NA,NA,NA,NA,NA,NA,NA,NA,NA,NA,NA,NA,"12","FL","layernorm_full",67,-2.71810358039787,0.341233394504771,"gauss_0.25x",FALSE
"states-kernel",NA,1003,5.07007643352657,6.44111552148688,0.86664573541795,NA,NA,NA,0.785760814574493,"gaussian",0.25,NA,NA,NA,NA,NA,NA,NA,NA,NA,NA,NA,NA,"12","FL","layernorm_full",67,-1.88161308397736,0.187725812104146,"gauss_0.25x",FALSE
"states-kernel",NA,1004,5.3224161724531,6.91890964589166,0.848887015476731,NA,NA,NA,0.752797960121468,"gaussian",0.25,NA,NA,NA,NA,NA,NA,NA,NA,NA,NA,NA,NA,"12","FL","layernorm_full",67,-1.48124002569107,0.102183612075267,"gauss_0.25x",FALSE
"states-kernel",NA,1005,5.1082672586311,6.53816980632053,0.837317473621503,NA,NA,NA,0.779255890597668,"gaussian",0.25,NA,NA,NA,NA,NA,NA,NA,NA,NA,NA,NA,NA,"12","FL","layernorm_full",67,0.49678926165628,0.12764838911223,"gauss_0.25x",FALSE
"states-kernel",NA,1001,4.40999697234154,5.80324818658823,0.872478860014141,NA,NA,NA,0.86732142994007,"gaussian",0.25,NA,NA,NA,NA,NA,NA,NA,NA,NA,NA,NA,NA,"13","GA","layernorm_full",159,-0.435407907720054,0.149566290273616,"gauss_0.25x",FALSE
"states-kernel",NA,1002,5.11621789602358,6.41210298274268,0.850903739891135,NA,NA,NA,0.838020717403128,"gaussian",0.25,NA,NA,NA,NA,NA,NA,NA,NA,NA,NA,NA,NA,"13","GA","layernorm_full",159,0.223487499393518,0.159941754998122,"gauss_0.25x",FALSE
"states-kernel",NA,1003,4.59109786293653,5.73642068811594,0.881838114804071,NA,NA,NA,0.870359564782143,"gaussian",0.25,NA,NA,NA,NA,NA,NA,NA,NA,NA,NA,NA,NA,"13","GA","layernorm_full",159,-1.70506661727519,0.0558379186104312,"gauss_0.25x",FALSE
"states-kernel",NA,1004,4.29716612331509,5.63452805445755,0.884153214250751,NA,NA,NA,0.874924114934119,"gaussian",0.25,NA,NA,NA,NA,NA,NA,NA,NA,NA,NA,NA,NA,"13","GA","layernorm_full",159,-0.373654782396111,0.175783995282958,"gauss_0.25x",FALSE
"states-kernel",NA,1005,4.5296680501757,5.9535007901726,0.861995629323581,NA,NA,NA,0.86036209489651,"gaussian",0.25,NA,NA,NA,NA,NA,NA,NA,NA,NA,NA,NA,NA,"13","GA","layernorm_full",159,-0.624720447990081,0.145739423509337,"gauss_0.25x",FALSE
"states-kernel",NA,1001,8.78609211029085,10.773068162261,0.511297150654725,NA,NA,NA,0.161322346407731,"gaussian",0.25,NA,NA,NA,NA,NA,NA,NA,NA,NA,NA,NA,NA,"16","ID","layernorm_full",44,-6.89541827622105,0.0812687320895234,"gauss_0.25x",FALSE
"states-kernel",NA,1002,12.0003076639032,14.0971660273453,0.350766562675219,NA,NA,NA,-0.436084138126836,"gaussian",0.25,NA,NA,NA,NA,NA,NA,NA,NA,NA,NA,NA,NA,"16","ID","layernorm_full",44,-10.3550236437043,0.21866880645209,"gauss_0.25x",FALSE
"states-kernel",NA,1003,7.9285341089372,10.0611233654023,0.545003956768057,NA,NA,NA,0.268508633865551,"gaussian",0.25,NA,NA,NA,NA,NA,NA,NA,NA,NA,NA,NA,NA,"16","ID","layernorm_full",44,-5.99784284511471,0.107100820900466,"gauss_0.25x",FALSE
"states-kernel",NA,1004,9.13566569809283,11.07297849803,0.548176334997391,NA,NA,NA,0.113976645954074,"gaussian",0.25,NA,NA,NA,NA,NA,NA,NA,NA,NA,NA,NA,NA,"16","ID","layernorm_full",44,-7.49618389796898,0.148204432370106,"gauss_0.25x",FALSE
"states-kernel",NA,1005,10.7517106819691,13.1378522255701,0.326716465500911,NA,NA,NA,-0.247282994962724,"gaussian",0.25,NA,NA,NA,NA,NA,NA,NA,NA,NA,NA,NA,NA,"16","ID","layernorm_full",44,-8.69485589808576,0.195453753783243,"gauss_0.25x",FALSE
"states-kernel",NA,1001,5.29540029570809,6.314407187839,0.763623761696246,NA,NA,NA,0.732664232818728,"gaussian",0.25,NA,NA,NA,NA,NA,NA,NA,NA,NA,NA,NA,NA,"17","IL","layernorm_full",102,-2.12824447970459,0.374480206283901,"gauss_0.25x",FALSE
"states-kernel",NA,1002,5.11875263064405,6.14552630921911,0.764247049472306,NA,NA,NA,0.746772968692618,"gaussian",0.25,NA,NA,NA,NA,NA,NA,NA,NA,NA,NA,NA,NA,"17","IL","layernorm_full",102,-1.51637036265617,0.41614802787322,"gauss_0.25x",FALSE
"states-kernel",NA,1003,5.39757049000401,6.4576396157576,0.786332775851715,NA,NA,NA,0.720398492831911,"gaussian",0.25,NA,NA,NA,NA,NA,NA,NA,NA,NA,NA,NA,NA,"17","IL","layernorm_full",102,-3.13559564442322,0.271130533641346,"gauss_0.25x",FALSE
"states-kernel",NA,1004,5.14572753954862,6.26973779278314,0.79093091966512,NA,NA,NA,0.73643322887659,"gaussian",0.25,NA,NA,NA,NA,NA,NA,NA,NA,NA,NA,NA,NA,"17","IL","layernorm_full",102,-2.69057290317031,0.392158749914733,"gauss_0.25x",FALSE
"states-kernel",NA,1005,5.09380426479054,6.21849437670294,0.786311289480325,NA,NA,NA,0.740723956408231,"gaussian",0.25,NA,NA,NA,NA,NA,NA,NA,NA,NA,NA,NA,NA,"17","IL","layernorm_full",102,-2.58866677559732,0.336095129711036,"gauss_0.25x",FALSE
"states-kernel",NA,1001,3.91229164265234,5.18526372532817,0.723187528786476,NA,NA,NA,0.685712624699797,"gaussian",0.25,NA,NA,NA,NA,NA,NA,NA,NA,NA,NA,NA,NA,"18","IN","layernorm_full",92,0.844719364453321,0.159707114349141,"gauss_0.25x",FALSE
"states-kernel",NA,1002,3.89817734330125,5.0701279159612,0.726038264586123,NA,NA,NA,0.699514811632387,"gaussian",0.25,NA,NA,NA,NA,NA,NA,NA,NA,NA,NA,NA,NA,"18","IN","layernorm_full",92,0.894728411323631,0.190657452791795,"gauss_0.25x",FALSE
"states-kernel",NA,1003,3.96080726088005,5.17823287701661,0.713884567991873,NA,NA,NA,0.686564349463043,"gaussian",0.25,NA,NA,NA,NA,NA,NA,NA,NA,NA,NA,NA,NA,"18","IN","layernorm_full",92,0.842761326476735,0.182055326555068,"gauss_0.25x",FALSE
"states-kernel",NA,1004,4.15299952503917,5.23589561342114,0.705309716759956,NA,NA,NA,0.679544894103741,"gaussian",0.25,NA,NA,NA,NA,NA,NA,NA,NA,NA,NA,NA,NA,"18","IN","layernorm_full",92,-0.100511639695368,0.186963763190491,"gauss_0.25x",FALSE
"states-kernel",NA,1005,3.77216013069327,5.07152680363387,0.735276442918915,NA,NA,NA,0.699348976363129,"gaussian",0.25,NA,NA,NA,NA,NA,NA,NA,NA,NA,NA,NA,NA,"18","IN","layernorm_full",92,1.0849125356238,0.163058710073817,"gauss_0.25x",FALSE
"states-kernel",NA,1001,5.6147470952132,6.70365122136657,0.683850681105216,NA,NA,NA,0.480133545959054,"gaussian",0.25,NA,NA,NA,NA,NA,NA,NA,NA,NA,NA,NA,NA,"19","IA","layernorm_full",99,4.12542483544106,0.296903909624472,"gauss_0.25x",FALSE
"states-kernel",NA,1002,5.17058281762542,6.0895926132037,0.73038356821105,NA,NA,NA,0.571011695253519,"gaussian",0.25,NA,NA,NA,NA,NA,NA,NA,NA,NA,NA,NA,NA,"19","IA","layernorm_full",99,3.56687710077281,0.236741566283656,"gauss_0.25x",FALSE
"states-kernel",NA,1003,5.02045863901665,6.00721730450176,0.680366057116528,NA,NA,NA,0.582539241797328,"gaussian",0.25,NA,NA,NA,NA,NA,NA,NA,NA,NA,NA,NA,NA,"19","IA","layernorm_full",99,2.82022894567115,0.329710037433144,"gauss_0.25x",FALSE
"states-kernel",NA,1004,5.18909082322967,6.37933167201562,0.667267434831672,NA,NA,NA,0.529218554879302,"gaussian",0.25,NA,NA,NA,NA,NA,NA,NA,NA,NA,NA,NA,NA,"19","IA","layernorm_full",99,2.89067644892184,0.202914035642816,"gauss_0.25x",FALSE
"states-kernel",NA,1005,5.21400583349297,6.31225337842156,0.689098904124319,NA,NA,NA,0.539066981272326,"gaussian",0.25,NA,NA,NA,NA,NA,NA,NA,NA,NA,NA,NA,NA,"19","IA","layernorm_full",99,3.53040212629936,0.335467456953251,"gauss_0.25x",FALSE
"states-kernel",NA,1001,4.19461612232859,5.3104187621271,0.841140768318101,NA,NA,NA,0.76383743227242,"gaussian",0.25,NA,NA,NA,NA,NA,NA,NA,NA,NA,NA,NA,NA,"20","KS","layernorm_full",105,-2.98497362395612,0.276551165905455,"gauss_0.25x",FALSE
"states-kernel",NA,1002,4.08834961486029,5.48179282911061,0.779454809903931,NA,NA,NA,0.748348942330943,"gaussian",0.25,NA,NA,NA,NA,NA,NA,NA,NA,NA,NA,NA,NA,"20","KS","layernorm_full",105,-1.78474193903481,0.309618251275792,"gauss_0.25x",FALSE
"states-kernel",NA,1003,4.59164964551454,6.02607793369074,0.747026918016454,NA,NA,NA,0.695895384814545,"gaussian",0.25,NA,NA,NA,NA,NA,NA,NA,NA,NA,NA,NA,NA,"20","KS","layernorm_full",105,-2.38977789870241,0.302098276447112,"gauss_0.25x",FALSE
"states-kernel",NA,1004,4.14343122768038,5.47988887543282,0.798376180495997,NA,NA,NA,0.748523720460978,"gaussian",0.25,NA,NA,NA,NA,NA,NA,NA,NA,NA,NA,NA,NA,"20","KS","layernorm_full",105,-2.38034066671547,0.282103175393483,"gauss_0.25x",FALSE
"states-kernel",NA,1005,5.04122824376806,6.19235317456067,0.776813117290646,NA,NA,NA,0.678881771681431,"gaussian",0.25,NA,NA,NA,NA,NA,NA,NA,NA,NA,NA,NA,NA,"20","KS","layernorm_full",105,-3.13447003248805,0.274735575112916,"gauss_0.25x",FALSE
"states-kernel",NA,1001,4.10318515753135,5.23356045118434,0.64946384004804,NA,NA,NA,0.613332329718339,"gaussian",0.25,NA,NA,NA,NA,NA,NA,NA,NA,NA,NA,NA,NA,"21","KY","layernorm_full",120,0.34448712386285,0.354675691760877,"gauss_0.25x",FALSE
"states-kernel",NA,1002,4.18851448692185,5.258763257891,0.674378532810981,NA,NA,NA,0.60959927838929,"gaussian",0.25,NA,NA,NA,NA,NA,NA,NA,NA,NA,NA,NA,NA,"21","KY","layernorm_full",120,0.933758370354959,0.36158244784797,"gauss_0.25x",FALSE
"states-kernel",NA,1003,4.35651705232197,5.46041187538755,0.626009249064134,NA,NA,NA,0.579085218987879,"gaussian",0.25,NA,NA,NA,NA,NA,NA,NA,NA,NA,NA,NA,NA,"21","KY","layernorm_full",120,-0.346001165144703,0.344214517450691,"gauss_0.25x",FALSE
"states-kernel",NA,1004,4.2356523246639,5.33195332630567,0.649847981009679,NA,NA,NA,0.598656669646455,"gaussian",0.25,NA,NA,NA,NA,NA,NA,NA,NA,NA,NA,NA,NA,"21","KY","layernorm_full",120,0.796306819566208,0.304192482449662,"gauss_0.25x",FALSE
"states-kernel",NA,1005,4.44676927873314,5.41796422996957,0.626592895473385,NA,NA,NA,0.585603919767693,"gaussian",0.25,NA,NA,NA,NA,NA,NA,NA,NA,NA,NA,NA,NA,"21","KY","layernorm_full",120,0.585400220502136,0.298364037245755,"gauss_0.25x",FALSE
"states-kernel",NA,1001,4.91258629188338,6.16450925111715,0.870583250238037,NA,NA,NA,0.817108623633955,"gaussian",0.25,NA,NA,NA,NA,NA,NA,NA,NA,NA,NA,NA,NA,"22","LA","layernorm_full",64,-3.29034875719817,-0.0388350185020322,"gauss_0.25x",FALSE
"states-kernel",NA,1002,5.707756235159,6.99467614582827,0.861181826239665,NA,NA,NA,0.76453225010493,"gaussian",0.25,NA,NA,NA,NA,NA,NA,NA,NA,NA,NA,NA,NA,"22","LA","layernorm_full",64,-4.32159276352292,-0.00540737580957455,"gauss_0.25x",FALSE
"states-kernel",NA,1003,4.92552380538987,6.34281300013728,0.841332060786069,NA,NA,NA,0.806375626206483,"gaussian",0.25,NA,NA,NA,NA,NA,NA,NA,NA,NA,NA,NA,NA,"22","LA","layernorm_full",64,-2.62267873231938,0.0525371964976735,"gauss_0.25x",FALSE
"states-kernel",NA,1004,4.67145192350339,5.83096807801159,0.891484018687231,NA,NA,NA,0.836364495931257,"gaussian",0.25,NA,NA,NA,NA,NA,NA,NA,NA,NA,NA,NA,NA,"22","LA","layernorm_full",64,-3.38395114555345,0.00888044532609075,"gauss_0.25x",FALSE
"states-kernel",NA,1005,4.4801212051659,6.03369078490231,0.865686013736928,NA,NA,NA,0.824788620005329,"gaussian",0.25,NA,NA,NA,NA,NA,NA,NA,NA,NA,NA,NA,NA,"22","LA","layernorm_full",64,-2.89797675740795,-0.0208098425455546,"gauss_0.25x",FALSE
"states-kernel",NA,1001,8.01585692608308,9.55593385581473,0.817862499126177,NA,NA,NA,0.740266735248037,"gaussian",0.25,NA,NA,NA,NA,NA,NA,NA,NA,NA,NA,NA,NA,"24","MD","layernorm_full",24,-2.92771520917317,0.47633567856233,"gauss_0.25x",FALSE
"states-kernel",NA,1002,6.60336438414906,8.06812910204379,0.891884487591096,NA,NA,NA,0.814848607616185,"gaussian",0.25,NA,NA,NA,NA,NA,NA,NA,NA,NA,NA,NA,NA,"24","MD","layernorm_full",24,-1.91050545817555,0.365019880241105,"gauss_0.25x",FALSE
"states-kernel",NA,1003,8.003363333497,9.7928881717946,0.819964374678443,NA,NA,NA,0.727226048645071,"gaussian",0.25,NA,NA,NA,NA,NA,NA,NA,NA,NA,NA,NA,NA,"24","MD","layernorm_full",24,-2.43828261019024,0.455424332589113,"gauss_0.25x",FALSE
"states-kernel",NA,1004,6.60995920045992,7.95803564068606,0.919540790364815,NA,NA,NA,0.819867090341237,"gaussian",0.25,NA,NA,NA,NA,NA,NA,NA,NA,NA,NA,NA,NA,"24","MD","layernorm_full",24,-2.87778571699248,0.345726164528619,"gauss_0.25x",FALSE
"states-kernel",NA,1005,8.02769871054011,9.79496056332632,0.779552672045,NA,NA,NA,0.727110586437939,"gaussian",0.25,NA,NA,NA,NA,NA,NA,NA,NA,NA,NA,NA,NA,"24","MD","layernorm_full",24,-2.1317570991709,0.493457463953264,"gauss_0.25x",FALSE
"states-kernel",NA,1001,5.40962891949214,6.91659998102042,0.652412288750037,NA,NA,NA,0.440912641205874,"gaussian",0.25,NA,NA,NA,NA,NA,NA,NA,NA,NA,NA,NA,NA,"26","MI","layernorm_full",83,2.89074704393852,0.185814274108812,"gauss_0.25x",FALSE
"states-kernel",NA,1002,5.42297338928266,6.83953691444022,0.659991260861747,NA,NA,NA,0.453301666240847,"gaussian",0.25,NA,NA,NA,NA,NA,NA,NA,NA,NA,NA,NA,NA,"26","MI","layernorm_full",83,2.83072673278761,0.216003033193423,"gauss_0.25x",FALSE
"states-kernel",NA,1003,5.49664947797902,6.97100004950599,0.678094872099887,NA,NA,NA,0.432083448393654,"gaussian",0.25,NA,NA,NA,NA,NA,NA,NA,NA,NA,NA,NA,NA,"26","MI","layernorm_full",83,3.37649057610316,0.239400798519915,"gauss_0.25x",FALSE
"states-kernel",NA,1004,5.54294480551869,7.0593626321482,0.621175814203377,NA,NA,NA,0.417594673903212,"gaussian",0.25,NA,NA,NA,NA,NA,NA,NA,NA,NA,NA,NA,NA,"26","MI","layernorm_full",83,2.64184730305615,0.235089548113148,"gauss_0.25x",FALSE
"states-kernel",NA,1005,5.16967658220385,6.52248838875397,0.687446508059645,NA,NA,NA,0.502811604223711,"gaussian",0.25,NA,NA,NA,NA,NA,NA,NA,NA,NA,NA,NA,NA,"26","MI","layernorm_full",83,2.37532492917362,0.154863330104965,"gauss_0.25x",FALSE
"states-kernel",NA,1001,5.95310081070983,7.34516934501073,0.484028126897247,NA,NA,NA,0.405515880177294,"gaussian",0.25,NA,NA,NA,NA,NA,NA,NA,NA,NA,NA,NA,NA,"27","MN","layernorm_full",87,-1.31142457846017,0.475369161942682,"gauss_0.25x",FALSE
"states-kernel",NA,1002,6.06297259582795,7.43785118855234,0.461084323407416,NA,NA,NA,0.390418747356675,"gaussian",0.25,NA,NA,NA,NA,NA,NA,NA,NA,NA,NA,NA,NA,"27","MN","layernorm_full",87,-2.12805135815132,0.44356826049983,"gauss_0.25x",FALSE
"states-kernel",NA,1003,6.27967155232374,7.767954220635,0.453366140728931,NA,NA,NA,0.335109776969695,"gaussian",0.25,NA,NA,NA,NA,NA,NA,NA,NA,NA,NA,NA,NA,"27","MN","layernorm_full",87,-2.28532563851422,0.428302937013995,"gauss_0.25x",FALSE
"states-kernel",NA,1004,6.82841201956928,8.21308036611842,0.454265219656718,NA,NA,NA,0.256726281326304,"gaussian",0.25,NA,NA,NA,NA,NA,NA,NA,NA,NA,NA,NA,NA,"27","MN","layernorm_full",87,-3.67289726684716,0.505795622168379,"gauss_0.25x",FALSE
"states-kernel",NA,1005,6.21714431049897,7.7616253947103,0.437684903890911,NA,NA,NA,0.336192754589955,"gaussian",0.25,NA,NA,NA,NA,NA,NA,NA,NA,NA,NA,NA,NA,"27","MN","layernorm_full",87,-2.04413004602694,0.409989227373499,"gauss_0.25x",FALSE
"states-kernel",NA,1001,3.35165707160491,4.35428683616783,0.952011488475066,NA,NA,NA,0.948413746929118,"gaussian",0.25,NA,NA,NA,NA,NA,NA,NA,NA,NA,NA,NA,NA,"28","MS","layernorm_full",82,-0.0791723929516599,0.0473222911771675,"gauss_0.25x",FALSE
"states-kernel",NA,1002,3.5514500037117,4.92339133381218,0.937097897188872,NA,NA,NA,0.934047899938691,"gaussian",0.25,NA,NA,NA,NA,NA,NA,NA,NA,NA,NA,NA,NA,"28","MS","layernorm_full",82,0.698406957411417,-0.0329892930666355,"gauss_0.25x",FALSE
"states-kernel",NA,1003,3.53785615298598,4.84287856323282,0.951994481648419,NA,NA,NA,0.936187306922075,"gaussian",0.25,NA,NA,NA,NA,NA,NA,NA,NA,NA,NA,NA,NA,"28","MS","layernorm_full",82,1.30084163597781,0.0927783315608772,"gauss_0.25x",FALSE
"states-kernel",NA,1004,4.04277706966973,5.7080955758623,0.930309417725763,NA,NA,NA,0.911349255369724,"gaussian",0.25,NA,NA,NA,NA,NA,NA,NA,NA,NA,NA,NA,NA,"28","MS","layernorm_full",82,0.918678460231261,0.113998238039546,"gauss_0.25x",FALSE
"states-kernel",NA,1005,4.01524247320902,5.62401796501622,0.952104067429215,NA,NA,NA,0.913941590795364,"gaussian",0.25,NA,NA,NA,NA,NA,NA,NA,NA,NA,NA,NA,NA,"28","MS","layernorm_full",82,2.37464113648412,0.179582782526419,"gauss_0.25x",FALSE
"states-kernel",NA,1001,3.37358422447128,4.3435128203666,0.823133209231908,NA,NA,NA,0.789624932503746,"gaussian",0.25,NA,NA,NA,NA,NA,NA,NA,NA,NA,NA,NA,NA,"29","MO","layernorm_full",115,1.22762025476597,0.179042478369284,"gauss_0.25x",FALSE
"states-kernel",NA,1002,3.50622313508092,4.63030603306782,0.798083428876069,NA,NA,NA,0.760926497087507,"gaussian",0.25,NA,NA,NA,NA,NA,NA,NA,NA,NA,NA,NA,NA,"29","MO","layernorm_full",115,0.241967342910033,0.155933309220965,"gauss_0.25x",FALSE
"states-kernel",NA,1003,3.19721169850404,3.94963643287185,0.835992537101158,NA,NA,NA,0.82604925482907,"gaussian",0.25,NA,NA,NA,NA,NA,NA,NA,NA,NA,NA,NA,NA,"29","MO","layernorm_full",115,-0.650086283109205,0.249321558200257,"gauss_0.25x",FALSE
"states-kernel",NA,1004,2.96272281049372,4.04535885982309,0.82910601393009,NA,NA,NA,0.817515425235577,"gaussian",0.25,NA,NA,NA,NA,NA,NA,NA,NA,NA,NA,NA,NA,"29","MO","layernorm_full",115,0.468802542376949,0.177609735223039,"gauss_0.25x",FALSE
"states-kernel",NA,1005,3.27101293754152,4.36127771266267,0.803002387265935,NA,NA,NA,0.787900552584863,"gaussian",0.25,NA,NA,NA,NA,NA,NA,NA,NA,NA,NA,NA,NA,"29","MO","layernorm_full",115,0.149249308498988,0.166420494877681,"gauss_0.25x",FALSE
"states-kernel",NA,1001,6.02319891237376,8.27749584313923,0.722238320745334,NA,NA,NA,0.644850467501235,"gaussian",0.25,NA,NA,NA,NA,NA,NA,NA,NA,NA,NA,NA,NA,"30","MT","layernorm_full",56,3.74451758905107,-0.0467257725471353,"gauss_0.25x",FALSE
"states-kernel",NA,1002,6.23967797723855,8.55968137619425,0.761824482770753,NA,NA,NA,0.620223137348878,"gaussian",0.25,NA,NA,NA,NA,NA,NA,NA,NA,NA,NA,NA,NA,"30","MT","layernorm_full",56,4.5287825199485,-0.0235708622384002,"gauss_0.25x",FALSE
"states-kernel",NA,1003,5.57479413522547,7.08995998361967,0.784266674541696,NA,NA,NA,0.73944412344361,"gaussian",0.25,NA,NA,NA,NA,NA,NA,NA,NA,NA,NA,NA,NA,"30","MT","layernorm_full",56,2.14569728354901,-0.0327516153033421,"gauss_0.25x",FALSE
"states-kernel",NA,1004,5.57060578084871,7.00491012457285,0.790463068671058,NA,NA,NA,0.745657790526619,"gaussian",0.25,NA,NA,NA,NA,NA,NA,NA,NA,NA,NA,NA,NA,"30","MT","layernorm_full",56,2.85060476177848,0.0316645896684365,"gauss_0.25x",FALSE
"states-kernel",NA,1005,7.50641941776088,10.3876752121081,0.652192596775272,NA,NA,NA,0.440693290582274,"gaussian",0.25,NA,NA,NA,NA,NA,NA,NA,NA,NA,NA,NA,NA,"30","MT","layernorm_full",56,5.98796112497086,-0.00852499493068914,"gauss_0.25x",FALSE
"states-kernel",NA,1001,6.15067433057747,7.39983115723673,0.699259588612811,NA,NA,NA,0.374986474255664,"gaussian",0.25,NA,NA,NA,NA,NA,NA,NA,NA,NA,NA,NA,NA,"31","NE","layernorm_full",93,-5.1654270052546,0.154883773118643,"gauss_0.25x",FALSE
"states-kernel",NA,1002,6.49904760994802,7.74543529959528,0.713457542478046,NA,NA,NA,0.31524146227208,"gaussian",0.25,NA,NA,NA,NA,NA,NA,NA,NA,NA,NA,NA,NA,"31","NE","layernorm_full",93,-5.76814592669968,0.129787546592732,"gauss_0.25x",FALSE
"states-kernel",NA,1003,6.64168625580096,8.00000112332667,0.678473011501318,NA,NA,NA,0.269490461818694,"gaussian",0.25,NA,NA,NA,NA,NA,NA,NA,NA,NA,NA,NA,NA,"31","NE","layernorm_full",93,-5.77595028375053,0.160799307304268,"gauss_0.25x",FALSE
"states-kernel",NA,1004,6.0900730170149,7.54015887108761,0.651221025416733,NA,NA,NA,0.351056647610629,"gaussian",0.25,NA,NA,NA,NA,NA,NA,NA,NA,NA,NA,NA,NA,"31","NE","layernorm_full",93,-4.88911753347352,0.201047896972966,"gauss_0.25x",FALSE
"states-kernel",NA,1005,6.42895173811739,7.91148219298124,0.649904055966387,NA,NA,NA,0.28556700309794,"gaussian",0.25,NA,NA,NA,NA,NA,NA,NA,NA,NA,NA,NA,NA,"31","NE","layernorm_full",93,-5.30613054148935,0.129369699848249,"gauss_0.25x",FALSE
"states-kernel",NA,1001,6.5461597065534,8.37727249272266,0.765241827394989,NA,NA,NA,0.597965176795591,"gaussian",0.25,NA,NA,NA,NA,NA,NA,NA,NA,NA,NA,NA,NA,"34","NJ","layernorm_full",21,2.36455622971642,0.381217733497381,"gauss_0.25x",FALSE
"states-kernel",NA,1002,6.02457725392569,7.5716186937645,0.770301632981204,NA,NA,NA,0.67157526565708,"gaussian",0.25,NA,NA,NA,NA,NA,NA,NA,NA,NA,NA,NA,NA,"34","NJ","layernorm_full",21,1.7405598681358,0.284940849432981,"gauss_0.25x",FALSE
"states-kernel",NA,1003,6.32820744355498,7.74326992710786,0.794773565799461,NA,NA,NA,0.65651546724033,"gaussian",0.25,NA,NA,NA,NA,NA,NA,NA,NA,NA,NA,NA,NA,"34","NJ","layernorm_full",21,4.58934101463734,0.117962523544353,"gauss_0.25x",FALSE
"states-kernel",NA,1004,6.19690820835294,7.59341770630577,0.713008683272161,NA,NA,NA,0.669681445799593,"gaussian",0.25,NA,NA,NA,NA,NA,NA,NA,NA,NA,NA,NA,NA,"34","NJ","layernorm_full",21,1.4129162404698,0.398588190136361,"gauss_0.25x",FALSE
"states-kernel",NA,1005,5.59369087217169,7.62605442310372,0.74929004478163,NA,NA,NA,0.666835907467747,"gaussian",0.25,NA,NA,NA,NA,NA,NA,NA,NA,NA,NA,NA,NA,"34","NJ","layernorm_full",21,2.37642303064282,0.297584828143621,"gauss_0.25x",FALSE
"states-kernel",NA,1001,9.96947831963892,12.7189903384018,0.53490945779674,NA,NA,NA,0.518503991384852,"gaussian",0.25,NA,NA,NA,NA,NA,NA,NA,NA,NA,NA,NA,NA,"35","NM","layernorm_full",33,1.88397655412186,0.314796280628573,"gauss_0.25x",FALSE
"states-kernel",NA,1002,11.4511904423489,14.006270973472,0.459508575170352,NA,NA,NA,0.416108080688212,"gaussian",0.25,NA,NA,NA,NA,NA,NA,NA,NA,NA,NA,NA,NA,"35","NM","layernorm_full",33,2.07404346442893,0.326359869988241,"gauss_0.25x",FALSE
"states-kernel",NA,1003,10.6995511595263,13.1093878955563,0.542866762089307,NA,NA,NA,0.488492218887436,"gaussian",0.25,NA,NA,NA,NA,NA,NA,NA,NA,NA,NA,NA,NA,"35","NM","layernorm_full",33,2.74267771111063,0.373809972809296,"gauss_0.25x",FALSE
"states-kernel",NA,1004,10.4305703963134,12.611764996612,0.561601347591479,NA,NA,NA,0.526588115934715,"gaussian",0.25,NA,NA,NA,NA,NA,NA,NA,NA,NA,NA,NA,NA,"35","NM","layernorm_full",33,1.13499546230534,0.286269580225982,"gauss_0.25x",FALSE
"states-kernel",NA,1005,9.43569724375385,13.2613199515321,0.510515437103729,NA,NA,NA,0.476567212544318,"gaussian",0.25,NA,NA,NA,NA,NA,NA,NA,NA,NA,NA,NA,NA,"35","NM","layernorm_full",33,3.37323469569209,0.277527527645104,"gauss_0.25x",FALSE
"states-kernel",NA,1001,6.98921879903861,8.46841777173798,0.682241521345639,NA,NA,NA,0.637131014362359,"gaussian",0.25,NA,NA,NA,NA,NA,NA,NA,NA,NA,NA,NA,NA,"36","NY","layernorm_full",62,1.54291325395677,0.379040975981632,"gauss_0.25x",FALSE
"states-kernel",NA,1002,6.56149813270193,8.13215878767486,0.712655782595365,NA,NA,NA,0.665376065758588,"gaussian",0.25,NA,NA,NA,NA,NA,NA,NA,NA,NA,NA,NA,NA,"36","NY","layernorm_full",62,2.24825545274902,0.353844287707464,"gauss_0.25x",FALSE
"states-kernel",NA,1003,6.57188340669096,8.03644654396797,0.702534705358229,NA,NA,NA,0.673206491192973,"gaussian",0.25,NA,NA,NA,NA,NA,NA,NA,NA,NA,NA,NA,NA,"36","NY","layernorm_full",62,0.540744249803857,0.362954249485057,"gauss_0.25x",FALSE
"states-kernel",NA,1004,6.84949357762183,8.41188329804071,0.660638215576003,NA,NA,NA,0.641959810188054,"gaussian",0.25,NA,NA,NA,NA,NA,NA,NA,NA,NA,NA,NA,NA,"36","NY","layernorm_full",62,0.488405407406357,0.349927909579906,"gauss_0.25x",FALSE
"states-kernel",NA,1005,5.83293491807831,6.9784705416627,0.786482016838421,NA,NA,NA,0.753585760907254,"gaussian",0.25,NA,NA,NA,NA,NA,NA,NA,NA,NA,NA,NA,NA,"36","NY","layernorm_full",62,2.24681177988144,0.315945798452167,"gauss_0.25x",FALSE
"states-kernel",NA,1001,4.53633192769796,5.93747076869074,0.871912550577767,NA,NA,NA,0.820837074258628,"gaussian",0.25,NA,NA,NA,NA,NA,NA,NA,NA,NA,NA,NA,NA,"37","NC","layernorm_full",100,2.47413936088515,0.130708094618349,"gauss_0.25x",FALSE
"states-kernel",NA,1002,4.71373416364663,5.92380688292368,0.872484125740987,NA,NA,NA,0.821660739750979,"gaussian",0.25,NA,NA,NA,NA,NA,NA,NA,NA,NA,NA,NA,NA,"37","NC","layernorm_full",100,2.686106156847,0.090770748207952,"gauss_0.25x",FALSE
"states-kernel",NA,1003,4.29371104553463,5.6054309603029,0.884764429097799,NA,NA,NA,0.840315341932709,"gaussian",0.25,NA,NA,NA,NA,NA,NA,NA,NA,NA,NA,NA,NA,"37","NC","layernorm_full",100,2.02338160508153,0.117658623003668,"gauss_0.25x",FALSE
"states-kernel",NA,1004,4.95349221324941,6.20406159711825,0.903290308011005,NA,NA,NA,0.804387150745521,"gaussian",0.25,NA,NA,NA,NA,NA,NA,NA,NA,NA,NA,NA,NA,"37","NC","layernorm_full",100,3.77142594538972,0.141990806747432,"gauss_0.25x",FALSE
"states-kernel",NA,1005,4.94813178776052,6.46388016761612,0.875667799137491,NA,NA,NA,0.787660021058141,"gaussian",0.25,NA,NA,NA,NA,NA,NA,NA,NA,NA,NA,NA,NA,"37","NC","layernorm_full",100,3.61904941103738,0.223082960491888,"gauss_0.25x",FALSE
"states-kernel",NA,1001,6.48418668191017,9.92225596090966,0.417976864389367,NA,NA,NA,0.410299791090537,"gaussian",0.25,NA,NA,NA,NA,NA,NA,NA,NA,NA,NA,NA,NA,"38","ND","layernorm_full",53,-1.08534470703653,-0.00588380560628547,"gauss_0.25x",FALSE
"states-kernel",NA,1002,6.92681003984046,8.3161065875836,0.664601203857217,NA,NA,NA,0.585761440011024,"gaussian",0.25,NA,NA,NA,NA,NA,NA,NA,NA,NA,NA,NA,NA,"38","ND","layernorm_full",53,-3.57635063825729,0.111635813818359,"gauss_0.25x",FALSE
"states-kernel",NA,1003,6.2951752524232,7.92770821965234,0.667508688036543,NA,NA,NA,0.623551349793705,"gaussian",0.25,NA,NA,NA,NA,NA,NA,NA,NA,NA,NA,NA,NA,"38","ND","layernorm_full",53,-2.67183945012738,0.117716957135944,"gauss_0.25x",FALSE
"states-kernel",NA,1004,6.26751743395795,8.62296179137788,0.583190665927258,NA,NA,NA,0.554627545966616,"gaussian",0.25,NA,NA,NA,NA,NA,NA,NA,NA,NA,NA,NA,NA,"38","ND","layernorm_full",53,-2.12479706795659,-0.0195937295129807,"gauss_0.25x",FALSE
"states-kernel",NA,1005,6.87845836872306,9.12540232595933,0.531382262761625,NA,NA,NA,0.501213751837327,"gaussian",0.25,NA,NA,NA,NA,NA,NA,NA,NA,NA,NA,NA,NA,"38","ND","layernorm_full",53,-1.90489449523284,0.0864760019313521,"gauss_0.25x",FALSE
"states-kernel",NA,1001,5.31395536905608,6.55004196954715,0.641292215939294,NA,NA,NA,0.639309584294978,"gaussian",0.25,NA,NA,NA,NA,NA,NA,NA,NA,NA,NA,NA,NA,"39","OH","layernorm_full",88,-0.313794920567068,0.462482238568828,"gauss_0.25x",FALSE
"states-kernel",NA,1002,5.21455027440641,6.45337459732324,0.652895407341241,NA,NA,NA,0.649877365798758,"gaussian",0.25,NA,NA,NA,NA,NA,NA,NA,NA,NA,NA,NA,NA,"39","OH","layernorm_full",88,0.554724305388686,0.496781602710489,"gauss_0.25x",FALSE
"states-kernel",NA,1003,5.36292352455119,6.71471764896114,0.621184085616455,NA,NA,NA,0.620945245977831,"gaussian",0.25,NA,NA,NA,NA,NA,NA,NA,NA,NA,NA,NA,NA,"39","OH","layernorm_full",88,-0.146185109433113,0.479632160164915,"gauss_0.25x",FALSE
"states-kernel",NA,1004,5.12498942792464,6.18492158291437,0.678686480133664,NA,NA,NA,0.67840089441965,"gaussian",0.25,NA,NA,NA,NA,NA,NA,NA,NA,NA,NA,NA,NA,"39","OH","layernorm_full",88,-0.0180799221960522,0.527125522443549,"gauss_0.25x",FALSE
"states-kernel",NA,1005,4.98768777131579,6.32281759533561,0.690744790291036,NA,NA,NA,0.663900595306168,"gaussian",0.25,NA,NA,NA,NA,NA,NA,NA,NA,NA,NA,NA,NA,"39","OH","layernorm_full",88,1.51476783434071,0.477105663237052,"gauss_0.25x",FALSE
"states-kernel",NA,1001,3.05516095469249,3.9114415288737,0.754581342745598,NA,NA,NA,0.71974314506007,"gaussian",0.25,NA,NA,NA,NA,NA,NA,NA,NA,NA,NA,NA,NA,"40","OK","layernorm_full",77,-1.3293573589564,0.195026524569954,"gauss_0.25x",FALSE
"states-kernel",NA,1002,3.3173876228602,4.2241292751446,0.71384611430426,NA,NA,NA,0.673143624287519,"gaussian",0.25,NA,NA,NA,NA,NA,NA,NA,NA,NA,NA,NA,NA,"40","OK","layernorm_full",77,-0.649593476491839,0.252972105067203,"gauss_0.25x",FALSE
"states-kernel",NA,1003,3.36157986941522,4.36800312212994,0.695931171631713,NA,NA,NA,0.65049898663303,"gaussian",0.25,NA,NA,NA,NA,NA,NA,NA,NA,NA,NA,NA,NA,"40","OK","layernorm_full",77,-1.32013273595288,0.202490036990547,"gauss_0.25x",FALSE
"states-kernel",NA,1004,3.12043446734142,4.08247848768673,0.715398039638149,NA,NA,NA,0.694697494124882,"gaussian",0.25,NA,NA,NA,NA,NA,NA,NA,NA,NA,NA,NA,NA,"40","OK","layernorm_full",77,-0.165025693729665,0.194965229858903,"gauss_0.25x",FALSE
"states-kernel",NA,1005,3.14147124749081,4.04476674535299,0.741233478743292,NA,NA,NA,0.700311883401378,"gaussian",0.25,NA,NA,NA,NA,NA,NA,NA,NA,NA,NA,NA,NA,"40","OK","layernorm_full",77,-1.09295480544385,0.247133417781228,"gauss_0.25x",FALSE
"states-kernel",NA,1001,6.54116126535026,8.3101291130243,0.730927627479905,NA,NA,NA,0.730499279172906,"gaussian",0.25,NA,NA,NA,NA,NA,NA,NA,NA,NA,NA,NA,NA,"41","OR","layernorm_full",36,0.309140284825365,0.372734120846825,"gauss_0.25x",FALSE
"states-kernel",NA,1002,6.41493000510573,7.81755926621937,0.771410891950773,NA,NA,NA,0.761500895288232,"gaussian",0.25,NA,NA,NA,NA,NA,NA,NA,NA,NA,NA,NA,NA,"41","OR","layernorm_full",36,-0.0371392913120253,0.438249402074644,"gauss_0.25x",FALSE
"states-kernel",NA,1003,6.01754474279612,7.31504188262674,0.799301701064118,NA,NA,NA,0.791177148206444,"gaussian",0.25,NA,NA,NA,NA,NA,NA,NA,NA,NA,NA,NA,NA,"41","OR","layernorm_full",36,-0.570422047236253,0.456269813972934,"gauss_0.25x",FALSE
"states-kernel",NA,1004,6.44554400596613,8.14623492348731,0.741072457660647,NA,NA,NA,0.741024757256838,"gaussian",0.25,NA,NA,NA,NA,NA,NA,NA,NA,NA,NA,NA,NA,"41","OR","layernorm_full",36,0.000872022675766326,0.440204104629773,"gauss_0.25x",FALSE
"states-kernel",NA,1005,6.46438405351448,8.28635832056948,0.735428181829999,NA,NA,NA,0.732038866153855,"gaussian",0.25,NA,NA,NA,NA,NA,NA,NA,NA,NA,NA,NA,NA,"41","OR","layernorm_full",36,-0.143379484045136,0.300545808323702,"gauss_0.25x",FALSE
"states-kernel",NA,1001,6.96279907934294,8.43922768088171,0.80378126753583,NA,NA,NA,0.564675509794727,"gaussian",0.25,NA,NA,NA,NA,NA,NA,NA,NA,NA,NA,NA,NA,"42","PA","layernorm_full",67,6.24769689589739,0.256642672584828,"gauss_0.25x",FALSE
"states-kernel",NA,1002,7.01166807408227,8.79558493979228,0.821891415921997,NA,NA,NA,0.527135025738734,"gaussian",0.25,NA,NA,NA,NA,NA,NA,NA,NA,NA,NA,NA,NA,"42","PA","layernorm_full",67,6.7610681311854,0.392109503011588,"gauss_0.25x",FALSE
"states-kernel",NA,1003,6.1563523363571,7.96304964248317,0.766704623593562,NA,NA,NA,0.612415376776546,"gaussian",0.25,NA,NA,NA,NA,NA,NA,NA,NA,NA,NA,NA,NA,"42","PA","layernorm_full",67,4.94494802512737,0.275347471460015,"gauss_0.25x",FALSE
"states-kernel",NA,1004,7.64092062319749,9.29667884790353,0.785788840971653,NA,NA,NA,0.47172099686842,"gaussian",0.25,NA,NA,NA,NA,NA,NA,NA,NA,NA,NA,NA,NA,"42","PA","layernorm_full",67,7.05910190799246,0.301152572521897,"gauss_0.25x",FALSE
"states-kernel",NA,1005,7.10267409431011,8.69659798949304,0.805766950441027,NA,NA,NA,0.537718533853856,"gaussian",0.25,NA,NA,NA,NA,NA,NA,NA,NA,NA,NA,NA,NA,"42","PA","layernorm_full",67,6.52213565214113,0.321379281984,"gauss_0.25x",FALSE
"states-kernel",NA,1001,6.20261222328216,8.44516884421357,0.695326178868583,NA,NA,NA,0.569084525567928,"gaussian",0.25,NA,NA,NA,NA,NA,NA,NA,NA,NA,NA,NA,NA,"45","SC","layernorm_full",46,-4.1098945894274,0.225471355417439,"gauss_0.25x",FALSE
"states-kernel",NA,1002,4.14365745614131,5.4842730125146,0.85946594000825,NA,NA,NA,0.818275472223756,"gaussian",0.25,NA,NA,NA,NA,NA,NA,NA,NA,NA,NA,NA,NA,"45","SC","layernorm_full",46,-2.59372693217962,0.333741288728656,"gauss_0.25x",FALSE
"states-kernel",NA,1003,4.70606417315767,5.83192352465153,0.857714533394808,NA,NA,NA,0.794506041992121,"gaussian",0.25,NA,NA,NA,NA,NA,NA,NA,NA,NA,NA,NA,NA,"45","SC","layernorm_full",46,-3.21125848578838,0.254377099540655,"gauss_0.25x",FALSE
"states-kernel",NA,1004,4.44984470627843,5.8861190548013,0.822359668084964,NA,NA,NA,0.790669022926069,"gaussian",0.25,NA,NA,NA,NA,NA,NA,NA,NA,NA,NA,NA,NA,"45","SC","layernorm_full",46,-2.17525268260043,0.347768827314696,"gauss_0.25x",FALSE
"states-kernel",NA,1005,4.75643150048115,6.10805804738123,0.841314230427147,NA,NA,NA,0.774585562899005,"gaussian",0.25,NA,NA,NA,NA,NA,NA,NA,NA,NA,NA,NA,NA,"45","SC","layernorm_full",46,-3.18741015833728,0.242248038237373,"gauss_0.25x",FALSE
"states-kernel",NA,1001,9.46831924307354,13.9480058352921,0.399231249533568,NA,NA,NA,0.0929878730846607,"gaussian",0.25,NA,NA,NA,NA,NA,NA,NA,NA,NA,NA,NA,NA,"46","SD","layernorm_full",66,8.0357758212326,0.114342088273955,"gauss_0.25x",FALSE
"states-kernel",NA,1002,8.93630256378989,13.1222646582845,0.448759106905169,NA,NA,NA,0.197201711042091,"gaussian",0.25,NA,NA,NA,NA,NA,NA,NA,NA,NA,NA,NA,NA,"46","SD","layernorm_full",66,7.22434164091381,0.132683896926372,"gauss_0.25x",FALSE
"states-kernel",NA,1003,9.03023835142293,13.3544178351071,0.407879521019735,NA,NA,NA,0.168544953361707,"gaussian",0.25,NA,NA,NA,NA,NA,NA,NA,NA,NA,NA,NA,NA,"46","SD","layernorm_full",66,7.16328161505714,0.134204324485692,"gauss_0.25x",FALSE
"states-kernel",NA,1004,8.66404369536542,12.0621778760427,0.510989972499748,NA,NA,NA,0.321671116320826,"gaussian",0.25,NA,NA,NA,NA,NA,NA,NA,NA,NA,NA,NA,NA,"46","SD","layernorm_full",66,6.36618739736291,0.172056758722154,"gauss_0.25x",FALSE
"states-kernel",NA,1005,8.66925504854086,13.0872746871881,0.46610858880212,NA,NA,NA,0.201477259417165,"gaussian",0.25,NA,NA,NA,NA,NA,NA,NA,NA,NA,NA,NA,NA,"46","SD","layernorm_full",66,7.36609710199818,0.111262505468842,"gauss_0.25x",FALSE
"states-kernel",NA,1001,3.79532903104227,4.51147373904801,0.765680356398051,NA,NA,NA,0.761405026601617,"gaussian",0.25,NA,NA,NA,NA,NA,NA,NA,NA,NA,NA,NA,NA,"47","TN","layernorm_full",95,-0.11396538292522,0.344423065187224,"gauss_0.25x",FALSE
"states-kernel",NA,1002,4.14668936744821,5.0115255389389,0.74343717265053,NA,NA,NA,0.705582027065089,"gaussian",0.25,NA,NA,NA,NA,NA,NA,NA,NA,NA,NA,NA,NA,"47","TN","layernorm_full",95,-1.3742734404746,0.389320994520432,"gauss_0.25x",FALSE
"states-kernel",NA,1003,4.01329581651715,4.80556027153351,0.750097737342423,NA,NA,NA,0.729284900617609,"gaussian",0.25,NA,NA,NA,NA,NA,NA,NA,NA,NA,NA,NA,NA,"47","TN","layernorm_full",95,-0.0140753950323321,0.401908360735827,"gauss_0.25x",FALSE
"states-kernel",NA,1004,3.8531417788229,4.60202504725625,0.759193011056251,NA,NA,NA,0.751731066506819,"gaussian",0.25,NA,NA,NA,NA,NA,NA,NA,NA,NA,NA,NA,NA,"47","TN","layernorm_full",95,-0.347709416685982,0.340489260781171,"gauss_0.25x",FALSE
"states-kernel",NA,1005,3.86138216918687,4.6319707419063,0.75714759056501,NA,NA,NA,0.748489548141327,"gaussian",0.25,NA,NA,NA,NA,NA,NA,NA,NA,NA,NA,NA,NA,"47","TN","layernorm_full",95,-0.289535245182096,0.368695408561052,"gauss_0.25x",FALSE
"states-kernel",NA,1001,6.46833241418277,9.74823449774797,0.687181263862068,NA,NA,NA,0.651711575759734,"gaussian",0.25,NA,NA,NA,NA,NA,NA,NA,NA,NA,NA,NA,NA,"48","TX","layernorm_full",254,-0.622712376586459,0.562225371483423,"gauss_0.25x",FALSE
"states-kernel",NA,1002,6.2285471993352,9.49550139394136,0.694061787696276,NA,NA,NA,0.66953694865161,"gaussian",0.25,NA,NA,NA,NA,NA,NA,NA,NA,NA,NA,NA,NA,"48","TX","layernorm_full",254,0.144643464792609,0.564428428418526,"gauss_0.25x",FALSE
"states-kernel",NA,1003,6.1545776459424,9.98040300053584,0.649587723041165,NA,NA,NA,0.634924018825042,"gaussian",0.25,NA,NA,NA,NA,NA,NA,NA,NA,NA,NA,NA,NA,"48","TX","layernorm_full",254,0.61211282239733,0.589259497792491,"gauss_0.25x",FALSE
"states-kernel",NA,1004,6.09317458903527,8.99333746318803,0.711363573004692,NA,NA,NA,0.703565405700096,"gaussian",0.25,NA,NA,NA,NA,NA,NA,NA,NA,NA,NA,NA,NA,"48","TX","layernorm_full",254,-0.474509326838584,0.491066062114494,"gauss_0.25x",FALSE
"states-kernel",NA,1005,6.28578406138122,10.1355549820039,0.655385644505519,NA,NA,NA,0.623485095443019,"gaussian",0.25,NA,NA,NA,NA,NA,NA,NA,NA,NA,NA,NA,NA,"48","TX","layernorm_full",254,1.64087312782434,0.578821377782297,"gauss_0.25x",FALSE
"states-kernel",NA,1001,9.9861926755905,12.0241712368617,0.467954791911866,NA,NA,NA,0.271964573116231,"gaussian",0.25,NA,NA,NA,NA,NA,NA,NA,NA,NA,NA,NA,NA,"49","UT","layernorm_full",29,-5.24499371278131,-0.0859729130835641,"gauss_0.25x",FALSE
"states-kernel",NA,1002,9.43612365331434,11.2928461916228,0.535711549502538,NA,NA,NA,0.357831447025163,"gaussian",0.25,NA,NA,NA,NA,NA,NA,NA,NA,NA,NA,NA,NA,"49","UT","layernorm_full",29,-4.51512475607077,-0.184798249779869,"gauss_0.25x",FALSE
"states-kernel",NA,1003,8.52861837146004,10.8575345216468,0.410323848701107,NA,NA,NA,0.406385301607673,"gaussian",0.25,NA,NA,NA,NA,NA,NA,NA,NA,NA,NA,NA,NA,"49","UT","layernorm_full",29,-0.844732162773229,0.0039104869831341,"gauss_0.25x",FALSE
"states-kernel",NA,1004,10.5873062789784,12.069796857822,0.575989002132204,NA,NA,NA,0.266429041606159,"gaussian",0.25,NA,NA,NA,NA,NA,NA,NA,NA,NA,NA,NA,NA,"49","UT","layernorm_full",29,-7.82533093895244,-0.125244971879801,"gauss_0.25x",FALSE
"states-kernel",NA,1005,15.8606233859969,17.106448240729,0.357221781790606,NA,NA,NA,-0.473539911738805,"gaussian",0.25,NA,NA,NA,NA,NA,NA,NA,NA,NA,NA,NA,NA,"49","UT","layernorm_full",29,-12.7766284995984,0.0884824770212476,"gauss_0.25x",FALSE
"states-kernel",NA,1001,5.6916571059494,7.7571834053281,0.801675219901943,NA,NA,NA,0.79524569253185,"gaussian",0.25,NA,NA,NA,NA,NA,NA,NA,NA,NA,NA,NA,NA,"51","VA","layernorm_full",133,1.22588567097112,0.109501284732442,"gauss_0.25x",FALSE
"states-kernel",NA,1002,6.1628851809326,8.09125867720588,0.782920488097901,NA,NA,NA,0.777229797821141,"gaussian",0.25,NA,NA,NA,NA,NA,NA,NA,NA,NA,NA,NA,NA,"51","VA","layernorm_full",133,0.925970825916465,-0.00352288275802666,"gauss_0.25x",FALSE
"states-kernel",NA,1003,5.59756452613619,7.25094164827212,0.827586366304789,NA,NA,NA,0.821098596444525,"gaussian",0.25,NA,NA,NA,NA,NA,NA,NA,NA,NA,NA,NA,NA,"51","VA","layernorm_full",133,1.29618818075249,0.0869698811673616,"gauss_0.25x",FALSE
"states-kernel",NA,1004,5.92055951515922,7.93418852966716,0.791791496709062,NA,NA,NA,0.785794824832711,"gaussian",0.25,NA,NA,NA,NA,NA,NA,NA,NA,NA,NA,NA,NA,"51","VA","layernorm_full",133,1.07027250103524,0.0604231602289617,"gauss_0.25x",FALSE
"states-kernel",NA,1005,5.50426446607725,7.06945150669665,0.831868583778105,NA,NA,NA,0.829942274175288,"gaussian",0.25,NA,NA,NA,NA,NA,NA,NA,NA,NA,NA,NA,NA,"51","VA","layernorm_full",133,0.29384683753863,0.0244426294829442,"gauss_0.25x",FALSE
"states-kernel",NA,1001,6.90484346307523,8.23255257418581,0.70470941496791,NA,NA,NA,0.581607872590999,"gaussian",0.25,NA,NA,NA,NA,NA,NA,NA,NA,NA,NA,NA,NA,"53","WA","layernorm_full",39,4.40980203966635,0.224909713052914,"gauss_0.25x",FALSE
"states-kernel",NA,1002,6.77753012547492,8.31424328599531,0.71253678855281,NA,NA,NA,0.573263358205686,"gaussian",0.25,NA,NA,NA,NA,NA,NA,NA,NA,NA,NA,NA,NA,"53","WA","layernorm_full",39,4.66082003234207,0.174861030744627,"gauss_0.25x",FALSE
"states-kernel",NA,1003,6.60251421084352,8.23157144004566,0.753798490120935,NA,NA,NA,0.581707592413104,"gaussian",0.25,NA,NA,NA,NA,NA,NA,NA,NA,NA,NA,NA,NA,"53","WA","layernorm_full",39,5.26620563471872,0.210341480931175,"gauss_0.25x",FALSE
"states-kernel",NA,1004,6.65989794776222,8.71091860952468,0.697534619695685,NA,NA,NA,0.531572492487016,"gaussian",0.25,NA,NA,NA,NA,NA,NA,NA,NA,NA,NA,NA,NA,"53","WA","layernorm_full",39,5.0826539253883,0.159116616322783,"gauss_0.25x",FALSE
"states-kernel",NA,1005,7.29342709520726,8.6945277040532,0.701763915863841,NA,NA,NA,0.533333667795632,"gaussian",0.25,NA,NA,NA,NA,NA,NA,NA,NA,NA,NA,NA,NA,"53","WA","layernorm_full",39,5.15868175322145,0.277608936759166,"gauss_0.25x",FALSE
"states-kernel",NA,1001,3.61356162616941,4.55373005326197,0.552474127356675,NA,NA,NA,0.540442422950008,"gaussian",0.25,NA,NA,NA,NA,NA,NA,NA,NA,NA,NA,NA,NA,"54","WV","layernorm_full",55,-0.720234488062709,0.281298862984541,"gauss_0.25x",FALSE
"states-kernel",NA,1002,3.77806616389564,4.69784029346554,0.525722581682446,NA,NA,NA,0.510895268338791,"gaussian",0.25,NA,NA,NA,NA,NA,NA,NA,NA,NA,NA,NA,NA,"54","WV","layernorm_full",55,-0.776868022601869,0.251904857058808,"gauss_0.25x",FALSE
"states-kernel",NA,1003,4.20106778852714,5.10713116980877,0.471872292418008,NA,NA,NA,0.421958004350407,"gaussian",0.25,NA,NA,NA,NA,NA,NA,NA,NA,NA,NA,NA,NA,"54","WV","layernorm_full",55,-1.5007544369345,0.190151938210337,"gauss_0.25x",FALSE
"states-kernel",NA,1004,3.83203475046662,4.6408974753282,0.58769031869876,NA,NA,NA,0.522680347516577,"gaussian",0.25,NA,NA,NA,NA,NA,NA,NA,NA,NA,NA,NA,NA,"54","WV","layernorm_full",55,-1.54230604134815,0.19476229902461,"gauss_0.25x",FALSE
"states-kernel",NA,1005,3.93458662792266,4.72738814227187,0.575196502319743,NA,NA,NA,0.504723308091893,"gaussian",0.25,NA,NA,NA,NA,NA,NA,NA,NA,NA,NA,NA,NA,"54","WV","layernorm_full",55,-1.77642203365473,0.238130527110678,"gauss_0.25x",FALSE
"states-kernel",NA,1001,10.6729229399309,14.1795548078491,0.191520953276319,NA,NA,NA,-1.02906761527091,"gaussian",0.25,NA,NA,NA,NA,NA,NA,NA,NA,NA,NA,NA,NA,"55","WI","layernorm_full",72,9.20027098906565,0.341810919885029,"gauss_0.25x",FALSE
"states-kernel",NA,1002,11.0918880731017,14.4794005304646,0.211978707513137,NA,NA,NA,-1.11578966651532,"gaussian",0.25,NA,NA,NA,NA,NA,NA,NA,NA,NA,NA,NA,NA,"55","WI","layernorm_full",72,10.2153892828329,0.300815919823807,"gauss_0.25x",FALSE
"states-kernel",NA,1003,11.073928140668,14.4535345170669,0.166377450356763,NA,NA,NA,-1.10823712157025,"gaussian",0.25,NA,NA,NA,NA,NA,NA,NA,NA,NA,NA,NA,NA,"55","WI","layernorm_full",72,9.8599005862167,0.345659365915988,"gauss_0.25x",FALSE
"states-kernel",NA,1004,10.4432545036834,14.2351165345061,0.164252925695357,NA,NA,NA,-1.04500032701416,"gaussian",0.25,NA,NA,NA,NA,NA,NA,NA,NA,NA,NA,NA,NA,"55","WI","layernorm_full",72,8.82399523689219,0.364168213504323,"gauss_0.25x",FALSE
"states-kernel",NA,1005,10.4550353716509,14.1445287219877,0.151801622993603,NA,NA,NA,-1.01905566226149,"gaussian",0.25,NA,NA,NA,NA,NA,NA,NA,NA,NA,NA,NA,NA,"55","WI","layernorm_full",72,8.64727805356432,0.38163366503214,"gauss_0.25x",FALSE
"states-kernel",NA,1001,6.34474579979257,7.21795124464651,0.828169626513988,NA,NA,NA,0.685253689918956,"gaussian",0.25,NA,NA,NA,NA,NA,NA,NA,NA,NA,NA,NA,NA,"56","WY","layernorm_full",23,-4.59176916246952,-0.0199813092298693,"gauss_0.25x",FALSE
"states-kernel",NA,1002,7.96997578319779,9.00078432425023,0.839502989345842,NA,NA,NA,0.510566750573591,"gaussian",0.25,NA,NA,NA,NA,NA,NA,NA,NA,NA,NA,NA,NA,"56","WY","layernorm_full",23,-7.34666105330612,-0.169106767561391,"gauss_0.25x",FALSE
"states-kernel",NA,1003,5.39237815196748,6.01434519757254,0.881602041039957,NA,NA,NA,0.781470807366462,"gaussian",0.25,NA,NA,NA,NA,NA,NA,NA,NA,NA,NA,NA,NA,"56","WY","layernorm_full",23,-4.06458326565782,0.106421750449709,"gauss_0.25x",FALSE
"states-kernel",NA,1004,6.35678783684244,6.93880185542456,0.870581160317415,NA,NA,NA,0.709128124710096,"gaussian",0.25,NA,NA,NA,NA,NA,NA,NA,NA,NA,NA,NA,NA,"56","WY","layernorm_full",23,-5.16942131238146,0.0130247161226796,"gauss_0.25x",FALSE
"states-kernel",NA,1005,5.86976297872167,6.54762317760483,0.864309431842285,NA,NA,NA,0.740999791479741,"gaussian",0.25,NA,NA,NA,NA,NA,NA,NA,NA,NA,NA,NA,NA,"56","WY","layernorm_full",23,-4.3092503660153,-0.0632251093185862,"gauss_0.25x",FALSE
"states-kernel",NA,1001,4.02650417627592,4.77647061142178,0.96167961665287,NA,NA,NA,0.942409259856718,"gaussian",0.5,NA,NA,NA,NA,NA,NA,NA,NA,NA,NA,NA,NA,"01","AL","layernorm_full",67,-1.8422086860443,0.275694932470363,"gauss_0.5x",FALSE
"states-kernel",NA,1002,4.54892632883917,5.38761117750241,0.956167256168021,NA,NA,NA,0.9267292004662,"gaussian",0.5,NA,NA,NA,NA,NA,NA,NA,NA,NA,NA,NA,NA,"01","AL","layernorm_full",67,-1.01547609590817,0.315343522870534,"gauss_0.5x",FALSE
"states-kernel",NA,1003,4.17569490114646,5.00913145705289,0.95946204616662,NA,NA,NA,0.936662152716503,"gaussian",0.5,NA,NA,NA,NA,NA,NA,NA,NA,NA,NA,NA,NA,"01","AL","layernorm_full",67,-0.992020128781222,0.359142768855487,"gauss_0.5x",FALSE
"states-kernel",NA,1004,4.71866236410545,5.7061534330812,0.951652457290024,NA,NA,NA,0.917808798233405,"gaussian",0.5,NA,NA,NA,NA,NA,NA,NA,NA,NA,NA,NA,NA,"01","AL","layernorm_full",67,-0.354226623082738,0.427797729809097,"gauss_0.5x",FALSE
"states-kernel",NA,1005,4.09122805590839,4.96731829812444,0.96246950933179,NA,NA,NA,0.937715150456012,"gaussian",0.5,NA,NA,NA,NA,NA,NA,NA,NA,NA,NA,NA,NA,"01","AL","layernorm_full",67,-2.02649262775107,0.240336760944646,"gauss_0.5x",FALSE
"states-kernel",NA,1001,4.17320574267898,4.88836329161923,0.878338297336153,NA,NA,NA,0.834872034049317,"gaussian",0.5,NA,NA,NA,NA,NA,NA,NA,NA,NA,NA,NA,NA,"05","AR","layernorm_full",75,-2.05529304713125,0.13800490418698,"gauss_0.5x",FALSE
"states-kernel",NA,1002,3.71119672147282,4.78780437853202,0.849361124928498,NA,NA,NA,0.841595878203207,"gaussian",0.5,NA,NA,NA,NA,NA,NA,NA,NA,NA,NA,NA,NA,"05","AR","layernorm_full",75,-0.4692096974642,0.14571753529562,"gauss_0.5x",FALSE
"states-kernel",NA,1003,3.42039161082701,4.27836186864141,0.883205190904679,NA,NA,NA,0.873512178512344,"gaussian",0.5,NA,NA,NA,NA,NA,NA,NA,NA,NA,NA,NA,NA,"05","AR","layernorm_full",75,0.136835134146023,0.211001420541909,"gauss_0.5x",FALSE
"states-kernel",NA,1004,3.98686730305821,4.8236876194476,0.886424766593589,NA,NA,NA,0.839212592254195,"gaussian",0.5,NA,NA,NA,NA,NA,NA,NA,NA,NA,NA,NA,NA,"05","AR","layernorm_full",75,-2.58587460315564,0.170548561737148,"gauss_0.5x",FALSE
"states-kernel",NA,1005,3.53060200854602,4.23543537781271,0.918771780043034,NA,NA,NA,0.876037649439622,"gaussian",0.5,NA,NA,NA,NA,NA,NA,NA,NA,NA,NA,NA,NA,"05","AR","layernorm_full",75,-1.45011578556474,0.250640124219994,"gauss_0.5x",FALSE
"states-kernel",NA,1001,9.86075599404916,12.4107102067254,0.645016874576599,NA,NA,NA,0.420318686952995,"gaussian",0.5,NA,NA,NA,NA,NA,NA,NA,NA,NA,NA,NA,NA,"06","CA","layernorm_full",58,7.72682064745392,0.253806239227372,"gauss_0.5x",FALSE
"states-kernel",NA,1002,9.59071994197902,12.0553729030413,0.674148507772928,NA,NA,NA,0.453037781746574,"gaussian",0.5,NA,NA,NA,NA,NA,NA,NA,NA,NA,NA,NA,NA,"06","CA","layernorm_full",58,7.63246265104304,0.24274676896035,"gauss_0.5x",FALSE
"states-kernel",NA,1003,8.62587734716447,11.1433159549735,0.704569994846994,NA,NA,NA,0.532668645593984,"gaussian",0.5,NA,NA,NA,NA,NA,NA,NA,NA,NA,NA,NA,NA,"06","CA","layernorm_full",58,6.75393526172494,0.249479883723439,"gauss_0.5x",FALSE
"states-kernel",NA,1004,8.24817239919747,10.9604455245403,0.685780604389086,NA,NA,NA,0.54788132466184,"gaussian",0.5,NA,NA,NA,NA,NA,NA,NA,NA,NA,NA,NA,NA,"06","CA","layernorm_full",58,5.83559321141346,0.31192174057672,"gauss_0.5x",FALSE
"states-kernel",NA,1005,9.20921365307532,11.8655768728802,0.621871338634009,NA,NA,NA,0.47012461472523,"gaussian",0.5,NA,NA,NA,NA,NA,NA,NA,NA,NA,NA,NA,NA,"06","CA","layernorm_full",58,6.03177296964698,0.28323138097895,"gauss_0.5x",FALSE
"states-kernel",NA,1001,7.68926823357986,9.8712150562951,0.728531949417858,NA,NA,NA,0.702754136859252,"gaussian",0.5,NA,NA,NA,NA,NA,NA,NA,NA,NA,NA,NA,NA,"08","CO","layernorm_full",64,0.406892077093739,0.34808077868736,"gauss_0.5x",FALSE
"states-kernel",NA,1002,7.76991192117801,9.95459925135826,0.725136774175986,NA,NA,NA,0.69771113223091,"gaussian",0.5,NA,NA,NA,NA,NA,NA,NA,NA,NA,NA,NA,NA,"08","CO","layernorm_full",64,-2.04918710905599,0.281071554955385,"gauss_0.5x",FALSE
"states-kernel",NA,1003,8.20586363307519,10.6310049046534,0.70891104685132,NA,NA,NA,0.655234953656151,"gaussian",0.5,NA,NA,NA,NA,NA,NA,NA,NA,NA,NA,NA,NA,"08","CO","layernorm_full",64,-1.47010718028577,0.373196400118302,"gauss_0.5x",FALSE
"states-kernel",NA,1004,7.58659048649898,9.56719252633195,0.782193371514074,NA,NA,NA,0.720781866844944,"gaussian",0.5,NA,NA,NA,NA,NA,NA,NA,NA,NA,NA,NA,NA,"08","CO","layernorm_full",64,-3.18787980875374,0.25814362413174,"gauss_0.5x",FALSE
"states-kernel",NA,1005,8.28042711119845,10.6109754351827,0.728829429245784,NA,NA,NA,0.656532847105514,"gaussian",0.5,NA,NA,NA,NA,NA,NA,NA,NA,NA,NA,NA,NA,"08","CO","layernorm_full",64,-1.82568765691805,0.295469750212004,"gauss_0.5x",FALSE
"states-kernel",NA,1001,4.39248448251687,5.66531926423064,0.874705212654506,NA,NA,NA,0.834260696221162,"gaussian",0.5,NA,NA,NA,NA,NA,NA,NA,NA,NA,NA,NA,NA,"12","FL","layernorm_full",67,-2.02931367782897,0.363628614224814,"gauss_0.5x",FALSE
"states-kernel",NA,1002,5.17041110305298,6.49395123371446,0.866046063664771,NA,NA,NA,0.782231641377175,"gaussian",0.5,NA,NA,NA,NA,NA,NA,NA,NA,NA,NA,NA,NA,"12","FL","layernorm_full",67,-3.37118794458432,0.464813237976318,"gauss_0.5x",FALSE
"states-kernel",NA,1003,4.44232665487254,5.52196932861834,0.880426157515302,NA,NA,NA,0.842542006856623,"gaussian",0.5,NA,NA,NA,NA,NA,NA,NA,NA,NA,NA,NA,NA,"12","FL","layernorm_full",67,-2.23885620531903,0.257219594211306,"gauss_0.5x",FALSE
"states-kernel",NA,1004,4.54856830011632,6.04158683916544,0.865719516491337,NA,NA,NA,0.811514139659948,"gaussian",0.5,NA,NA,NA,NA,NA,NA,NA,NA,NA,NA,NA,NA,"12","FL","layernorm_full",67,-1.58862832675356,0.326812135924989,"gauss_0.5x",FALSE
"states-kernel",NA,1005,5.13935954128214,6.53532356707361,0.878052521393218,NA,NA,NA,0.779448040330856,"gaussian",0.5,NA,NA,NA,NA,NA,NA,NA,NA,NA,NA,NA,NA,"12","FL","layernorm_full",67,-2.26101453847922,0.532106204871877,"gauss_0.5x",FALSE
"states-kernel",NA,1001,4.73594637051141,6.01713735804576,0.878117841901992,NA,NA,NA,0.857360980533972,"gaussian",0.5,NA,NA,NA,NA,NA,NA,NA,NA,NA,NA,NA,NA,"13","GA","layernorm_full",159,-1.91148331824799,0.215181369269243,"gauss_0.5x",FALSE
"states-kernel",NA,1002,5.00691887200005,5.98725542187604,0.894345898057198,NA,NA,NA,0.858774192884538,"gaussian",0.5,NA,NA,NA,NA,NA,NA,NA,NA,NA,NA,NA,NA,"13","GA","layernorm_full",159,-2.87343513623729,0.240487732708238,"gauss_0.5x",FALSE
"states-kernel",NA,1003,4.65680399213493,6.1008887835104,0.871488128783093,NA,NA,NA,0.853362614162541,"gaussian",0.5,NA,NA,NA,NA,NA,NA,NA,NA,NA,NA,NA,NA,"13","GA","layernorm_full",159,-1.69319579269438,0.368562158031564,"gauss_0.5x",FALSE
"states-kernel",NA,1004,4.00097608611012,5.23044204122198,0.899510297056105,NA,NA,NA,0.892220719120856,"gaussian",0.5,NA,NA,NA,NA,NA,NA,NA,NA,NA,NA,NA,NA,"13","GA","layernorm_full",159,-0.801826236129411,0.231345959212919,"gauss_0.5x",FALSE
"states-kernel",NA,1005,4.8993326743952,6.35142046814337,0.862658340459384,NA,NA,NA,0.841072071743303,"gaussian",0.5,NA,NA,NA,NA,NA,NA,NA,NA,NA,NA,NA,NA,"13","GA","layernorm_full",159,-1.87184079998265,0.378565925153643,"gauss_0.5x",FALSE
"states-kernel",NA,1001,9.55182479274832,10.9569825264323,0.40911893992234,NA,NA,NA,0.132442648532821,"gaussian",0.5,NA,NA,NA,NA,NA,NA,NA,NA,NA,NA,NA,NA,"16","ID","layernorm_full",44,-5.93113623679202,0.0193960556246657,"gauss_0.5x",FALSE
"states-kernel",NA,1002,8.20864261147312,10.2229408087326,0.32742817399513,NA,NA,NA,0.244789623375492,"gaussian",0.5,NA,NA,NA,NA,NA,NA,NA,NA,NA,NA,NA,NA,"16","ID","layernorm_full",44,-3.36421455495255,0.0912383034414635,"gauss_0.5x",FALSE
"states-kernel",NA,1003,9.6853064307362,11.5498109641948,0.296598171855025,NA,NA,NA,0.0360244727015777,"gaussian",0.5,NA,NA,NA,NA,NA,NA,NA,NA,NA,NA,NA,NA,"16","ID","layernorm_full",44,-5.93041085744061,-0.0482618884088099,"gauss_0.5x",FALSE
"states-kernel",NA,1004,11.1968754411483,13.6304168613241,0.216970260735358,NA,NA,NA,-0.342562561659582,"gaussian",0.5,NA,NA,NA,NA,NA,NA,NA,NA,NA,NA,NA,NA,"16","ID","layernorm_full",44,-8.19305148692744,0.131985771418982,"gauss_0.5x",FALSE
"states-kernel",NA,1005,8.60489260220733,10.0357421493243,0.43654386163108,NA,NA,NA,0.272194648106666,"gaussian",0.5,NA,NA,NA,NA,NA,NA,NA,NA,NA,NA,NA,NA,"16","ID","layernorm_full",44,-4.65566689655098,0.0456254870067922,"gauss_0.5x",FALSE
"states-kernel",NA,1001,5.89575997434292,7.07432172337267,0.78898663564897,NA,NA,NA,0.664446701480143,"gaussian",0.5,NA,NA,NA,NA,NA,NA,NA,NA,NA,NA,NA,NA,"17","IL","layernorm_full",102,-4.29733195026612,0.511240539405742,"gauss_0.5x",FALSE
"states-kernel",NA,1002,5.58940150525394,6.70898764618576,0.794177904850748,NA,NA,NA,0.69820927842095,"gaussian",0.5,NA,NA,NA,NA,NA,NA,NA,NA,NA,NA,NA,NA,"17","IL","layernorm_full",102,-3.69623791587484,0.450332535690903,"gauss_0.5x",FALSE
"states-kernel",NA,1003,5.40132793400645,6.40062479007133,0.795037348528875,NA,NA,NA,0.725313928900623,"gaussian",0.5,NA,NA,NA,NA,NA,NA,NA,NA,NA,NA,NA,NA,"17","IL","layernorm_full",102,-3.140238456259,0.560780329611733,"gauss_0.5x",FALSE
"states-kernel",NA,1004,5.12274875506571,6.15609513067073,0.828113513357002,NA,NA,NA,0.745901241048656,"gaussian",0.5,NA,NA,NA,NA,NA,NA,NA,NA,NA,NA,NA,NA,"17","IL","layernorm_full",102,-3.49668699778385,0.450622286449076,"gauss_0.5x",FALSE
"states-kernel",NA,1005,5.9695362960745,7.22753988059414,0.76387462609131,NA,NA,NA,0.649754235122092,"gaussian",0.5,NA,NA,NA,NA,NA,NA,NA,NA,NA,NA,NA,NA,"17","IL","layernorm_full",102,-4.10495513285024,0.494892944538093,"gauss_0.5x",FALSE
"states-kernel",NA,1001,3.76165753284932,4.96111129607767,0.731248822103721,NA,NA,NA,0.712297804187767,"gaussian",0.5,NA,NA,NA,NA,NA,NA,NA,NA,NA,NA,NA,NA,"18","IN","layernorm_full",92,0.654165875912526,0.251877083709631,"gauss_0.5x",FALSE
"states-kernel",NA,1002,3.82522612993651,5.25845237430106,0.716463464664264,NA,NA,NA,0.676777841385923,"gaussian",0.5,NA,NA,NA,NA,NA,NA,NA,NA,NA,NA,NA,NA,"18","IN","layernorm_full",92,1.70714715843038,0.357321313666674,"gauss_0.5x",FALSE
"states-kernel",NA,1003,3.71289323148669,5.05702471425889,0.720459106873516,NA,NA,NA,0.701065948135795,"gaussian",0.5,NA,NA,NA,NA,NA,NA,NA,NA,NA,NA,NA,NA,"18","IN","layernorm_full",92,1.04999445075311,0.345013892578598,"gauss_0.5x",FALSE
"states-kernel",NA,1004,3.9230994574608,5.25648858722958,0.706993395960299,NA,NA,NA,0.677019213154005,"gaussian",0.5,NA,NA,NA,NA,NA,NA,NA,NA,NA,NA,NA,NA,"18","IN","layernorm_full",92,1.15243917857991,0.338101903722888,"gauss_0.5x",FALSE
"states-kernel",NA,1005,3.68942981294664,4.92679797908385,0.754294585921951,NA,NA,NA,0.716263801467113,"gaussian",0.5,NA,NA,NA,NA,NA,NA,NA,NA,NA,NA,NA,NA,"18","IN","layernorm_full",92,0.955579185072187,0.29912179704775,"gauss_0.5x",FALSE
"states-kernel",NA,1001,4.45732996251907,5.27137947451456,0.7500197776727,NA,NA,NA,0.678546961497406,"gaussian",0.5,NA,NA,NA,NA,NA,NA,NA,NA,NA,NA,NA,NA,"19","IA","layernorm_full",99,2.36546693553698,0.263250607530381,"gauss_0.5x",FALSE
"states-kernel",NA,1002,4.40047216825899,5.2084378362365,0.753937485323159,NA,NA,NA,0.686177597327791,"gaussian",0.5,NA,NA,NA,NA,NA,NA,NA,NA,NA,NA,NA,NA,"19","IA","layernorm_full",99,2.4125954938842,0.373989323566164,"gauss_0.5x",FALSE
"states-kernel",NA,1003,4.70774021797341,5.74723500992109,0.698212829470132,NA,NA,NA,0.617891335833979,"gaussian",0.5,NA,NA,NA,NA,NA,NA,NA,NA,NA,NA,NA,NA,"19","IA","layernorm_full",99,2.6340948020981,0.406864054355138,"gauss_0.5x",FALSE
"states-kernel",NA,1004,4.56224676747894,5.35743066785049,0.714241969783805,NA,NA,NA,0.667966356050797,"gaussian",0.5,NA,NA,NA,NA,NA,NA,NA,NA,NA,NA,NA,NA,"19","IA","layernorm_full",99,1.92224048297205,0.438297082388418,"gauss_0.5x",FALSE
"states-kernel",NA,1005,5.43856314478407,6.29185701336986,0.774657464675579,NA,NA,NA,0.542040933222494,"gaussian",0.5,NA,NA,NA,NA,NA,NA,NA,NA,NA,NA,NA,NA,"19","IA","layernorm_full",99,4.4677854162142,0.269537604755105,"gauss_0.5x",FALSE
"states-kernel",NA,1001,3.78585942603373,4.78757981555672,0.852897246147208,NA,NA,NA,0.808051122011926,"gaussian",0.5,NA,NA,NA,NA,NA,NA,NA,NA,NA,NA,NA,NA,"20","KS","layernorm_full",105,-2.27851914782856,0.254314442713788,"gauss_0.5x",FALSE
"states-kernel",NA,1002,3.92031099732402,4.9028308852078,0.837974283017692,NA,NA,NA,0.798698343024754,"gaussian",0.5,NA,NA,NA,NA,NA,NA,NA,NA,NA,NA,NA,NA,"20","KS","layernorm_full",105,-2.11529817165899,0.294740964454572,"gauss_0.5x",FALSE
"states-kernel",NA,1003,4.17772919617809,5.330599175785,0.816180866601698,NA,NA,NA,0.762039113148848,"gaussian",0.5,NA,NA,NA,NA,NA,NA,NA,NA,NA,NA,NA,NA,"20","KS","layernorm_full",105,-2.49489236306355,0.416481910157916,"gauss_0.5x",FALSE
"states-kernel",NA,1004,3.77052325510351,4.86272322210264,0.842146512574154,NA,NA,NA,0.801978372694264,"gaussian",0.5,NA,NA,NA,NA,NA,NA,NA,NA,NA,NA,NA,NA,"20","KS","layernorm_full",105,-2.12177969601768,0.284657634516525,"gauss_0.5x",FALSE
"states-kernel",NA,1005,3.15324679548734,4.04037866937994,0.881106617720332,NA,NA,NA,0.863290824994128,"gaussian",0.5,NA,NA,NA,NA,NA,NA,NA,NA,NA,NA,NA,NA,"20","KS","layernorm_full",105,-1.14495273632216,0.182369466619573,"gauss_0.5x",FALSE
"states-kernel",NA,1001,3.94187335167533,4.98883014619933,0.673698514141188,NA,NA,NA,0.64864931258153,"gaussian",0.5,NA,NA,NA,NA,NA,NA,NA,NA,NA,NA,NA,NA,"21","KY","layernorm_full",120,0.153792460893273,0.327391213155306,"gauss_0.5x",FALSE
"states-kernel",NA,1002,4.11075292980149,5.30758413616909,0.639549028789582,NA,NA,NA,0.602316889871505,"gaussian",0.5,NA,NA,NA,NA,NA,NA,NA,NA,NA,NA,NA,NA,"21","KY","layernorm_full",120,-0.686313637799173,0.359155512091231,"gauss_0.5x",FALSE
"states-kernel",NA,1003,3.91971888721599,4.90143919088126,0.668298440823931,NA,NA,NA,0.660850946123565,"gaussian",0.5,NA,NA,NA,NA,NA,NA,NA,NA,NA,NA,NA,NA,"21","KY","layernorm_full",120,-0.342307373467256,0.360951878706516,"gauss_0.5x",FALSE
"states-kernel",NA,1004,4.39057666022462,5.58137845400963,0.609729244314244,NA,NA,NA,0.560229275609023,"gaussian",0.5,NA,NA,NA,NA,NA,NA,NA,NA,NA,NA,NA,NA,"21","KY","layernorm_full",120,0.248100421660344,0.398843893318739,"gauss_0.5x",FALSE
"states-kernel",NA,1005,4.20414144571991,5.3545017503968,0.652269594122202,NA,NA,NA,0.595254991415518,"gaussian",0.5,NA,NA,NA,NA,NA,NA,NA,NA,NA,NA,NA,NA,"21","KY","layernorm_full",120,-1.02923409585784,0.355690908451323,"gauss_0.5x",FALSE
"states-kernel",NA,1001,5.43888672453384,7.15237396660722,0.830443534741707,NA,NA,NA,0.753795130406367,"gaussian",0.5,NA,NA,NA,NA,NA,NA,NA,NA,NA,NA,NA,NA,"22","LA","layernorm_full",64,-3.81327811824085,0.190985516107584,"gauss_0.5x",FALSE
"states-kernel",NA,1002,4.14128929483982,5.84389555679482,0.862220932903712,NA,NA,NA,0.835638119304296,"gaussian",0.5,NA,NA,NA,NA,NA,NA,NA,NA,NA,NA,NA,NA,"22","LA","layernorm_full",64,-2.29728130814684,0.0820943817515304,"gauss_0.5x",FALSE
"states-kernel",NA,1003,5.48440594015727,6.99581494667753,0.835870065173064,NA,NA,NA,0.764455571014507,"gaussian",0.5,NA,NA,NA,NA,NA,NA,NA,NA,NA,NA,NA,NA,"22","LA","layernorm_full",64,-3.83631024593283,0.252987813193761,"gauss_0.5x",FALSE
"states-kernel",NA,1004,5.2807768013047,6.87713159053367,0.85352632732011,NA,NA,NA,0.772379758500705,"gaussian",0.5,NA,NA,NA,NA,NA,NA,NA,NA,NA,NA,NA,NA,"22","LA","layernorm_full",64,-4.08024378752439,0.155646182954372,"gauss_0.5x",FALSE
"states-kernel",NA,1005,5.18127345960005,6.9014077317687,0.847088751571389,NA,NA,NA,0.770769932096406,"gaussian",0.5,NA,NA,NA,NA,NA,NA,NA,NA,NA,NA,NA,NA,"22","LA","layernorm_full",64,-3.92865279692115,0.226890569504849,"gauss_0.5x",FALSE
"states-kernel",NA,1001,7.21916768956565,8.94537569809357,0.867794629989316,NA,NA,NA,0.772396741669106,"gaussian",0.5,NA,NA,NA,NA,NA,NA,NA,NA,NA,NA,NA,NA,"24","MD","layernorm_full",24,-3.75230889597382,0.2746936583777,"gauss_0.5x",FALSE
"states-kernel",NA,1002,7.1921785077027,8.80447692025417,0.853178692229624,NA,NA,NA,0.779510240785163,"gaussian",0.5,NA,NA,NA,NA,NA,NA,NA,NA,NA,NA,NA,NA,"24","MD","layernorm_full",24,-3.27958776148747,0.396398308546073,"gauss_0.5x",FALSE
"states-kernel",NA,1003,7.2393751731023,9.02637005328748,0.846066382621652,NA,NA,NA,0.768256493986767,"gaussian",0.5,NA,NA,NA,NA,NA,NA,NA,NA,NA,NA,NA,NA,"24","MD","layernorm_full",24,-3.48218460957311,0.351905569641956,"gauss_0.5x",FALSE
"states-kernel",NA,1004,7.83137145631518,9.70232510820207,0.820575679755941,NA,NA,NA,0.732247860074657,"gaussian",0.5,NA,NA,NA,NA,NA,NA,NA,NA,NA,NA,NA,NA,"24","MD","layernorm_full",24,-2.39858064587522,0.403483207462167,"gauss_0.5x",FALSE
"states-kernel",NA,1005,7.47715514026094,8.974300357423,0.827358664937757,NA,NA,NA,0.770922462560111,"gaussian",0.5,NA,NA,NA,NA,NA,NA,NA,NA,NA,NA,NA,NA,"24","MD","layernorm_full",24,-2.41685281593418,0.439001039413261,"gauss_0.5x",FALSE
"states-kernel",NA,1001,4.41829239688515,5.70333624077823,0.692602919553376,NA,NA,NA,0.619852352783982,"gaussian",0.5,NA,NA,NA,NA,NA,NA,NA,NA,NA,NA,NA,NA,"26","MI","layernorm_full",83,1.06812828903032,0.29033895644328,"gauss_0.5x",FALSE
"states-kernel",NA,1002,4.20503822160841,5.57419578366622,0.708698182524954,NA,NA,NA,0.636872791211712,"gaussian",0.5,NA,NA,NA,NA,NA,NA,NA,NA,NA,NA,NA,NA,"26","MI","layernorm_full",83,0.411402534353645,0.421684355524694,"gauss_0.5x",FALSE
"states-kernel",NA,1003,4.43998096785849,5.6396068331275,0.674530930054042,NA,NA,NA,0.628300471125677,"gaussian",0.5,NA,NA,NA,NA,NA,NA,NA,NA,NA,NA,NA,NA,"26","MI","layernorm_full",83,-0.2383618260308,0.441141622429883,"gauss_0.5x",FALSE
"states-kernel",NA,1004,4.37282111887534,5.6396870755575,0.727531117924673,NA,NA,NA,0.628289893691294,"gaussian",0.5,NA,NA,NA,NA,NA,NA,NA,NA,NA,NA,NA,NA,"26","MI","layernorm_full",83,1.94020667139006,0.391671873927769,"gauss_0.5x",FALSE
"states-kernel",NA,1005,4.83713735977113,6.30199252870771,0.630682603898043,NA,NA,NA,0.535858798220227,"gaussian",0.5,NA,NA,NA,NA,NA,NA,NA,NA,NA,NA,NA,NA,"26","MI","layernorm_full",83,0.150515064272142,0.458962596289065,"gauss_0.5x",FALSE
"states-kernel",NA,1001,6.47259757649871,7.91828672033352,0.442090336487347,NA,NA,NA,0.3091256342877,"gaussian",0.5,NA,NA,NA,NA,NA,NA,NA,NA,NA,NA,NA,NA,"27","MN","layernorm_full",87,-2.35203308235781,0.573141437395607,"gauss_0.5x",FALSE
"states-kernel",NA,1002,7.27567314939553,8.59132451369372,0.4892515684525,NA,NA,NA,0.18668856356802,"gaussian",0.5,NA,NA,NA,NA,NA,NA,NA,NA,NA,NA,NA,NA,"27","MN","layernorm_full",87,-4.20451908961532,0.583955182353501,"gauss_0.5x",FALSE
"states-kernel",NA,1003,7.10247000762867,8.47894060649712,0.514416341159478,NA,NA,NA,0.207827397412208,"gaussian",0.5,NA,NA,NA,NA,NA,NA,NA,NA,NA,NA,NA,NA,"27","MN","layernorm_full",87,-5.17929491220659,0.487100965058002,"gauss_0.5x",FALSE
"states-kernel",NA,1004,6.40831010687489,7.6919737803102,0.458647947085051,NA,NA,NA,0.348053103424649,"gaussian",0.5,NA,NA,NA,NA,NA,NA,NA,NA,NA,NA,NA,NA,"27","MN","layernorm_full",87,-2.06726795146877,0.593082931194869,"gauss_0.5x",FALSE
"states-kernel",NA,1005,6.76979936546064,8.02371305075001,0.459088485890325,NA,NA,NA,0.290606165690304,"gaussian",0.5,NA,NA,NA,NA,NA,NA,NA,NA,NA,NA,NA,NA,"27","MN","layernorm_full",87,-3.30164406662116,0.548674839418112,"gauss_0.5x",FALSE
"states-kernel",NA,1001,3.17011202543227,4.2068983214377,0.952494667865642,NA,NA,NA,0.951846933835554,"gaussian",0.5,NA,NA,NA,NA,NA,NA,NA,NA,NA,NA,NA,NA,"28","MS","layernorm_full",82,0.426116405405862,0.0726341272124619,"gauss_0.5x",FALSE
"states-kernel",NA,1002,3.74045219270976,4.77760126195151,0.944735097825996,NA,NA,NA,0.937895979461443,"gaussian",0.5,NA,NA,NA,NA,NA,NA,NA,NA,NA,NA,NA,NA,"28","MS","layernorm_full",82,0.371598076974805,0.110306750982953,"gauss_0.5x",FALSE
"states-kernel",NA,1003,3.53570128690108,4.74993966551785,0.939885828674469,NA,NA,NA,0.938613043560228,"gaussian",0.5,NA,NA,NA,NA,NA,NA,NA,NA,NA,NA,NA,NA,"28","MS","layernorm_full",82,-0.546873007378297,0.043252657561305,"gauss_0.5x",FALSE
"states-kernel",NA,1004,3.75570843440659,5.1062084253507,0.930871760442073,NA,NA,NA,0.929059051467403,"gaussian",0.5,NA,NA,NA,NA,NA,NA,NA,NA,NA,NA,NA,NA,"28","MS","layernorm_full",82,0.710635545252863,-0.0611868473855631,"gauss_0.5x",FALSE
"states-kernel",NA,1005,4.01810641689889,5.34989727600588,0.942053772359982,NA,NA,NA,0.922126301462742,"gaussian",0.5,NA,NA,NA,NA,NA,NA,NA,NA,NA,NA,NA,NA,"28","MS","layernorm_full",82,2.07162231087686,0.0293554301594083,"gauss_0.5x",FALSE
"states-kernel",NA,1001,3.7676067615182,4.7418040409288,0.795536475404711,NA,NA,NA,0.749274066046604,"gaussian",0.5,NA,NA,NA,NA,NA,NA,NA,NA,NA,NA,NA,NA,"29","MO","layernorm_full",115,1.70334999748014,0.401829652013071,"gauss_0.5x",FALSE
"states-kernel",NA,1002,3.3042103937209,4.14436110647357,0.832046254302454,NA,NA,NA,0.808474223597427,"gaussian",0.5,NA,NA,NA,NA,NA,NA,NA,NA,NA,NA,NA,NA,"29","MO","layernorm_full",115,1.24238944744484,0.446797085169329,"gauss_0.5x",FALSE
"states-kernel",NA,1003,3.086581308214,3.88805644734615,0.857460735632772,NA,NA,NA,0.831431207534482,"gaussian",0.5,NA,NA,NA,NA,NA,NA,NA,NA,NA,NA,NA,NA,"29","MO","layernorm_full",115,1.32494135792986,0.300536159207391,"gauss_0.5x",FALSE
"states-kernel",NA,1004,3.44905416280082,4.29284213012489,0.821524737242443,NA,NA,NA,0.794504702546932,"gaussian",0.5,NA,NA,NA,NA,NA,NA,NA,NA,NA,NA,NA,NA,"29","MO","layernorm_full",115,1.14190231666383,0.362795635400691,"gauss_0.5x",FALSE
"states-kernel",NA,1005,3.51834341457575,4.30075540449541,0.829989787155552,NA,NA,NA,0.793746398651027,"gaussian",0.5,NA,NA,NA,NA,NA,NA,NA,NA,NA,NA,NA,NA,"29","MO","layernorm_full",115,1.58002626445554,0.418618862835758,"gauss_0.5x",FALSE
"states-kernel",NA,1001,5.90134826975875,8.13699592804004,0.721887328730165,NA,NA,NA,0.65680456536826,"gaussian",0.5,NA,NA,NA,NA,NA,NA,NA,NA,NA,NA,NA,NA,"30","MT","layernorm_full",56,3.54053145822029,0.00632252493805276,"gauss_0.5x",FALSE
"states-kernel",NA,1002,6.52687008599507,9.14007302513692,0.627749778417058,NA,NA,NA,0.566975333582391,"gaussian",0.5,NA,NA,NA,NA,NA,NA,NA,NA,NA,NA,NA,NA,"30","MT","layernorm_full",56,3.39209174111754,-0.0582113670488582,"gauss_0.5x",FALSE
"states-kernel",NA,1003,6.7440123469282,8.78589743682952,0.737881175865288,NA,NA,NA,0.599884327477873,"gaussian",0.5,NA,NA,NA,NA,NA,NA,NA,NA,NA,NA,NA,NA,"30","MT","layernorm_full",56,4.9343727362152,-0.0581688637569656,"gauss_0.5x",FALSE
"states-kernel",NA,1004,6.90265072604271,9.56077874102005,0.71003451584354,NA,NA,NA,0.526194781116312,"gaussian",0.5,NA,NA,NA,NA,NA,NA,NA,NA,NA,NA,NA,NA,"30","MT","layernorm_full",56,5.4919710230311,-0.0302161488606365,"gauss_0.5x",FALSE
"states-kernel",NA,1005,7.78007905493646,11.141404672169,0.537793036887783,NA,NA,NA,0.356582006297991,"gaussian",0.5,NA,NA,NA,NA,NA,NA,NA,NA,NA,NA,NA,NA,"30","MT","layernorm_full",56,5.51603660730128,-0.0674818877283612,"gauss_0.5x",FALSE
"states-kernel",NA,1001,4.38658118252354,5.50464033811867,0.769434414084947,NA,NA,NA,0.654137328634326,"gaussian",0.5,NA,NA,NA,NA,NA,NA,NA,NA,NA,NA,NA,NA,"31","NE","layernorm_full",93,-3.15950032065208,0.246761712702171,"gauss_0.5x",FALSE
"states-kernel",NA,1002,4.44673940091099,5.93283296066756,0.722167796826454,NA,NA,NA,0.598236908940082,"gaussian",0.5,NA,NA,NA,NA,NA,NA,NA,NA,NA,NA,NA,NA,"31","NE","layernorm_full",93,-3.13608292128213,0.337610104912658,"gauss_0.5x",FALSE
"states-kernel",NA,1003,5.42765213053562,6.48505801738058,0.808866918070174,NA,NA,NA,0.51996431147953,"gaussian",0.5,NA,NA,NA,NA,NA,NA,NA,NA,NA,NA,NA,NA,"31","NE","layernorm_full",93,-4.98181859761723,0.246373641563017,"gauss_0.5x",FALSE
"states-kernel",NA,1004,5.25401758662649,6.38195579189591,0.76058689115131,NA,NA,NA,0.535106602954086,"gaussian",0.5,NA,NA,NA,NA,NA,NA,NA,NA,NA,NA,NA,NA,"31","NE","layernorm_full",93,-4.42286293081643,0.282639754196084,"gauss_0.5x",FALSE
"states-kernel",NA,1005,5.21240106247219,6.54401582388306,0.700040088020985,NA,NA,NA,0.511196309125439,"gaussian",0.5,NA,NA,NA,NA,NA,NA,NA,NA,NA,NA,NA,NA,"31","NE","layernorm_full",93,-4.01004139928564,0.266193990964054,"gauss_0.5x",FALSE
"states-kernel",NA,1001,5.57702911584083,7.65264571232294,0.806804418182896,NA,NA,NA,0.664508436948587,"gaussian",0.5,NA,NA,NA,NA,NA,NA,NA,NA,NA,NA,NA,NA,"34","NJ","layernorm_full",21,2.7001123051736,0.249176598616879,"gauss_0.5x",FALSE
"states-kernel",NA,1002,7.3364186666177,8.83354950115938,0.733847905425496,NA,NA,NA,0.55297801590547,"gaussian",0.5,NA,NA,NA,NA,NA,NA,NA,NA,NA,NA,NA,NA,"34","NJ","layernorm_full",21,0.125144075858697,0.49719451423041,"gauss_0.5x",FALSE
"states-kernel",NA,1003,7.05576576922729,8.3325138097112,0.75039164264262,NA,NA,NA,0.602249740286365,"gaussian",0.5,NA,NA,NA,NA,NA,NA,NA,NA,NA,NA,NA,NA,"34","NJ","layernorm_full",21,-0.575161614278688,0.368499516443567,"gauss_0.5x",FALSE
"states-kernel",NA,1004,5.05456178608482,6.78478625622552,0.847088015778352,NA,NA,NA,0.736287492269838,"gaussian",0.5,NA,NA,NA,NA,NA,NA,NA,NA,NA,NA,NA,NA,"34","NJ","layernorm_full",21,3.43872619051467,0.35173507172425,"gauss_0.5x",FALSE
"states-kernel",NA,1005,5.39460933990298,6.82174027860735,0.807864996800803,NA,NA,NA,0.733406995595543,"gaussian",0.5,NA,NA,NA,NA,NA,NA,NA,NA,NA,NA,NA,NA,"34","NJ","layernorm_full",21,1.25196598523874,0.4088082399349,"gauss_0.5x",FALSE
"states-kernel",NA,1001,12.3123471185206,14.4725831234204,0.457705094387199,NA,NA,NA,0.37658173555567,"gaussian",0.5,NA,NA,NA,NA,NA,NA,NA,NA,NA,NA,NA,NA,"35","NM","layernorm_full",33,-0.287727468366515,0.347382520409684,"gauss_0.5x",FALSE
"states-kernel",NA,1002,12.8520990062769,15.3152616809992,0.390414486752181,NA,NA,NA,0.301870065885408,"gaussian",0.5,NA,NA,NA,NA,NA,NA,NA,NA,NA,NA,NA,NA,"35","NM","layernorm_full",33,2.37403298264142,0.281032017649286,"gauss_0.5x",FALSE
"states-kernel",NA,1003,12.3715932317687,15.2220009946446,0.438959290222626,NA,NA,NA,0.310346557342822,"gaussian",0.5,NA,NA,NA,NA,NA,NA,NA,NA,NA,NA,NA,NA,"35","NM","layernorm_full",33,4.72269792245635,0.362553001460818,"gauss_0.5x",FALSE
"states-kernel",NA,1004,12.4650801494108,14.7457767762387,0.386926348848907,NA,NA,NA,0.35282351794936,"gaussian",0.5,NA,NA,NA,NA,NA,NA,NA,NA,NA,NA,NA,NA,"35","NM","layernorm_full",33,1.38906732624643,0.370751644291376,"gauss_0.5x",FALSE
"states-kernel",NA,1005,13.0398951877601,15.5212144637281,0.299092437725741,NA,NA,NA,0.282967540769107,"gaussian",0.5,NA,NA,NA,NA,NA,NA,NA,NA,NA,NA,NA,NA,"35","NM","layernorm_full",33,0.221261380052253,0.3513558531935,"gauss_0.5x",FALSE
"states-kernel",NA,1001,5.10943606385824,6.65920126410813,0.77966387181112,NA,NA,NA,0.775617189808259,"gaussian",0.5,NA,NA,NA,NA,NA,NA,NA,NA,NA,NA,NA,NA,"36","NY","layernorm_full",62,-0.249822293017828,0.488180836902011,"gauss_0.5x",FALSE
"states-kernel",NA,1002,5.95207279350843,7.54458630110614,0.719446834103588,NA,NA,NA,0.711984299896827,"gaussian",0.5,NA,NA,NA,NA,NA,NA,NA,NA,NA,NA,NA,NA,"36","NY","layernorm_full",62,-1.18052456788939,0.524702609496483,"gauss_0.5x",FALSE
"states-kernel",NA,1003,5.01915824434518,6.49510301882198,0.8049459595154,NA,NA,NA,0.786539565777629,"gaussian",0.5,NA,NA,NA,NA,NA,NA,NA,NA,NA,NA,NA,NA,"36","NY","layernorm_full",62,1.42221687669657,0.445324711677346,"gauss_0.5x",FALSE
"states-kernel",NA,1004,6.08534799057194,7.60981461078971,0.717259591687235,NA,NA,NA,0.706982570432366,"gaussian",0.5,NA,NA,NA,NA,NA,NA,NA,NA,NA,NA,NA,NA,"36","NY","layernorm_full",62,0.974883187952707,0.453568954260202,"gauss_0.5x",FALSE
"states-kernel",NA,1005,5.11431447642357,6.56460442275943,0.786967806363852,NA,NA,NA,0.781946820846146,"gaussian",0.5,NA,NA,NA,NA,NA,NA,NA,NA,NA,NA,NA,NA,"36","NY","layernorm_full",62,0.776670254989176,0.414074698434718,"gauss_0.5x",FALSE
"states-kernel",NA,1001,4.17738553163479,5.57287205428874,0.8994290038935,NA,NA,NA,0.842164997478496,"gaussian",0.5,NA,NA,NA,NA,NA,NA,NA,NA,NA,NA,NA,NA,"37","NC","layernorm_full",100,3.1425345769448,0.247656520004506,"gauss_0.5x",FALSE
"states-kernel",NA,1002,4.6122325091245,5.68619228251243,0.917675801731878,NA,NA,NA,0.835680819630886,"gaussian",0.5,NA,NA,NA,NA,NA,NA,NA,NA,NA,NA,NA,NA,"37","NC","layernorm_full",100,3.78784989601029,0.149910658162941,"gauss_0.5x",FALSE
"states-kernel",NA,1003,4.67993422673454,6.18015245139165,0.888708184166305,NA,NA,NA,0.80589194694483,"gaussian",0.5,NA,NA,NA,NA,NA,NA,NA,NA,NA,NA,NA,NA,"37","NC","layernorm_full",100,3.82964159817341,0.218990664377538,"gauss_0.5x",FALSE
"states-kernel",NA,1004,3.90474183225061,5.28617898310716,0.892002149571419,NA,NA,NA,0.857986737650685,"gaussian",0.5,NA,NA,NA,NA,NA,NA,NA,NA,NA,NA,NA,NA,"37","NC","layernorm_full",100,2.45743092063775,0.245385023863687,"gauss_0.5x",FALSE
"states-kernel",NA,1005,4.51035073430925,5.77799374927064,0.904877075000209,NA,NA,NA,0.830332245470467,"gaussian",0.5,NA,NA,NA,NA,NA,NA,NA,NA,NA,NA,NA,NA,"37","NC","layernorm_full",100,3.49214562753461,0.0676832332421557,"gauss_0.5x",FALSE
"states-kernel",NA,1001,7.47929829796981,9.97704937064697,0.471035774173752,NA,NA,NA,0.403768836381109,"gaussian",0.5,NA,NA,NA,NA,NA,NA,NA,NA,NA,NA,NA,NA,"38","ND","layernorm_full",53,-3.31666860363464,0.0407413322102767,"gauss_0.5x",FALSE
"states-kernel",NA,1002,7.36463150792609,10.4691903654572,0.364390218714796,NA,NA,NA,0.343497139218348,"gaussian",0.5,NA,NA,NA,NA,NA,NA,NA,NA,NA,NA,NA,NA,"38","ND","layernorm_full",53,-1.83768478776753,0.00711582653586893,"gauss_0.5x",FALSE
"states-kernel",NA,1003,7.48405473407057,8.91877726271251,0.640562585107218,NA,NA,NA,0.523545903554299,"gaussian",0.5,NA,NA,NA,NA,NA,NA,NA,NA,NA,NA,NA,NA,"38","ND","layernorm_full",53,-4.15220248770091,0.134969266458394,"gauss_0.5x",FALSE
"states-kernel",NA,1004,9.24255155091217,11.005712833537,0.446634213424396,NA,NA,NA,0.274484353547464,"gaussian",0.5,NA,NA,NA,NA,NA,NA,NA,NA,NA,NA,NA,NA,"38","ND","layernorm_full",53,-5.2671942697805,-0.00134638429948577,"gauss_0.5x",FALSE
"states-kernel",NA,1005,6.17155771107528,9.33257175058389,0.48992772609746,NA,NA,NA,0.478309288482212,"gaussian",0.5,NA,NA,NA,NA,NA,NA,NA,NA,NA,NA,NA,NA,"38","ND","layernorm_full",53,-0.665447800862092,-0.0169472502858475,"gauss_0.5x",FALSE
"states-kernel",NA,1001,4.77357359670869,5.92324733655952,0.71613161314121,NA,NA,NA,0.705037929950241,"gaussian",0.5,NA,NA,NA,NA,NA,NA,NA,NA,NA,NA,NA,NA,"39","OH","layernorm_full",88,-1.13761472333609,0.565098300472864,"gauss_0.5x",FALSE
"states-kernel",NA,1002,5.00039065786695,6.03041564873759,0.713270614471381,NA,NA,NA,0.694267976276121,"gaussian",0.5,NA,NA,NA,NA,NA,NA,NA,NA,NA,NA,NA,NA,"39","OH","layernorm_full",88,-1.5033738930758,0.61979367515024,"gauss_0.5x",FALSE
"states-kernel",NA,1003,5.03990357652823,6.40089492367766,0.674681071907023,NA,NA,NA,0.655548696395695,"gaussian",0.5,NA,NA,NA,NA,NA,NA,NA,NA,NA,NA,NA,NA,"39","OH","layernorm_full",88,-1.50736503226571,0.627316615153024,"gauss_0.5x",FALSE
"states-kernel",NA,1004,4.64917089142387,5.7037013376376,0.735650618713303,NA,NA,NA,0.726498325328088,"gaussian",0.5,NA,NA,NA,NA,NA,NA,NA,NA,NA,NA,NA,NA,"39","OH","layernorm_full",88,-0.94391336287303,0.591164213518187,"gauss_0.5x",FALSE
"states-kernel",NA,1005,4.13833982943621,5.24237282543494,0.770647272461129,NA,NA,NA,0.768951983620577,"gaussian",0.5,NA,NA,NA,NA,NA,NA,NA,NA,NA,NA,NA,NA,"39","OH","layernorm_full",88,-0.391931669744574,0.538034208793734,"gauss_0.5x",FALSE
"states-kernel",NA,1001,2.56027308022538,3.48374515726082,0.778818023394675,NA,NA,NA,0.777681647669906,"gaussian",0.5,NA,NA,NA,NA,NA,NA,NA,NA,NA,NA,NA,NA,"40","OK","layernorm_full",77,0.117594796529087,0.257305349034424,"gauss_0.5x",FALSE
"states-kernel",NA,1002,3.92992426201584,5.05523750924827,0.721929553114641,NA,NA,NA,0.531870846210399,"gaussian",0.5,NA,NA,NA,NA,NA,NA,NA,NA,NA,NA,NA,NA,"40","OK","layernorm_full",77,-2.85004527596816,0.351920077708529,"gauss_0.5x",FALSE
"states-kernel",NA,1003,3.12640155624599,4.3347218602597,0.712156265048006,NA,NA,NA,0.655804624484414,"gaussian",0.5,NA,NA,NA,NA,NA,NA,NA,NA,NA,NA,NA,NA,"40","OK","layernorm_full",77,-0.90707794797878,0.281374531844815,"gauss_0.5x",FALSE
"states-kernel",NA,1004,3.17153288364692,3.93048147027674,0.763980620255455,NA,NA,NA,0.717008060611716,"gaussian",0.5,NA,NA,NA,NA,NA,NA,NA,NA,NA,NA,NA,NA,"40","OK","layernorm_full",77,-1.46193570158879,0.25194958278345,"gauss_0.5x",FALSE
"states-kernel",NA,1005,2.72523398511011,3.68752902486623,0.75656759525406,NA,NA,NA,0.750911628210622,"gaussian",0.5,NA,NA,NA,NA,NA,NA,NA,NA,NA,NA,NA,NA,"40","OK","layernorm_full",77,-0.392289126496676,0.295875899066851,"gauss_0.5x",FALSE
"states-kernel",NA,1001,5.6382747412255,6.96511041648115,0.811159892441515,NA,NA,NA,0.810678298256865,"gaussian",0.5,NA,NA,NA,NA,NA,NA,NA,NA,NA,NA,NA,NA,"41","OR","layernorm_full",36,-0.150793871216766,0.445369270257992,"gauss_0.5x",FALSE
"states-kernel",NA,1002,5.944794536515,7.43761770379343,0.786863814356616,NA,NA,NA,0.784120157897877,"gaussian",0.5,NA,NA,NA,NA,NA,NA,NA,NA,NA,NA,NA,NA,"41","OR","layernorm_full",36,-0.754919950652975,0.529690190743568,"gauss_0.5x",FALSE
"states-kernel",NA,1003,5.64408686851086,7.1500893211114,0.80899706177595,NA,NA,NA,0.800488780751378,"gaussian",0.5,NA,NA,NA,NA,NA,NA,NA,NA,NA,NA,NA,NA,"41","OR","layernorm_full",36,0.929578593433908,0.299928640003438,"gauss_0.5x",FALSE
"states-kernel",NA,1004,5.33478735575166,6.99155130978154,0.816497160591497,NA,NA,NA,0.809238167040145,"gaussian",0.5,NA,NA,NA,NA,NA,NA,NA,NA,NA,NA,NA,NA,"41","OR","layernorm_full",36,-0.297834074221359,0.450926549251377,"gauss_0.5x",FALSE
"states-kernel",NA,1005,5.49819133039129,7.45313948540518,0.788922000154102,NA,NA,NA,0.783218165787026,"gaussian",0.5,NA,NA,NA,NA,NA,NA,NA,NA,NA,NA,NA,NA,"41","OR","layernorm_full",36,0.83002175329379,0.334816389682021,"gauss_0.5x",FALSE
"states-kernel",NA,1001,6.83074378141695,8.22644578705883,0.848934787737687,NA,NA,NA,0.586350815468699,"gaussian",0.5,NA,NA,NA,NA,NA,NA,NA,NA,NA,NA,NA,NA,"42","PA","layernorm_full",67,6.41589654801253,0.381910566072111,"gauss_0.5x",FALSE
"states-kernel",NA,1002,6.57993179062182,7.99170366889093,0.853882088708755,NA,NA,NA,0.609621009782862,"gaussian",0.5,NA,NA,NA,NA,NA,NA,NA,NA,NA,NA,NA,NA,"42","PA","layernorm_full",67,5.97708337462377,0.455322366841182,"gauss_0.5x",FALSE
"states-kernel",NA,1003,6.85518946808518,8.25603556755464,0.863364726186832,NA,NA,NA,0.583369746463817,"gaussian",0.5,NA,NA,NA,NA,NA,NA,NA,NA,NA,NA,NA,NA,"42","PA","layernorm_full",67,6.64882226243145,0.415681041441833,"gauss_0.5x",FALSE
"states-kernel",NA,1004,6.55406594807194,7.92832636866557,0.851578993019609,NA,NA,NA,0.615788171123505,"gaussian",0.5,NA,NA,NA,NA,NA,NA,NA,NA,NA,NA,NA,NA,"42","PA","layernorm_full",67,5.75189287534014,0.375023467644294,"gauss_0.5x",FALSE
"states-kernel",NA,1005,6.53389562222906,8.07949262296027,0.836517168752329,NA,NA,NA,0.600997267430413,"gaussian",0.5,NA,NA,NA,NA,NA,NA,NA,NA,NA,NA,NA,NA,"42","PA","layernorm_full",67,6.08831824460052,0.412210380470361,"gauss_0.5x",FALSE
"states-kernel",NA,1001,6.63487080561053,7.85543925861463,0.864767758193186,NA,NA,NA,0.627165265270069,"gaussian",0.5,NA,NA,NA,NA,NA,NA,NA,NA,NA,NA,NA,NA,"45","SC","layernorm_full",46,-5.91101197280862,0.248544102150387,"gauss_0.5x",FALSE
"states-kernel",NA,1002,5.87080750820968,7.48953535940767,0.805506845391545,NA,NA,NA,0.661089388207735,"gaussian",0.5,NA,NA,NA,NA,NA,NA,NA,NA,NA,NA,NA,NA,"45","SC","layernorm_full",46,-4.7269225527571,0.333670118931622,"gauss_0.5x",FALSE
"states-kernel",NA,1003,4.34307923522426,5.50235805398649,0.877809962278903,NA,NA,NA,0.817074979681331,"gaussian",0.5,NA,NA,NA,NA,NA,NA,NA,NA,NA,NA,NA,NA,"45","SC","layernorm_full",46,-2.524964723689,0.282899479636522,"gauss_0.5x",FALSE
"states-kernel",NA,1004,5.06136608596066,6.64679228887916,0.811043963614166,NA,NA,NA,0.733068620328355,"gaussian",0.5,NA,NA,NA,NA,NA,NA,NA,NA,NA,NA,NA,NA,"45","SC","layernorm_full",46,-3.57958017100708,0.426605301489388,"gauss_0.5x",FALSE
"states-kernel",NA,1005,6.13121037223161,7.50223922097249,0.836808065269989,NA,NA,NA,0.659938682645254,"gaussian",0.5,NA,NA,NA,NA,NA,NA,NA,NA,NA,NA,NA,NA,"45","SC","layernorm_full",46,-4.96161012713283,0.321309518591029,"gauss_0.5x",FALSE
"states-kernel",NA,1001,9.04081499208867,13.6458017441545,0.395111470029209,NA,NA,NA,0.13186559632079,"gaussian",0.5,NA,NA,NA,NA,NA,NA,NA,NA,NA,NA,NA,NA,"46","SD","layernorm_full",66,7.49830715501406,0.150690535186251,"gauss_0.5x",FALSE
"states-kernel",NA,1002,8.08294645897243,11.6138643861713,0.544709292963378,NA,NA,NA,0.371156821855015,"gaussian",0.5,NA,NA,NA,NA,NA,NA,NA,NA,NA,NA,NA,NA,"46","SD","layernorm_full",66,5.99616475310334,0.177567254939971,"gauss_0.5x",FALSE
"states-kernel",NA,1003,8.55042724526558,12.3638969099849,0.560775014539048,NA,NA,NA,0.287311742231787,"gaussian",0.5,NA,NA,NA,NA,NA,NA,NA,NA,NA,NA,NA,NA,"46","SD","layernorm_full",66,7.36063894025723,0.110133457241257,"gauss_0.5x",FALSE
"states-kernel",NA,1004,9.21868187216724,12.6671197747981,0.542972107255668,NA,NA,NA,0.251925920180115,"gaussian",0.5,NA,NA,NA,NA,NA,NA,NA,NA,NA,NA,NA,NA,"46","SD","layernorm_full",66,7.89664563087763,0.194164515195973,"gauss_0.5x",FALSE
"states-kernel",NA,1005,8.83497258166618,12.5011362754999,0.534746724336611,NA,NA,NA,0.271402239788592,"gaussian",0.5,NA,NA,NA,NA,NA,NA,NA,NA,NA,NA,NA,NA,"46","SD","layernorm_full",66,7.45054464537814,0.151569132974621,"gauss_0.5x",FALSE
"states-kernel",NA,1001,4.0965824426482,4.97927717371813,0.744971116383985,NA,NA,NA,0.709358901175074,"gaussian",0.5,NA,NA,NA,NA,NA,NA,NA,NA,NA,NA,NA,NA,"47","TN","layernorm_full",95,1.73074879545618,0.477216283187024,"gauss_0.5x",FALSE
"states-kernel",NA,1002,3.44457189806264,4.19693934321249,0.794983276810755,NA,NA,NA,0.793514382110268,"gaussian",0.5,NA,NA,NA,NA,NA,NA,NA,NA,NA,NA,NA,NA,"47","TN","layernorm_full",95,-0.195588662699089,0.400406995408819,"gauss_0.5x",FALSE
"states-kernel",NA,1003,3.43306909896607,4.19401443155686,0.811533589406776,NA,NA,NA,0.793802087835475,"gaussian",0.5,NA,NA,NA,NA,NA,NA,NA,NA,NA,NA,NA,NA,"47","TN","layernorm_full",95,1.22179408232623,0.424640871044406,"gauss_0.5x",FALSE
"states-kernel",NA,1004,3.33816346091899,4.0847157369008,0.821698172803391,NA,NA,NA,0.804409345667958,"gaussian",0.5,NA,NA,NA,NA,NA,NA,NA,NA,NA,NA,NA,NA,"47","TN","layernorm_full",95,1.21332196769229,0.404517504407924,"gauss_0.5x",FALSE
"states-kernel",NA,1005,3.21545038453336,4.00038022879569,0.820797006880274,NA,NA,NA,0.812402534398936,"gaussian",0.5,NA,NA,NA,NA,NA,NA,NA,NA,NA,NA,NA,NA,"47","TN","layernorm_full",95,0.84622153065781,0.332055478436536,"gauss_0.5x",FALSE
"states-kernel",NA,1001,7.67128452603476,10.7943442767081,0.633536841723437,NA,NA,NA,0.572949105652529,"gaussian",0.5,NA,NA,NA,NA,NA,NA,NA,NA,NA,NA,NA,NA,"48","TX","layernorm_full",254,-2.02440919241627,0.645654055207369,"gauss_0.5x",FALSE
"states-kernel",NA,1002,5.81680696779168,8.63012452877977,0.769048051598392,NA,NA,NA,0.727026033900244,"gaussian",0.5,NA,NA,NA,NA,NA,NA,NA,NA,NA,NA,NA,NA,"48","TX","layernorm_full",254,-0.129157642770717,0.489804929816083,"gauss_0.5x",FALSE
"states-kernel",NA,1003,6.60035342388525,11.4580569667745,0.647963324022273,NA,NA,NA,0.518818347660402,"gaussian",0.5,NA,NA,NA,NA,NA,NA,NA,NA,NA,NA,NA,NA,"48","TX","layernorm_full",254,4.03283415915244,0.636712227720114,"gauss_0.5x",FALSE
"states-kernel",NA,1004,6.06187906870985,8.43106596034104,0.768461860546108,NA,NA,NA,0.739473395704546,"gaussian",0.5,NA,NA,NA,NA,NA,NA,NA,NA,NA,NA,NA,NA,"48","TX","layernorm_full",254,-1.54607606706526,0.502713890193865,"gauss_0.5x",FALSE
"states-kernel",NA,1005,6.5914247717452,10.1804350607745,0.646106693131857,NA,NA,NA,0.62014330889344,"gaussian",0.5,NA,NA,NA,NA,NA,NA,NA,NA,NA,NA,NA,NA,"48","TX","layernorm_full",254,-0.298033907326664,0.640191566387906,"gauss_0.5x",FALSE
"states-kernel",NA,1001,8.00501000815462,9.91461769658353,0.519038924145475,NA,NA,NA,0.505012589263309,"gaussian",0.5,NA,NA,NA,NA,NA,NA,NA,NA,NA,NA,NA,NA,"49","UT","layernorm_full",29,-1.40714031749893,-0.0747726049930607,"gauss_0.5x",FALSE
"states-kernel",NA,1002,7.35600060853296,9.08376774340061,0.644668240020381,NA,NA,NA,0.584496916427276,"gaussian",0.5,NA,NA,NA,NA,NA,NA,NA,NA,NA,NA,NA,NA,"49","UT","layernorm_full",29,-3.39178812757936,-0.106514383909887,"gauss_0.5x",FALSE
"states-kernel",NA,1003,9.77249638672295,11.1199024141184,0.541986644495707,NA,NA,NA,0.377349759602732,"gaussian",0.5,NA,NA,NA,NA,NA,NA,NA,NA,NA,NA,NA,NA,"49","UT","layernorm_full",29,-5.58354757711044,-0.114029455960982,"gauss_0.5x",FALSE
"states-kernel",NA,1004,9.35449617152195,11.1534817283851,0.538090685088192,NA,NA,NA,0.373583586837789,"gaussian",0.5,NA,NA,NA,NA,NA,NA,NA,NA,NA,NA,NA,NA,"49","UT","layernorm_full",29,-4.68861502267348,-0.0384021915574267,"gauss_0.5x",FALSE
"states-kernel",NA,1005,6.74352160926176,9.43730589620692,0.59052099608766,NA,NA,NA,0.551524964719574,"gaussian",0.5,NA,NA,NA,NA,NA,NA,NA,NA,NA,NA,NA,NA,"49","UT","layernorm_full",29,-1.67929158743886,0.0107261387824788,"gauss_0.5x",FALSE
"states-kernel",NA,1001,4.89864429082242,6.4570447674672,0.868245653864694,NA,NA,NA,0.858129361823853,"gaussian",0.5,NA,NA,NA,NA,NA,NA,NA,NA,NA,NA,NA,NA,"51","VA","layernorm_full",133,0.890573087339675,0.161989364052471,"gauss_0.5x",FALSE
"states-kernel",NA,1002,5.48000507966275,7.00480712476364,0.833383524116419,NA,NA,NA,0.833038133672653,"gaussian",0.5,NA,NA,NA,NA,NA,NA,NA,NA,NA,NA,NA,NA,"51","VA","layernorm_full",133,0.316690219900203,0.258056416103606,"gauss_0.5x",FALSE
"states-kernel",NA,1003,5.21249924164372,6.73669952713288,0.847448434742721,NA,NA,NA,0.845574405517089,"gaussian",0.5,NA,NA,NA,NA,NA,NA,NA,NA,NA,NA,NA,NA,"51","VA","layernorm_full",133,0.218212404387222,0.275082786116073,"gauss_0.5x",FALSE
"states-kernel",NA,1004,5.40534048235285,7.06410358206879,0.845154203185974,NA,NA,NA,0.830199468642205,"gaussian",0.5,NA,NA,NA,NA,NA,NA,NA,NA,NA,NA,NA,NA,"51","VA","layernorm_full",133,1.49883912963834,0.162080828814511,"gauss_0.5x",FALSE
"states-kernel",NA,1005,5.18741751048451,6.5984505284056,0.85453356783458,NA,NA,NA,0.851847543337561,"gaussian",0.5,NA,NA,NA,NA,NA,NA,NA,NA,NA,NA,NA,NA,"51","VA","layernorm_full",133,-0.84935569695946,0.252258521965651,"gauss_0.5x",FALSE
"states-kernel",NA,1001,6.75338562251298,8.56046451326177,0.673957626622254,NA,NA,NA,0.547614016021478,"gaussian",0.5,NA,NA,NA,NA,NA,NA,NA,NA,NA,NA,NA,NA,"53","WA","layernorm_full",39,4.51441859327554,0.316636246922507,"gauss_0.5x",FALSE
"states-kernel",NA,1002,5.92018832618397,7.36573042365893,0.726427509775326,NA,NA,NA,0.665076116116931,"gaussian",0.5,NA,NA,NA,NA,NA,NA,NA,NA,NA,NA,NA,NA,"53","WA","layernorm_full",39,3.09058688936524,0.232581788132013,"gauss_0.5x",FALSE
"states-kernel",NA,1003,7.07555061475094,8.1877912897725,0.608000693413795,NA,NA,NA,0.586145191091835,"gaussian",0.5,NA,NA,NA,NA,NA,NA,NA,NA,NA,NA,NA,NA,"53","WA","layernorm_full",39,1.5681131881787,0.386373162388831,"gauss_0.5x",FALSE
"states-kernel",NA,1004,6.27371459705917,7.55436562515304,0.692654655491262,NA,NA,NA,0.647701755248256,"gaussian",0.5,NA,NA,NA,NA,NA,NA,NA,NA,NA,NA,NA,NA,"53","WA","layernorm_full",39,2.2231756785886,0.256781385184488,"gauss_0.5x",FALSE
"states-kernel",NA,1005,6.53346347143202,8.03132388371365,0.734410520861659,NA,NA,NA,0.601811457913935,"gaussian",0.5,NA,NA,NA,NA,NA,NA,NA,NA,NA,NA,NA,NA,"53","WA","layernorm_full",39,4.06887118822167,0.152807256363706,"gauss_0.5x",FALSE
"states-kernel",NA,1001,3.46962691956792,4.38454968583396,0.602919672740985,NA,NA,NA,0.573955111741745,"gaussian",0.5,NA,NA,NA,NA,NA,NA,NA,NA,NA,NA,NA,NA,"54","WV","layernorm_full",55,-1.0456787056461,0.300487920714307,"gauss_0.5x",FALSE
"states-kernel",NA,1002,3.77597632845463,4.70868425053442,0.529193624102268,NA,NA,NA,0.508634675488193,"gaussian",0.5,NA,NA,NA,NA,NA,NA,NA,NA,NA,NA,NA,NA,"54","WV","layernorm_full",55,-0.649824223382742,0.360013958881945,"gauss_0.5x",FALSE
"states-kernel",NA,1003,3.49408589062025,4.45020069448748,0.57257027331207,NA,NA,NA,0.561101030115541,"gaussian",0.5,NA,NA,NA,NA,NA,NA,NA,NA,NA,NA,NA,NA,"54","WV","layernorm_full",55,-0.474437278137334,0.327603292474378,"gauss_0.5x",FALSE
"states-kernel",NA,1004,3.59467842684474,4.40574055249579,0.607086857466735,NA,NA,NA,0.569826944332627,"gaussian",0.5,NA,NA,NA,NA,NA,NA,NA,NA,NA,NA,NA,NA,"54","WV","layernorm_full",55,-1.29659796425912,0.200057193056069,"gauss_0.5x",FALSE
"states-kernel",NA,1005,3.93898851108731,4.79556619356758,0.553300001926685,NA,NA,NA,0.490334604942598,"gaussian",0.5,NA,NA,NA,NA,NA,NA,NA,NA,NA,NA,NA,NA,"54","WV","layernorm_full",55,-1.64033331471068,0.322070528058651,"gauss_0.5x",FALSE
"states-kernel",NA,1001,9.30501976352866,12.9196144032752,0.17716855128136,NA,NA,NA,-0.684497737910508,"gaussian",0.5,NA,NA,NA,NA,NA,NA,NA,NA,NA,NA,NA,NA,"55","WI","layernorm_full",72,7.47784858872993,0.417172147819781,"gauss_0.5x",FALSE
"states-kernel",NA,1002,9.35226018007951,12.7884723561698,0.178694653478561,NA,NA,NA,-0.650473920135704,"gaussian",0.5,NA,NA,NA,NA,NA,NA,NA,NA,NA,NA,NA,NA,"55","WI","layernorm_full",72,6.75176261292718,0.463652885229079,"gauss_0.5x",FALSE
"states-kernel",NA,1003,9.26828479594898,12.7310593902901,0.157994079191884,NA,NA,NA,-0.635687807437004,"gaussian",0.5,NA,NA,NA,NA,NA,NA,NA,NA,NA,NA,NA,NA,"55","WI","layernorm_full",72,6.7187868995689,0.482190332034452,"gauss_0.5x",FALSE
"states-kernel",NA,1004,9.32177554946588,13.1802521180331,0.15279934518732,NA,NA,NA,-0.753148738837314,"gaussian",0.5,NA,NA,NA,NA,NA,NA,NA,NA,NA,NA,NA,NA,"55","WI","layernorm_full",72,7.27703933323255,0.423989307139045,"gauss_0.5x",FALSE
"states-kernel",NA,1005,9.17164437019283,13.0495177764739,0.130424771583397,NA,NA,NA,-0.718542412985746,"gaussian",0.5,NA,NA,NA,NA,NA,NA,NA,NA,NA,NA,NA,NA,"55","WI","layernorm_full",72,6.83474678699216,0.434699129748726,"gauss_0.5x",FALSE
"states-kernel",NA,1001,5.7200689556433,6.67017339066011,0.911688136853135,NA,NA,NA,0.731213776119913,"gaussian",0.5,NA,NA,NA,NA,NA,NA,NA,NA,NA,NA,NA,NA,"56","WY","layernorm_full",23,-3.02279906218624,0.0609943351534059,"gauss_0.5x",FALSE
"states-kernel",NA,1002,5.98815877988367,6.70799655161379,0.901922182529965,NA,NA,NA,0.728156833490165,"gaussian",0.5,NA,NA,NA,NA,NA,NA,NA,NA,NA,NA,NA,NA,"56","WY","layernorm_full",23,-4.433958816848,0.0541353786730888,"gauss_0.5x",FALSE
"states-kernel",NA,1003,7.86351127921818,8.93664902523634,0.853893464273348,NA,NA,NA,0.517516836648153,"gaussian",0.5,NA,NA,NA,NA,NA,NA,NA,NA,NA,NA,NA,NA,"56","WY","layernorm_full",23,-6.53676463381632,0.11666014926775,"gauss_0.5x",FALSE
"states-kernel",NA,1004,5.19146692921011,5.91183276609204,0.921320793521525,NA,NA,NA,0.788856829066356,"gaussian",0.5,NA,NA,NA,NA,NA,NA,NA,NA,NA,NA,NA,NA,"56","WY","layernorm_full",23,-3.9288634227108,0.105004664670699,"gauss_0.5x",FALSE
"states-kernel",NA,1005,6.25815764432578,7.48164885251943,0.787292431553608,NA,NA,NA,0.661835977463028,"gaussian",0.5,NA,NA,NA,NA,NA,NA,NA,NA,NA,NA,NA,NA,"56","WY","layernorm_full",23,-2.58340198308349,0.16374736138924,"gauss_0.5x",FALSE
"states-kernel",NA,1001,4.1872016286304,5.03126475111922,0.965913813261097,NA,NA,NA,0.936101188259174,"gaussian",1,NA,NA,NA,NA,NA,NA,NA,NA,NA,NA,NA,NA,"01","AL","layernorm_full",67,-0.174934990741948,0.438826400974848,"gauss_1x",FALSE
"states-kernel",NA,1002,4.24474892939412,5.20472669384537,0.968121402917631,NA,NA,NA,0.931619180950607,"gaussian",1,NA,NA,NA,NA,NA,NA,NA,NA,NA,NA,NA,NA,"01","AL","layernorm_full",67,-0.476796295082448,0.344576313684305,"gauss_1x",FALSE
"states-kernel",NA,1003,4.69129493904626,5.62412890497207,0.956997586725484,NA,NA,NA,0.920154770710974,"gaussian",1,NA,NA,NA,NA,NA,NA,NA,NA,NA,NA,NA,NA,"01","AL","layernorm_full",67,0.123396078433607,0.450866189595908,"gauss_1x",FALSE
"states-kernel",NA,1004,5.0722720560908,5.97757313181997,0.949369643762088,NA,NA,NA,0.909803800951507,"gaussian",1,NA,NA,NA,NA,NA,NA,NA,NA,NA,NA,NA,NA,"01","AL","layernorm_full",67,-1.41594490843759,0.404969455394987,"gauss_1x",FALSE
"states-kernel",NA,1005,3.66756555598089,4.64781203323507,0.971360864704282,NA,NA,NA,0.94546999316938,"gaussian",1,NA,NA,NA,NA,NA,NA,NA,NA,NA,NA,NA,NA,"01","AL","layernorm_full",67,-0.602191507775991,0.389308849887061,"gauss_1x",FALSE
"states-kernel",NA,1001,4.72158116331234,5.72788774238045,0.887908282477235,NA,NA,NA,0.773283734753619,"gaussian",1,NA,NA,NA,NA,NA,NA,NA,NA,NA,NA,NA,NA,"05","AR","layernorm_full",75,-3.98829994598961,0.200699586606911,"gauss_1x",FALSE
"states-kernel",NA,1002,3.10651347302111,3.99523715010943,0.905164933984052,NA,NA,NA,0.889699162587697,"gaussian",1,NA,NA,NA,NA,NA,NA,NA,NA,NA,NA,NA,NA,"05","AR","layernorm_full",75,-1.27761306968771,0.154533847608286,"gauss_1x",FALSE
"states-kernel",NA,1003,2.71269874797703,3.48366829954932,0.919053604151247,NA,NA,NA,0.9161376021074,"gaussian",1,NA,NA,NA,NA,NA,NA,NA,NA,NA,NA,NA,NA,"05","AR","layernorm_full",75,-0.580963500590825,0.118761190426439,"gauss_1x",FALSE
"states-kernel",NA,1004,3.7170042473285,4.53796944489702,0.909529908665232,NA,NA,NA,0.857696095058517,"gaussian",1,NA,NA,NA,NA,NA,NA,NA,NA,NA,NA,NA,NA,"05","AR","layernorm_full",75,-2.52560225441408,0.157650864275989,"gauss_1x",FALSE
"states-kernel",NA,1005,3.27832170577628,4.06052964794942,0.903609315633739,NA,NA,NA,0.886064502082664,"gaussian",1,NA,NA,NA,NA,NA,NA,NA,NA,NA,NA,NA,NA,"05","AR","layernorm_full",75,-1.23369611923654,0.11803243312114,"gauss_1x",FALSE
"states-kernel",NA,1001,8.47994410958878,10.5407191779379,0.763131658923542,NA,NA,NA,0.581845748192565,"gaussian",1,NA,NA,NA,NA,NA,NA,NA,NA,NA,NA,NA,NA,"06","CA","layernorm_full",58,6.63303674035867,0.276477681962572,"gauss_1x",FALSE
"states-kernel",NA,1002,9.07206548193764,11.5785367358617,0.708284550911197,NA,NA,NA,0.495450957279854,"gaussian",1,NA,NA,NA,NA,NA,NA,NA,NA,NA,NA,NA,NA,"06","CA","layernorm_full",58,7.41960654910352,0.320562029196047,"gauss_1x",FALSE
"states-kernel",NA,1003,7.95850384468438,9.91509473617697,0.751057031322838,NA,NA,NA,0.630010186764935,"gaussian",1,NA,NA,NA,NA,NA,NA,NA,NA,NA,NA,NA,NA,"06","CA","layernorm_full",58,5.43238047349728,0.344265205056607,"gauss_1x",FALSE
"states-kernel",NA,1004,8.48505526350207,10.9984183737204,0.710721974668427,NA,NA,NA,0.544743135761129,"gaussian",1,NA,NA,NA,NA,NA,NA,NA,NA,NA,NA,NA,NA,"06","CA","layernorm_full",58,6.6408771329924,0.391483374111136,"gauss_1x",FALSE
"states-kernel",NA,1005,10.0759709803033,12.5479377949255,0.575513962569009,NA,NA,NA,0.40742852073929,"gaussian",1,NA,NA,NA,NA,NA,NA,NA,NA,NA,NA,NA,NA,"06","CA","layernorm_full",58,4.913005847426,0.50716990075451,"gauss_1x",FALSE
"states-kernel",NA,1001,7.47765228351885,9.54949011046779,0.773048492591281,NA,NA,NA,0.721814199490113,"gaussian",1,NA,NA,NA,NA,NA,NA,NA,NA,NA,NA,NA,NA,"08","CO","layernorm_full",64,-3.73048696877287,0.27027977582631,"gauss_1x",FALSE
"states-kernel",NA,1002,8.46492701432691,10.5079068303015,0.762923706904382,NA,NA,NA,0.663172905802462,"gaussian",1,NA,NA,NA,NA,NA,NA,NA,NA,NA,NA,NA,NA,"08","CO","layernorm_full",64,-5.12052394955246,0.222728102759034,"gauss_1x",FALSE
"states-kernel",NA,1003,8.00165439113636,9.81956814836118,0.77576607836788,NA,NA,NA,0.705856423396582,"gaussian",1,NA,NA,NA,NA,NA,NA,NA,NA,NA,NA,NA,NA,"08","CO","layernorm_full",64,-3.54417352568072,0.255955311119457,"gauss_1x",FALSE
"states-kernel",NA,1004,7.90536493985611,9.98634440331375,0.835995576465655,NA,NA,NA,0.695780063602578,"gaussian",1,NA,NA,NA,NA,NA,NA,NA,NA,NA,NA,NA,NA,"08","CO","layernorm_full",64,-6.3776074036392,0.305764097668681,"gauss_1x",FALSE
"states-kernel",NA,1005,7.45285296791951,9.26839507582201,0.78306951782091,NA,NA,NA,0.737950299630792,"gaussian",1,NA,NA,NA,NA,NA,NA,NA,NA,NA,NA,NA,NA,"08","CO","layernorm_full",64,-3.67319242382841,0.198277243394694,"gauss_1x",FALSE
"states-kernel",NA,1001,5.46348494067451,6.56785024209672,0.850193203070825,NA,NA,NA,0.777247177863138,"gaussian",1,NA,NA,NA,NA,NA,NA,NA,NA,NA,NA,NA,NA,"12","FL","layernorm_full",67,-3.13867190683783,0.423725645962376,"gauss_1x",FALSE
"states-kernel",NA,1002,6.8462470941505,9.05817845030935,0.77650862814765,NA,NA,NA,0.576299988030267,"gaussian",1,NA,NA,NA,NA,NA,NA,NA,NA,NA,NA,NA,NA,"12","FL","layernorm_full",67,-3.19924478252851,0.646899389734906,"gauss_1x",FALSE
"states-kernel",NA,1003,4.12499896063269,5.28964478327824,0.857710533919332,NA,NA,NA,0.855512675483661,"gaussian",1,NA,NA,NA,NA,NA,NA,NA,NA,NA,NA,NA,NA,"12","FL","layernorm_full",67,0.598075200315304,0.0836824337349845,"gauss_1x",FALSE
"states-kernel",NA,1004,5.24701643134016,6.7155366600577,0.809266127034943,NA,NA,NA,0.767116789119172,"gaussian",1,NA,NA,NA,NA,NA,NA,NA,NA,NA,NA,NA,NA,"12","FL","layernorm_full",67,-0.616101683538267,0.458554394572539,"gauss_1x",FALSE
"states-kernel",NA,1005,5.30580809272705,6.26571130418355,0.88864418456199,NA,NA,NA,0.797270246115614,"gaussian",1,NA,NA,NA,NA,NA,NA,NA,NA,NA,NA,NA,NA,"12","FL","layernorm_full",67,-4.11693440501056,0.207324739443232,"gauss_1x",FALSE
"states-kernel",NA,1001,4.4741017742464,5.98397951281848,0.871196156654436,NA,NA,NA,0.858928693169311,"gaussian",1,NA,NA,NA,NA,NA,NA,NA,NA,NA,NA,NA,NA,"13","GA","layernorm_full",159,-0.961044554627381,0.253190043958075,"gauss_1x",FALSE
"states-kernel",NA,1002,4.41358651016899,5.47972815827157,0.895748645651803,NA,NA,NA,0.881702239764567,"gaussian",1,NA,NA,NA,NA,NA,NA,NA,NA,NA,NA,NA,NA,"13","GA","layernorm_full",159,-1.02572536273112,0.339662661815289,"gauss_1x",FALSE
"states-kernel",NA,1003,4.39869893346631,5.54309553020134,0.903227915955113,NA,NA,NA,0.878950438599573,"gaussian",1,NA,NA,NA,NA,NA,NA,NA,NA,NA,NA,NA,NA,"13","GA","layernorm_full",159,-2.08165043439841,0.248650405600309,"gauss_1x",FALSE
"states-kernel",NA,1004,4.30398889907326,5.65776942550394,0.880271628410984,NA,NA,NA,0.873890157766292,"gaussian",1,NA,NA,NA,NA,NA,NA,NA,NA,NA,NA,NA,NA,"13","GA","layernorm_full",159,-0.245776677900195,0.278392229307653,"gauss_1x",FALSE
"states-kernel",NA,1005,4.50223825225666,5.98434975712192,0.865952029130481,NA,NA,NA,0.858911235735358,"gaussian",1,NA,NA,NA,NA,NA,NA,NA,NA,NA,NA,NA,NA,"13","GA","layernorm_full",159,-0.440580879490893,0.285954595353187,"gauss_1x",FALSE
"states-kernel",NA,1001,7.6246810445776,9.53387323698854,0.501605262550347,NA,NA,NA,0.343166941803735,"gaussian",1,NA,NA,NA,NA,NA,NA,NA,NA,NA,NA,NA,NA,"16","ID","layernorm_full",44,-4.54117849873866,0.0451971482802544,"gauss_1x",FALSE
"states-kernel",NA,1002,6.66986660184194,8.70922850756342,0.471920722215764,NA,NA,NA,0.451880027780446,"gaussian",1,NA,NA,NA,NA,NA,NA,NA,NA,NA,NA,NA,NA,"16","ID","layernorm_full",44,-0.750172645572559,0.199706412122689,"gauss_1x",FALSE
"states-kernel",NA,1003,7.61987615674022,10.2199580431747,0.402802683417386,NA,NA,NA,0.245230257223959,"gaussian",1,NA,NA,NA,NA,NA,NA,NA,NA,NA,NA,NA,NA,"16","ID","layernorm_full",44,-4.22446869498505,0.106822216764287,"gauss_1x",FALSE
"states-kernel",NA,1004,8.51982517077516,10.2118795496258,0.504706896901663,NA,NA,NA,0.246423019970766,"gaussian",1,NA,NA,NA,NA,NA,NA,NA,NA,NA,NA,NA,NA,"16","ID","layernorm_full",44,-5.97365659910621,0.0863110105327877,"gauss_1x",FALSE
"states-kernel",NA,1005,6.68297611487758,9.66685413171167,0.340197750920412,NA,NA,NA,0.324715802493745,"gaussian",1,NA,NA,NA,NA,NA,NA,NA,NA,NA,NA,NA,NA,"16","ID","layernorm_full",44,0.304565409847557,0.117856372527783,"gauss_1x",FALSE
"states-kernel",NA,1001,6.71978166228467,7.96293549648791,0.81801713707774,NA,NA,NA,0.574853806903577,"gaussian",1,NA,NA,NA,NA,NA,NA,NA,NA,NA,NA,NA,NA,"17","IL","layernorm_full",102,-5.98388507561255,0.507001230588122,"gauss_1x",FALSE
"states-kernel",NA,1002,5.38220404882594,6.44429800792188,0.792553227231102,NA,NA,NA,0.721552623570091,"gaussian",1,NA,NA,NA,NA,NA,NA,NA,NA,NA,NA,NA,NA,"17","IL","layernorm_full",102,-3.24789452897207,0.508713773644271,"gauss_1x",FALSE
"states-kernel",NA,1003,5.27344746575102,6.16101804526655,0.810698512139474,NA,NA,NA,0.745494682466967,"gaussian",1,NA,NA,NA,NA,NA,NA,NA,NA,NA,NA,NA,NA,"17","IL","layernorm_full",102,-2.90486209277355,0.558081739172914,"gauss_1x",FALSE
"states-kernel",NA,1004,5.04048700407948,5.97907619961584,0.828785962644519,NA,NA,NA,0.760304392430584,"gaussian",1,NA,NA,NA,NA,NA,NA,NA,NA,NA,NA,NA,NA,"17","IL","layernorm_full",102,-3.17799328264077,0.47499390571625,"gauss_1x",FALSE
"states-kernel",NA,1005,5.22428425538677,6.10664419444646,0.813047461376416,NA,NA,NA,0.749967115028316,"gaussian",1,NA,NA,NA,NA,NA,NA,NA,NA,NA,NA,NA,NA,"17","IL","layernorm_full",102,-2.99557838608828,0.514538729176421,"gauss_1x",FALSE
"states-kernel",NA,1001,4.29965912340025,5.84458513650673,0.750030659230245,NA,NA,NA,0.600706155550801,"gaussian",1,NA,NA,NA,NA,NA,NA,NA,NA,NA,NA,NA,NA,"18","IN","layernorm_full",92,3.40408766379224,0.271894803282537,"gauss_1x",FALSE
"states-kernel",NA,1002,4.11851241381254,5.72478020421443,0.682404555804167,NA,NA,NA,0.616908186976491,"gaussian",1,NA,NA,NA,NA,NA,NA,NA,NA,NA,NA,NA,NA,"18","IN","layernorm_full",92,2.24877737503308,0.362468420850784,"gauss_1x",FALSE
"states-kernel",NA,1003,3.8431730221357,5.22653768522813,0.707507337842658,NA,NA,NA,0.680689346274368,"gaussian",1,NA,NA,NA,NA,NA,NA,NA,NA,NA,NA,NA,NA,"18","IN","layernorm_full",92,1.44159603267253,0.37471947314471,"gauss_1x",FALSE
"states-kernel",NA,1004,4.30697842619145,6.00230831028535,0.688186506029377,NA,NA,NA,0.57886451646443,"gaussian",1,NA,NA,NA,NA,NA,NA,NA,NA,NA,NA,NA,NA,"18","IN","layernorm_full",92,2.88306950279949,0.35617261172835,"gauss_1x",FALSE
"states-kernel",NA,1005,3.96315575829557,5.57171910413502,0.724945629844375,NA,NA,NA,0.637119472949169,"gaussian",1,NA,NA,NA,NA,NA,NA,NA,NA,NA,NA,NA,NA,"18","IN","layernorm_full",92,2.57016901596007,0.352500185287047,"gauss_1x",FALSE
"states-kernel",NA,1001,4.38805487642952,5.30011452611019,0.739821552719528,NA,NA,NA,0.675032835557436,"gaussian",1,NA,NA,NA,NA,NA,NA,NA,NA,NA,NA,NA,NA,"19","IA","layernorm_full",99,2.28255245921692,0.317919307773622,"gauss_1x",FALSE
"states-kernel",NA,1002,4.31328412249915,5.17692924823457,0.752103541769698,NA,NA,NA,0.689963066957123,"gaussian",1,NA,NA,NA,NA,NA,NA,NA,NA,NA,NA,NA,NA,"19","IA","layernorm_full",99,2.31505751556998,0.337382669007929,"gauss_1x",FALSE
"states-kernel",NA,1003,4.4670611169767,5.39823808314909,0.713807102349174,NA,NA,NA,0.6628889081106,"gaussian",1,NA,NA,NA,NA,NA,NA,NA,NA,NA,NA,NA,NA,"19","IA","layernorm_full",99,2.06685780011516,0.387180877353412,"gauss_1x",FALSE
"states-kernel",NA,1004,5.33678880852607,6.26872965601065,0.715779918819645,NA,NA,NA,0.545401441027726,"gaussian",1,NA,NA,NA,NA,NA,NA,NA,NA,NA,NA,NA,NA,"19","IA","layernorm_full",99,3.83770956991086,0.416501814673958,"gauss_1x",FALSE
"states-kernel",NA,1005,4.85866384231775,5.80925250072707,0.715077936409811,NA,NA,NA,0.609600295687847,"gaussian",1,NA,NA,NA,NA,NA,NA,NA,NA,NA,NA,NA,NA,"19","IA","layernorm_full",99,2.88244187142495,0.298704060441252,"gauss_1x",FALSE
"states-kernel",NA,1001,3.78458300282364,4.64995460445921,0.855110773091716,NA,NA,NA,0.818928145588685,"gaussian",1,NA,NA,NA,NA,NA,NA,NA,NA,NA,NA,NA,NA,"20","KS","layernorm_full",105,-2.07854561697552,0.238129153482784,"gauss_1x",FALSE
"states-kernel",NA,1002,3.48717308743577,4.51348595759584,0.862217025872225,NA,NA,NA,0.829400515537091,"gaussian",1,NA,NA,NA,NA,NA,NA,NA,NA,NA,NA,NA,NA,"20","KS","layernorm_full",105,-1.94259475253817,0.373655533262329,"gauss_1x",FALSE
"states-kernel",NA,1003,3.62138556120645,4.6518719817726,0.853461345468797,NA,NA,NA,0.818778787294002,"gaussian",1,NA,NA,NA,NA,NA,NA,NA,NA,NA,NA,NA,NA,"20","KS","layernorm_full",105,-1.99209964998825,0.287007919077138,"gauss_1x",FALSE
"states-kernel",NA,1004,4.48140073418709,5.45519538506712,0.841329399213465,NA,NA,NA,0.750785020227038,"gaussian",1,NA,NA,NA,NA,NA,NA,NA,NA,NA,NA,NA,NA,"20","KS","layernorm_full",105,-3.27226199741323,0.288571042635382,"gauss_1x",FALSE
"states-kernel",NA,1005,3.1578904257348,3.9298041966058,0.900699656992698,NA,NA,NA,0.870671170378715,"gaussian",1,NA,NA,NA,NA,NA,NA,NA,NA,NA,NA,NA,NA,"20","KS","layernorm_full",105,-1.84158520324371,0.126797006263639,"gauss_1x",FALSE
"states-kernel",NA,1001,4.02810737741986,5.20938726736909,0.669889502480813,NA,NA,NA,0.616896023096899,"gaussian",1,NA,NA,NA,NA,NA,NA,NA,NA,NA,NA,NA,NA,"21","KY","layernorm_full",120,1.18450405799077,0.357780166764571,"gauss_1x",FALSE
"states-kernel",NA,1002,4.02566937527899,5.02820458987898,0.658021974554112,NA,NA,NA,0.643081341354306,"gaussian",1,NA,NA,NA,NA,NA,NA,NA,NA,NA,NA,NA,NA,"21","KY","layernorm_full",120,-0.579515714248896,0.36454010311201,"gauss_1x",FALSE
"states-kernel",NA,1003,4.07537512774006,5.02308510671547,0.646037906584087,NA,NA,NA,0.643807767189325,"gaussian",1,NA,NA,NA,NA,NA,NA,NA,NA,NA,NA,NA,NA,"21","KY","layernorm_full",120,-0.327146144836861,0.400335010367604,"gauss_1x",FALSE
"states-kernel",NA,1004,3.993353558942,4.96171984370306,0.65939051619638,NA,NA,NA,0.652457557061145,"gaussian",1,NA,NA,NA,NA,NA,NA,NA,NA,NA,NA,NA,NA,"21","KY","layernorm_full",120,0.14727062909355,0.363351405592781,"gauss_1x",FALSE
"states-kernel",NA,1005,4.09095191445776,4.95481693862233,0.671190223505316,NA,NA,NA,0.653423908951599,"gaussian",1,NA,NA,NA,NA,NA,NA,NA,NA,NA,NA,NA,NA,"21","KY","layernorm_full",120,-0.826400002100669,0.367599951157713,"gauss_1x",FALSE
"states-kernel",NA,1001,5.82416207778146,7.46307725999142,0.836116024143025,NA,NA,NA,0.731939955041181,"gaussian",1,NA,NA,NA,NA,NA,NA,NA,NA,NA,NA,NA,NA,"22","LA","layernorm_full",64,-4.5930273505285,0.222480065535198,"gauss_1x",FALSE
"states-kernel",NA,1002,5.38616663729631,6.72181299088606,0.852988497034692,NA,NA,NA,0.782545168067334,"gaussian",1,NA,NA,NA,NA,NA,NA,NA,NA,NA,NA,NA,NA,"22","LA","layernorm_full",64,-3.82265950949474,0.325805232806878,"gauss_1x",FALSE
"states-kernel",NA,1003,5.79466135526696,7.19656063144501,0.843064934105154,NA,NA,NA,0.750743674563519,"gaussian",1,NA,NA,NA,NA,NA,NA,NA,NA,NA,NA,NA,NA,"22","LA","layernorm_full",64,-4.36368645003066,0.21161634958778,"gauss_1x",FALSE
"states-kernel",NA,1004,5.18342111198235,6.71640648626669,0.835218196446401,NA,NA,NA,0.78289483496401,"gaussian",1,NA,NA,NA,NA,NA,NA,NA,NA,NA,NA,NA,NA,"22","LA","layernorm_full",64,-3.29268210344077,0.267509378414966,"gauss_1x",FALSE
"states-kernel",NA,1005,4.50101014947198,5.98488024851454,0.861497366424944,NA,NA,NA,0.827611956395093,"gaussian",1,NA,NA,NA,NA,NA,NA,NA,NA,NA,NA,NA,NA,"22","LA","layernorm_full",64,-2.54531049865984,0.0394244988580899,"gauss_1x",FALSE
"states-kernel",NA,1001,7.83247398536426,9.68929015767457,0.812231767144312,NA,NA,NA,0.732966819990356,"gaussian",1,NA,NA,NA,NA,NA,NA,NA,NA,NA,NA,NA,NA,"24","MD","layernorm_full",24,-4.63950772828693,0.369947014074856,"gauss_1x",FALSE
"states-kernel",NA,1002,7.69544206482628,9.36070206534034,0.790948328499358,NA,NA,NA,0.750771243994024,"gaussian",1,NA,NA,NA,NA,NA,NA,NA,NA,NA,NA,NA,NA,"24","MD","layernorm_full",24,-2.91331184892467,0.39035103885942,"gauss_1x",FALSE
"states-kernel",NA,1003,7.53263019792373,9.24250583214408,0.816290490281415,NA,NA,NA,0.757025458610427,"gaussian",1,NA,NA,NA,NA,NA,NA,NA,NA,NA,NA,NA,NA,"24","MD","layernorm_full",24,-2.49623485501966,0.33594985369694,"gauss_1x",FALSE
"states-kernel",NA,1004,7.55930690293204,8.79071893836919,0.83156143251782,NA,NA,NA,0.780198782319953,"gaussian",1,NA,NA,NA,NA,NA,NA,NA,NA,NA,NA,NA,NA,"24","MD","layernorm_full",24,-2.68891557222736,0.34250687565816,"gauss_1x",FALSE
"states-kernel",NA,1005,7.6387282368942,8.82093153571147,0.83861310760191,NA,NA,NA,0.778685327625129,"gaussian",1,NA,NA,NA,NA,NA,NA,NA,NA,NA,NA,NA,NA,"24","MD","layernorm_full",24,-2.630735216484,0.484570271762019,"gauss_1x",FALSE
"states-kernel",NA,1001,4.53425168354184,5.74620333801642,0.687119313245151,NA,NA,NA,0.614116388304023,"gaussian",1,NA,NA,NA,NA,NA,NA,NA,NA,NA,NA,NA,NA,"26","MI","layernorm_full",83,-0.209764833522042,0.330846988831537,"gauss_1x",FALSE
"states-kernel",NA,1002,3.74219913252994,4.66293804591988,0.779502876978628,NA,NA,NA,0.745894745906622,"gaussian",1,NA,NA,NA,NA,NA,NA,NA,NA,NA,NA,NA,NA,"26","MI","layernorm_full",83,-0.885082402317853,0.213520795815301,"gauss_1x",FALSE
"states-kernel",NA,1003,4.84033605574349,6.38231826495964,0.62371712428456,NA,NA,NA,0.523951425606989,"gaussian",1,NA,NA,NA,NA,NA,NA,NA,NA,NA,NA,NA,NA,"26","MI","layernorm_full",83,0.689109654787086,0.600585770753055,"gauss_1x",FALSE
"states-kernel",NA,1004,4.20121252518691,5.2540636179995,0.714590544963133,NA,NA,NA,0.677384663813351,"gaussian",1,NA,NA,NA,NA,NA,NA,NA,NA,NA,NA,NA,NA,"26","MI","layernorm_full",83,-0.0128318056691392,0.42784446854005,"gauss_1x",FALSE
"states-kernel",NA,1005,4.05103524063976,5.22302598710331,0.728808204839632,NA,NA,NA,0.681185013649416,"gaussian",1,NA,NA,NA,NA,NA,NA,NA,NA,NA,NA,NA,NA,"26","MI","layernorm_full",83,0.661088145643288,0.372004047460723,"gauss_1x",FALSE
"states-kernel",NA,1001,6.1545723528482,7.43254371237786,0.547473636967444,NA,NA,NA,0.391288402734867,"gaussian",1,NA,NA,NA,NA,NA,NA,NA,NA,NA,NA,NA,NA,"27","MN","layernorm_full",87,-3.66828805530036,0.515094308773336,"gauss_1x",FALSE
"states-kernel",NA,1002,7.20784489499452,8.50270854403546,0.536504274947961,NA,NA,NA,0.203379978962964,"gaussian",1,NA,NA,NA,NA,NA,NA,NA,NA,NA,NA,NA,NA,"27","MN","layernorm_full",87,-5.20296413548027,0.576118709247924,"gauss_1x",FALSE
"states-kernel",NA,1003,7.42213950751087,8.81492167420676,0.445305654165778,NA,NA,NA,0.143803304519195,"gaussian",1,NA,NA,NA,NA,NA,NA,NA,NA,NA,NA,NA,NA,"27","MN","layernorm_full",87,-4.65503473413592,0.554093871785176,"gauss_1x",FALSE
"states-kernel",NA,1004,7.8302380950019,9.34011875181015,0.470632680773305,NA,NA,NA,0.0387387670138334,"gaussian",1,NA,NA,NA,NA,NA,NA,NA,NA,NA,NA,NA,NA,"27","MN","layernorm_full",87,-6.15094275461522,0.570339853356901,"gauss_1x",FALSE
"states-kernel",NA,1005,6.21137892030783,7.52831209179575,0.54573540255854,NA,NA,NA,0.375500835704347,"gaussian",1,NA,NA,NA,NA,NA,NA,NA,NA,NA,NA,NA,NA,"27","MN","layernorm_full",87,-3.8281574497769,0.519817428748924,"gauss_1x",FALSE
"states-kernel",NA,1001,3.43164927525988,4.73789865555925,0.961289405042345,NA,NA,NA,0.938923878697544,"gaussian",1,NA,NA,NA,NA,NA,NA,NA,NA,NA,NA,NA,NA,"28","MS","layernorm_full",82,2.06414639846703,0.0767709730773861,"gauss_1x",FALSE
"states-kernel",NA,1002,3.48706381360862,4.52707248938826,0.957443274576474,NA,NA,NA,0.944238453175818,"gaussian",1,NA,NA,NA,NA,NA,NA,NA,NA,NA,NA,NA,NA,"28","MS","layernorm_full",82,1.03534164858222,0.0548893180156625,"gauss_1x",FALSE
"states-kernel",NA,1003,3.8017443710099,5.17320634805866,0.951142862898583,NA,NA,NA,0.927185223818163,"gaussian",1,NA,NA,NA,NA,NA,NA,NA,NA,NA,NA,NA,NA,"28","MS","layernorm_full",82,0.681442176048717,0.257495664347422,"gauss_1x",FALSE
"states-kernel",NA,1004,3.51152657377752,4.81059147588675,0.945333952188952,NA,NA,NA,0.937035338915183,"gaussian",1,NA,NA,NA,NA,NA,NA,NA,NA,NA,NA,NA,NA,"28","MS","layernorm_full",82,1.15247144127727,0.0727543922416294,"gauss_1x",FALSE
"states-kernel",NA,1005,3.55461707199981,4.7798072092685,0.951844185910782,NA,NA,NA,0.937838616019896,"gaussian",1,NA,NA,NA,NA,NA,NA,NA,NA,NA,NA,NA,NA,"28","MS","layernorm_full",82,1.7506667477458,0.104902941527321,"gauss_1x",FALSE
"states-kernel",NA,1001,4.12868384279783,5.07423152360291,0.814600940513568,NA,NA,NA,0.712887162715399,"gaussian",1,NA,NA,NA,NA,NA,NA,NA,NA,NA,NA,NA,NA,"29","MO","layernorm_full",115,2.72505171971216,0.398502481048334,"gauss_1x",FALSE
"states-kernel",NA,1002,3.50468425708604,4.33579932237153,0.860223000263578,NA,NA,NA,0.790371465024643,"gaussian",1,NA,NA,NA,NA,NA,NA,NA,NA,NA,NA,NA,NA,"29","MO","layernorm_full",115,2.42869478455781,0.376618568684985,"gauss_1x",FALSE
"states-kernel",NA,1003,4.11388346682491,4.95820605891425,0.846910944135281,NA,NA,NA,0.725867077336164,"gaussian",1,NA,NA,NA,NA,NA,NA,NA,NA,NA,NA,NA,NA,"29","MO","layernorm_full",115,3.14783558446209,0.36558919122691,"gauss_1x",FALSE
"states-kernel",NA,1004,3.26873130164133,4.17252014474486,0.830254765212556,NA,NA,NA,0.805862721544373,"gaussian",1,NA,NA,NA,NA,NA,NA,NA,NA,NA,NA,NA,NA,"29","MO","layernorm_full",115,1.33228852029814,0.347806182881381,"gauss_1x",FALSE
"states-kernel",NA,1005,3.68736230424888,4.60739450787124,0.821548893684534,NA,NA,NA,0.763286594523974,"gaussian",1,NA,NA,NA,NA,NA,NA,NA,NA,NA,NA,NA,NA,"29","MO","layernorm_full",115,1.97232684371234,0.409880978188727,"gauss_1x",FALSE
"states-kernel",NA,1001,5.91814090168659,8.42211986529748,0.645976051595359,NA,NA,NA,0.632331739094386,"gaussian",1,NA,NA,NA,NA,NA,NA,NA,NA,NA,NA,NA,NA,"30","MT","layernorm_full",56,1.17214409575368,-0.0815231303055332,"gauss_1x",FALSE
"states-kernel",NA,1002,5.72866112766134,7.6185456886521,0.712107344003632,NA,NA,NA,0.699144844927977,"gaussian",1,NA,NA,NA,NA,NA,NA,NA,NA,NA,NA,NA,NA,"30","MT","layernorm_full",56,1.52242009160115,0.0265464552999945,"gauss_1x",FALSE
"states-kernel",NA,1003,5.57611096894349,7.63185970529129,0.760331358250163,NA,NA,NA,0.69809238931531,"gaussian",1,NA,NA,NA,NA,NA,NA,NA,NA,NA,NA,NA,NA,"30","MT","layernorm_full",56,2.9703615605631,-0.0682991967079144,"gauss_1x",FALSE
"states-kernel",NA,1004,7.1177677608097,10.157176564454,0.677628862655766,NA,NA,NA,0.465239514898843,"gaussian",1,NA,NA,NA,NA,NA,NA,NA,NA,NA,NA,NA,NA,"30","MT","layernorm_full",56,5.97046601039692,-0.116274227548011,"gauss_1x",FALSE
"states-kernel",NA,1005,6.12483429670025,8.5210450517533,0.708510356277246,NA,NA,NA,0.623643840958192,"gaussian",1,NA,NA,NA,NA,NA,NA,NA,NA,NA,NA,NA,NA,"30","MT","layernorm_full",56,3.30632982457379,-0.102524603136327,"gauss_1x",FALSE
"states-kernel",NA,1001,5.8459418805376,6.63628277460839,0.855184372840639,NA,NA,NA,0.497315422333127,"gaussian",1,NA,NA,NA,NA,NA,NA,NA,NA,NA,NA,NA,NA,"31","NE","layernorm_full",93,-5.56445663523963,0.234223115079333,"gauss_1x",FALSE
"states-kernel",NA,1002,4.00138604156853,5.24397365124816,0.757342149818519,NA,NA,NA,0.68611772141542,"gaussian",1,NA,NA,NA,NA,NA,NA,NA,NA,NA,NA,NA,NA,"31","NE","layernorm_full",93,-2.43183087361045,0.279710029737744,"gauss_1x",FALSE
"states-kernel",NA,1003,4.49199314811232,5.47080108346217,0.780308604796881,NA,NA,NA,0.658376574250782,"gaussian",1,NA,NA,NA,NA,NA,NA,NA,NA,NA,NA,NA,NA,"31","NE","layernorm_full",93,-3.26304743959974,0.27525719302164,"gauss_1x",FALSE
"states-kernel",NA,1004,4.53881586041301,5.60031508164307,0.834945498285942,NA,NA,NA,0.642010145917417,"gaussian",1,NA,NA,NA,NA,NA,NA,NA,NA,NA,NA,NA,NA,"31","NE","layernorm_full",93,-3.94217336766218,0.299685072467066,"gauss_1x",FALSE
"states-kernel",NA,1005,4.90718266326635,5.92722476215004,0.756385660610595,NA,NA,NA,0.598996108549356,"gaussian",1,NA,NA,NA,NA,NA,NA,NA,NA,NA,NA,NA,NA,"31","NE","layernorm_full",93,-3.70556009154494,0.283681511686395,"gauss_1x",FALSE
"states-kernel",NA,1001,8.50024060037897,9.59475302216922,0.741474987562717,NA,NA,NA,0.472617168211904,"gaussian",1,NA,NA,NA,NA,NA,NA,NA,NA,NA,NA,NA,NA,"34","NJ","layernorm_full",21,-3.56685444874922,0.580802160124324,"gauss_1x",FALSE
"states-kernel",NA,1002,6.91049758489421,8.06777793711079,0.793412050211133,NA,NA,NA,0.627122430177175,"gaussian",1,NA,NA,NA,NA,NA,NA,NA,NA,NA,NA,NA,NA,"34","NJ","layernorm_full",21,-0.313471764331918,0.528132514416826,"gauss_1x",FALSE
"states-kernel",NA,1003,6.44277236670331,8.03716837446184,0.710547701765533,NA,NA,NA,0.62994649586033,"gaussian",1,NA,NA,NA,NA,NA,NA,NA,NA,NA,NA,NA,NA,"34","NJ","layernorm_full",21,0.478072482164304,0.584641725197311,"gauss_1x",FALSE
"states-kernel",NA,1004,5.52236270478612,7.02832446050733,0.865590981000395,NA,NA,NA,0.717015927454478,"gaussian",1,NA,NA,NA,NA,NA,NA,NA,NA,NA,NA,NA,NA,"34","NJ","layernorm_full",21,4.545986943693,0.316092259880257,"gauss_1x",FALSE
"states-kernel",NA,1005,5.68279957121376,6.90598630518837,0.78032941168568,NA,NA,NA,0.726781682066597,"gaussian",1,NA,NA,NA,NA,NA,NA,NA,NA,NA,NA,NA,NA,"34","NJ","layernorm_full",21,-0.0937010299774022,0.539885503744218,"gauss_1x",FALSE
"states-kernel",NA,1001,13.3700361381712,15.3904308488827,0.473316464259814,NA,NA,NA,0.295000234844312,"gaussian",1,NA,NA,NA,NA,NA,NA,NA,NA,NA,NA,NA,NA,"35","NM","layernorm_full",33,-0.0423958808038036,0.395496237019729,"gauss_1x",FALSE
"states-kernel",NA,1002,11.6406329635995,13.9641634221351,0.514776121836593,NA,NA,NA,0.419613553592608,"gaussian",1,NA,NA,NA,NA,NA,NA,NA,NA,NA,NA,NA,NA,"35","NM","layernorm_full",33,1.25834802116086,0.438832709720042,"gauss_1x",FALSE
"states-kernel",NA,1003,12.717157364624,15.2266719216677,0.332173878260453,NA,NA,NA,0.309923247011927,"gaussian",1,NA,NA,NA,NA,NA,NA,NA,NA,NA,NA,NA,NA,"35","NM","layernorm_full",33,1.04337916849626,0.429378605025185,"gauss_1x",FALSE
"states-kernel",NA,1004,12.510569319204,15.7608157938895,0.356876734856416,NA,NA,NA,0.260658978960991,"gaussian",1,NA,NA,NA,NA,NA,NA,NA,NA,NA,NA,NA,NA,"35","NM","layernorm_full",33,4.88002414066817,0.471608596163785,"gauss_1x",FALSE
"states-kernel",NA,1005,13.2790594149905,15.5512396769939,0.319176081229073,NA,NA,NA,0.280190712173148,"gaussian",1,NA,NA,NA,NA,NA,NA,NA,NA,NA,NA,NA,NA,"35","NM","layernorm_full",33,-2.7974304125176,0.367512975007953,"gauss_1x",FALSE
"states-kernel",NA,1001,5.5540101159917,7.01098110298524,0.760915139607124,NA,NA,NA,0.751284475622744,"gaussian",1,NA,NA,NA,NA,NA,NA,NA,NA,NA,NA,NA,NA,"36","NY","layernorm_full",62,-0.113147989832918,0.538164890582668,"gauss_1x",FALSE
"states-kernel",NA,1002,5.37618339788854,7.05401245986695,0.75016668747758,NA,NA,NA,0.748222019470209,"gaussian",1,NA,NA,NA,NA,NA,NA,NA,NA,NA,NA,NA,NA,"36","NY","layernorm_full",62,0.1876340564796,0.527138509171925,"gauss_1x",FALSE
"states-kernel",NA,1003,5.0744053222369,6.38806783896048,0.814459930048194,NA,NA,NA,0.793516981678001,"gaussian",1,NA,NA,NA,NA,NA,NA,NA,NA,NA,NA,NA,NA,"36","NY","layernorm_full",62,-1.02285598703384,0.475277123905888,"gauss_1x",FALSE
"states-kernel",NA,1004,4.79673236322466,6.20621294052261,0.814248291415175,NA,NA,NA,0.80510592065222,"gaussian",1,NA,NA,NA,NA,NA,NA,NA,NA,NA,NA,NA,NA,"36","NY","layernorm_full",62,0.361960915514157,0.490682921307901,"gauss_1x",FALSE
"states-kernel",NA,1005,5.41799089496255,7.08560987247468,0.762535640916032,NA,NA,NA,0.745961362687468,"gaussian",1,NA,NA,NA,NA,NA,NA,NA,NA,NA,NA,NA,NA,"36","NY","layernorm_full",62,-0.754268681672009,0.525636712318126,"gauss_1x",FALSE
"states-kernel",NA,1001,5.55777859778087,6.77239281916432,0.898129598241201,NA,NA,NA,0.76690687843371,"gaussian",1,NA,NA,NA,NA,NA,NA,NA,NA,NA,NA,NA,NA,"37","NC","layernorm_full",100,5.05837554280278,0.25682251399028,"gauss_1x",FALSE
"states-kernel",NA,1002,3.99567161435487,5.32750508991689,0.910521436913575,NA,NA,NA,0.855757605442475,"gaussian",1,NA,NA,NA,NA,NA,NA,NA,NA,NA,NA,NA,NA,"37","NC","layernorm_full",100,3.21984713639189,0.155075434922532,"gauss_1x",FALSE
"states-kernel",NA,1003,3.8893316625555,5.19845769366647,0.895540693621927,NA,NA,NA,0.862660897593305,"gaussian",1,NA,NA,NA,NA,NA,NA,NA,NA,NA,NA,NA,NA,"37","NC","layernorm_full",100,2.45920291171871,0.266064188955237,"gauss_1x",FALSE
"states-kernel",NA,1004,4.4717941459602,5.85003130200087,0.898034321720514,NA,NA,NA,0.826075182384771,"gaussian",1,NA,NA,NA,NA,NA,NA,NA,NA,NA,NA,NA,NA,"37","NC","layernorm_full",100,3.64164363252319,0.235277073555841,"gauss_1x",FALSE
"states-kernel",NA,1005,4.59463492038567,5.82315512045322,0.903374108793798,NA,NA,NA,0.82766960029518,"gaussian",1,NA,NA,NA,NA,NA,NA,NA,NA,NA,NA,NA,NA,"37","NC","layernorm_full",100,3.61625600838175,0.164321726702045,"gauss_1x",FALSE
"states-kernel",NA,1001,8.91620167484704,10.5371120979114,0.557563282209039,NA,NA,NA,0.334951022920951,"gaussian",1,NA,NA,NA,NA,NA,NA,NA,NA,NA,NA,NA,NA,"38","ND","layernorm_full",53,-6.09220146354751,0.123428950804186,"gauss_1x",FALSE
"states-kernel",NA,1002,7.94552515084896,9.7447693881554,0.596117962581377,NA,NA,NA,0.431207893090128,"gaussian",1,NA,NA,NA,NA,NA,NA,NA,NA,NA,NA,NA,NA,"38","ND","layernorm_full",53,-5.24584283980803,0.065220733660844,"gauss_1x",FALSE
"states-kernel",NA,1003,7.96547432482005,9.61803031398316,0.625562242114016,NA,NA,NA,0.44590693785386,"gaussian",1,NA,NA,NA,NA,NA,NA,NA,NA,NA,NA,NA,NA,"38","ND","layernorm_full",53,-5.43991080604273,0.109522667023226,"gauss_1x",FALSE
"states-kernel",NA,1004,8.36412923520941,9.96076486554922,0.592366306283768,NA,NA,NA,0.405713580823321,"gaussian",1,NA,NA,NA,NA,NA,NA,NA,NA,NA,NA,NA,NA,"38","ND","layernorm_full",53,-5.41644295460477,0.0437148749015335,"gauss_1x",FALSE
"states-kernel",NA,1005,7.7337480536942,9.97545538049424,0.503354651081385,NA,NA,NA,0.40395933572589,"gaussian",1,NA,NA,NA,NA,NA,NA,NA,NA,NA,NA,NA,NA,"38","ND","layernorm_full",53,-3.94214911376523,0.0359154766902286,"gauss_1x",FALSE
"states-kernel",NA,1001,4.69876225871795,5.83226100179923,0.725845555772202,NA,NA,NA,0.71403008985578,"gaussian",1,NA,NA,NA,NA,NA,NA,NA,NA,NA,NA,NA,NA,"39","OH","layernorm_full",88,-1.18346829767526,0.616386840310268,"gauss_1x",FALSE
"states-kernel",NA,1002,5.45654879566662,6.60542746235902,0.651035034494489,NA,NA,NA,0.633183981799464,"gaussian",1,NA,NA,NA,NA,NA,NA,NA,NA,NA,NA,NA,NA,"39","OH","layernorm_full",88,-1.45716327383142,0.663157140398673,"gauss_1x",FALSE
"states-kernel",NA,1003,5.35695549102256,6.575041114536,0.646369797913334,NA,NA,NA,0.636551080070064,"gaussian",1,NA,NA,NA,NA,NA,NA,NA,NA,NA,NA,NA,NA,"39","OH","layernorm_full",88,-0.0109819113293642,0.698004482935045,"gauss_1x",FALSE
"states-kernel",NA,1004,4.60868733727564,5.64719629097069,0.732638387818302,NA,NA,NA,0.731890499125456,"gaussian",1,NA,NA,NA,NA,NA,NA,NA,NA,NA,NA,NA,NA,"39","OH","layernorm_full",88,0.0984937477358047,0.593572149813737,"gauss_1x",FALSE
"states-kernel",NA,1005,4.56880695017896,5.64777654943403,0.73735245001354,NA,NA,NA,0.731835398933557,"gaussian",1,NA,NA,NA,NA,NA,NA,NA,NA,NA,NA,NA,NA,"39","OH","layernorm_full",88,-0.783598735925849,0.643482820989832,"gauss_1x",FALSE
"states-kernel",NA,1001,2.74682241320529,3.55313295688153,0.772833124393049,NA,NA,NA,0.768737361139562,"gaussian",1,NA,NA,NA,NA,NA,NA,NA,NA,NA,NA,NA,NA,"40","OK","layernorm_full",77,-0.451165315659247,0.297228673505789,"gauss_1x",FALSE
"states-kernel",NA,1002,2.90305541235911,3.95402158829968,0.757681453685704,NA,NA,NA,0.71360816548502,"gaussian",1,NA,NA,NA,NA,NA,NA,NA,NA,NA,NA,NA,NA,"40","OK","layernorm_full",77,-0.637736803132953,0.297566799372391,"gauss_1x",FALSE
"states-kernel",NA,1003,3.14747185052288,4.18766488615622,0.714656650159035,NA,NA,NA,0.67876237981957,"gaussian",1,NA,NA,NA,NA,NA,NA,NA,NA,NA,NA,NA,NA,"40","OK","layernorm_full",77,-0.651247586775769,0.370005956521794,"gauss_1x",FALSE
"states-kernel",NA,1004,3.10589622188566,4.29180085656422,0.720968669999662,NA,NA,NA,0.662587099437682,"gaussian",1,NA,NA,NA,NA,NA,NA,NA,NA,NA,NA,NA,NA,"40","OK","layernorm_full",77,1.09651842138328,0.379361648651432,"gauss_1x",FALSE
"states-kernel",NA,1005,3.22094890197391,4.30306350345563,0.692301288635472,NA,NA,NA,0.660813881750526,"gaussian",1,NA,NA,NA,NA,NA,NA,NA,NA,NA,NA,NA,NA,"40","OK","layernorm_full",77,-0.949413513657509,0.318417673319881,"gauss_1x",FALSE
"states-kernel",NA,1001,4.51870797466046,5.90620987832458,0.867895723457027,NA,NA,NA,0.863867399868298,"gaussian",1,NA,NA,NA,NA,NA,NA,NA,NA,NA,NA,NA,NA,"41","OR","layernorm_full",36,1.01275626572773,0.170596672389519,"gauss_1x",FALSE
"states-kernel",NA,1002,4.30583006383766,5.29135715216386,0.899276772430494,NA,NA,NA,0.890735636355281,"gaussian",1,NA,NA,NA,NA,NA,NA,NA,NA,NA,NA,NA,NA,"41","OR","layernorm_full",36,-0.95805738445063,0.223193596478834,"gauss_1x",FALSE
"states-kernel",NA,1003,4.52348205265613,5.7012235362115,0.876342623457045,NA,NA,NA,0.873152904588372,"gaussian",1,NA,NA,NA,NA,NA,NA,NA,NA,NA,NA,NA,NA,"41","OR","layernorm_full",36,0.898041810390536,0.318775742554719,"gauss_1x",FALSE
"states-kernel",NA,1004,4.41482064241369,5.86622973937779,0.891501801178143,NA,NA,NA,0.865704171482198,"gaussian",1,NA,NA,NA,NA,NA,NA,NA,NA,NA,NA,NA,NA,"41","OR","layernorm_full",36,2.19986393170511,0.329111371953414,"gauss_1x",FALSE
"states-kernel",NA,1005,4.81895817654463,5.51347018881762,0.90988773433446,NA,NA,NA,0.881370022035993,"gaussian",1,NA,NA,NA,NA,NA,NA,NA,NA,NA,NA,NA,NA,"41","OR","layernorm_full",36,-1.63181461699638,0.325351317151097,"gauss_1x",FALSE
"states-kernel",NA,1001,5.84320688749113,7.25744046569155,0.837861857576938,NA,NA,NA,0.678060210108401,"gaussian",1,NA,NA,NA,NA,NA,NA,NA,NA,NA,NA,NA,NA,"42","PA","layernorm_full",67,4.9286050364281,0.432360900344094,"gauss_1x",FALSE
"states-kernel",NA,1002,6.08142147999518,7.18371719857893,0.835699856145985,NA,NA,NA,0.684567711581588,"gaussian",1,NA,NA,NA,NA,NA,NA,NA,NA,NA,NA,NA,NA,"42","PA","layernorm_full",67,4.88695961876539,0.417949940158806,"gauss_1x",FALSE
"states-kernel",NA,1003,5.83602385079545,7.16118320753306,0.831747608845443,NA,NA,NA,0.686543513247357,"gaussian",1,NA,NA,NA,NA,NA,NA,NA,NA,NA,NA,NA,NA,"42","PA","layernorm_full",67,4.60754094888362,0.469210437248401,"gauss_1x",FALSE
"states-kernel",NA,1004,7.80540998904388,9.19330715326063,0.719164353136699,NA,NA,NA,0.483403769129743,"gaussian",1,NA,NA,NA,NA,NA,NA,NA,NA,NA,NA,NA,NA,"42","PA","layernorm_full",67,6.12758661058368,0.502354883558033,"gauss_1x",FALSE
"states-kernel",NA,1005,6.84241516388875,8.4311265658099,0.745221331794535,NA,NA,NA,0.565510875603296,"gaussian",1,NA,NA,NA,NA,NA,NA,NA,NA,NA,NA,NA,NA,"42","PA","layernorm_full",67,5.35415353700713,0.491467288031651,"gauss_1x",FALSE
"states-kernel",NA,1001,6.57435300207615,7.85543655881089,0.875934008992793,NA,NA,NA,0.627165521546111,"gaussian",1,NA,NA,NA,NA,NA,NA,NA,NA,NA,NA,NA,NA,"45","SC","layernorm_full",46,-6.23902486964025,0.312963077000988,"gauss_1x",FALSE
"states-kernel",NA,1002,5.57934012863835,6.7526704956509,0.849494525648607,NA,NA,NA,0.724496872610575,"gaussian",1,NA,NA,NA,NA,NA,NA,NA,NA,NA,NA,NA,NA,"45","SC","layernorm_full",46,-4.35498063812051,0.351127792573182,"gauss_1x",FALSE
"states-kernel",NA,1003,5.01084136288792,6.12718156196857,0.903793954601844,NA,NA,NA,0.773171868274204,"gaussian",1,NA,NA,NA,NA,NA,NA,NA,NA,NA,NA,NA,NA,"45","SC","layernorm_full",46,-4.06440124981006,0.366188827413899,"gauss_1x",FALSE
"states-kernel",NA,1004,5.91245241345703,7.36112097070052,0.867228139922415,NA,NA,NA,0.672611570796112,"gaussian",1,NA,NA,NA,NA,NA,NA,NA,NA,NA,NA,NA,NA,"45","SC","layernorm_full",46,-5.53713976641305,0.361423142980738,"gauss_1x",FALSE
"states-kernel",NA,1005,5.43819065437551,6.8475497674115,0.876625899277863,NA,NA,NA,0.716700497952324,"gaussian",1,NA,NA,NA,NA,NA,NA,NA,NA,NA,NA,NA,NA,"45","SC","layernorm_full",46,-4.59369375888,0.261230056362428,"gauss_1x",FALSE
"states-kernel",NA,1001,8.98545554033345,13.0172063016227,0.539558816835553,NA,NA,NA,0.21000484382736,"gaussian",1,NA,NA,NA,NA,NA,NA,NA,NA,NA,NA,NA,NA,"46","SD","layernorm_full",66,8.06067037681661,0.0557153153914403,"gauss_1x",FALSE
"states-kernel",NA,1002,9.44704046139725,13.4801491818519,0.497921615353323,NA,NA,NA,0.152815015299667,"gaussian",1,NA,NA,NA,NA,NA,NA,NA,NA,NA,NA,NA,NA,"46","SD","layernorm_full",66,8.55662673943943,0.138048386559721,"gauss_1x",FALSE
"states-kernel",NA,1003,9.42350283744012,14.3155287277499,0.341980418531181,NA,NA,NA,0.0445595176333842,"gaussian",1,NA,NA,NA,NA,NA,NA,NA,NA,NA,NA,NA,NA,"46","SD","layernorm_full",66,7.98507116568479,0.139279464057495,"gauss_1x",FALSE
"states-kernel",NA,1004,9.41384963008294,12.8088316920425,0.570398928704441,NA,NA,NA,0.235094310963295,"gaussian",1,NA,NA,NA,NA,NA,NA,NA,NA,NA,NA,NA,NA,"46","SD","layernorm_full",66,8.24875396461497,0.10105032926035,"gauss_1x",FALSE
"states-kernel",NA,1005,9.63664543647316,14.4621608996696,0.349490759807431,NA,NA,NA,0.0248863612303356,"gaussian",1,NA,NA,NA,NA,NA,NA,NA,NA,NA,NA,NA,NA,"46","SD","layernorm_full",66,8.34407594596391,0.108000067180606,"gauss_1x",FALSE
"states-kernel",NA,1001,3.84047754716696,4.61582852695664,0.759799942866946,NA,NA,NA,0.750239499361975,"gaussian",1,NA,NA,NA,NA,NA,NA,NA,NA,NA,NA,NA,NA,"47","TN","layernorm_full",95,-0.386426709225755,0.478899984738691,"gauss_1x",FALSE
"states-kernel",NA,1002,3.61071810856431,4.22630897881269,0.794200124693593,NA,NA,NA,0.790614351481588,"gaussian",1,NA,NA,NA,NA,NA,NA,NA,NA,NA,NA,NA,NA,"47","TN","layernorm_full",95,0.0854714658087665,0.466584496696081,"gauss_1x",FALSE
"states-kernel",NA,1003,3.55681347528607,4.31498013817174,0.799754515163339,NA,NA,NA,0.781736042974042,"gaussian",1,NA,NA,NA,NA,NA,NA,NA,NA,NA,NA,NA,NA,"47","TN","layernorm_full",95,1.23940833604007,0.403633338352823,"gauss_1x",FALSE
"states-kernel",NA,1004,3.53073066264316,4.5226173805766,0.832723955093201,NA,NA,NA,0.7602248798311,"gaussian",1,NA,NA,NA,NA,NA,NA,NA,NA,NA,NA,NA,NA,"47","TN","layernorm_full",95,2.47627925574049,0.354669705291682,"gauss_1x",FALSE
"states-kernel",NA,1005,3.34061942451443,3.9049173333607,0.824729648547084,NA,NA,NA,0.821249151832347,"gaussian",1,NA,NA,NA,NA,NA,NA,NA,NA,NA,NA,NA,NA,"47","TN","layernorm_full",95,0.034227099208093,0.3893469170759,"gauss_1x",FALSE
"states-kernel",NA,1001,6.65911851212542,11.8635271813589,0.544942883112263,NA,NA,NA,0.484160298860696,"gaussian",1,NA,NA,NA,NA,NA,NA,NA,NA,NA,NA,NA,NA,"48","TX","layernorm_full",254,2.54513222155678,0.66106675676998,"gauss_1x",FALSE
"states-kernel",NA,1002,6.29621503677416,10.8562171127723,0.693713047408535,NA,NA,NA,0.56803939057153,"gaussian",1,NA,NA,NA,NA,NA,NA,NA,NA,NA,NA,NA,NA,"48","TX","layernorm_full",254,2.61760843355435,0.642963636433194,"gauss_1x",FALSE
"states-kernel",NA,1003,6.45074828546799,11.1636150028985,0.648275024103862,NA,NA,NA,0.543230805774195,"gaussian",1,NA,NA,NA,NA,NA,NA,NA,NA,NA,NA,NA,NA,"48","TX","layernorm_full",254,2.96919608255508,0.636118943017117,"gauss_1x",FALSE
"states-kernel",NA,1004,6.45448130588102,10.8308178742165,0.674810902122777,NA,NA,NA,0.570058258840064,"gaussian",1,NA,NA,NA,NA,NA,NA,NA,NA,NA,NA,NA,NA,"48","TX","layernorm_full",254,2.06711921993499,0.649275230196189,"gauss_1x",FALSE
"states-kernel",NA,1005,6.65239770029249,12.2750893566977,0.528646680759289,NA,NA,NA,0.447749103687211,"gaussian",1,NA,NA,NA,NA,NA,NA,NA,NA,NA,NA,NA,NA,"48","TX","layernorm_full",254,3.23103230804822,0.714055383542948,"gauss_1x",FALSE
"states-kernel",NA,1001,8.17438642518341,11.1973865514078,0.488433351921527,NA,NA,NA,0.368642200181207,"gaussian",1,NA,NA,NA,NA,NA,NA,NA,NA,NA,NA,NA,NA,"49","UT","layernorm_full",29,3.70062863116139,0.0402561228760273,"gauss_1x",FALSE
"states-kernel",NA,1002,7.24856636591317,9.1137046895004,0.608872071956084,NA,NA,NA,0.581753695572856,"gaussian",1,NA,NA,NA,NA,NA,NA,NA,NA,NA,NA,NA,NA,"49","UT","layernorm_full",29,-1.74939808907116,-0.0975834438493228,"gauss_1x",FALSE
"states-kernel",NA,1003,10.0125426853259,11.7727963206074,0.595831642305142,NA,NA,NA,0.302086709155993,"gaussian",1,NA,NA,NA,NA,NA,NA,NA,NA,NA,NA,NA,NA,"49","UT","layernorm_full",29,-7.62955667933433,-0.0620003359719028,"gauss_1x",FALSE
"states-kernel",NA,1004,7.19094656648547,8.6538470852114,0.665670192350589,NA,NA,NA,0.622896431691525,"gaussian",1,NA,NA,NA,NA,NA,NA,NA,NA,NA,NA,NA,NA,"49","UT","layernorm_full",29,-0.0324646996721771,-0.0294694054462978,"gauss_1x",FALSE
"states-kernel",NA,1005,7.34816649387152,9.73092759610574,0.615586913917855,NA,NA,NA,0.523184142370829,"gaussian",1,NA,NA,NA,NA,NA,NA,NA,NA,NA,NA,NA,NA,"49","UT","layernorm_full",29,4.0445516245239,0.0401903787531172,"gauss_1x",FALSE
"states-kernel",NA,1001,4.70395437206852,6.21478301499961,0.880616324031325,NA,NA,NA,0.868575338310247,"gaussian",1,NA,NA,NA,NA,NA,NA,NA,NA,NA,NA,NA,NA,"51","VA","layernorm_full",133,0.810585005385795,0.218763901787314,"gauss_1x",FALSE
"states-kernel",NA,1002,5.35589478154931,7.14067220508786,0.828115919155472,NA,NA,NA,0.826498544806382,"gaussian",1,NA,NA,NA,NA,NA,NA,NA,NA,NA,NA,NA,NA,"51","VA","layernorm_full",133,0.426804003273109,0.271118599047145,"gauss_1x",FALSE
"states-kernel",NA,1003,5.21919749650252,6.83758886932476,0.869570584305361,NA,NA,NA,0.840914390784125,"gaussian",1,NA,NA,NA,NA,NA,NA,NA,NA,NA,NA,NA,NA,"51","VA","layernorm_full",133,2.64714852633745,0.272176442091285,"gauss_1x",FALSE
"states-kernel",NA,1004,4.71734119787149,6.2396528792216,0.868411827974403,NA,NA,NA,0.867521382497829,"gaussian",1,NA,NA,NA,NA,NA,NA,NA,NA,NA,NA,NA,NA,"51","VA","layernorm_full",133,-0.457767910320826,0.137528746925543,"gauss_1x",FALSE
"states-kernel",NA,1005,4.46857672259529,5.97827643166562,0.889207318744865,NA,NA,NA,0.878387865040079,"gaussian",1,NA,NA,NA,NA,NA,NA,NA,NA,NA,NA,NA,NA,"51","VA","layernorm_full",133,1.48164408958642,0.210985935383471,"gauss_1x",FALSE
"states-kernel",NA,1001,5.92454467301198,7.40723182021688,0.72412672970559,NA,NA,NA,0.66129130005905,"gaussian",1,NA,NA,NA,NA,NA,NA,NA,NA,NA,NA,NA,NA,"53","WA","layernorm_full",39,3.12333172473921,0.238227332864732,"gauss_1x",FALSE
"states-kernel",NA,1002,6.38958565979952,7.93824644796493,0.707402406893597,NA,NA,NA,0.610987430764771,"gaussian",1,NA,NA,NA,NA,NA,NA,NA,NA,NA,NA,NA,NA,"53","WA","layernorm_full",39,3.94875149563442,0.13711745830315,"gauss_1x",FALSE
"states-kernel",NA,1003,6.31894274688712,7.85885592130035,0.713159377625672,NA,NA,NA,0.618729563162739,"gaussian",1,NA,NA,NA,NA,NA,NA,NA,NA,NA,NA,NA,NA,"53","WA","layernorm_full",39,3.8022381533406,0.188782594400721,"gauss_1x",FALSE
"states-kernel",NA,1004,6.13966373287675,7.79790991042198,0.776216738982384,NA,NA,NA,0.624620194174085,"gaussian",1,NA,NA,NA,NA,NA,NA,NA,NA,NA,NA,NA,NA,"53","WA","layernorm_full",39,4.93427352324425,0.173783546808927,"gauss_1x",FALSE
"states-kernel",NA,1005,6.45146648365098,7.82799521847395,0.694470961417361,NA,NA,NA,0.621718082472386,"gaussian",1,NA,NA,NA,NA,NA,NA,NA,NA,NA,NA,NA,NA,"53","WA","layernorm_full",39,2.73669349636661,0.122696810222455,"gauss_1x",FALSE
"states-kernel",NA,1001,3.90450681746153,4.80654795877922,0.537971848382959,NA,NA,NA,0.487997682032649,"gaussian",1,NA,NA,NA,NA,NA,NA,NA,NA,NA,NA,NA,NA,"54","WV","layernorm_full",55,-1.46437662937641,0.284330308262401,"gauss_1x",FALSE
"states-kernel",NA,1002,3.98075876416489,5.02766317703817,0.445447490670234,NA,NA,NA,0.439806949350232,"gaussian",1,NA,NA,NA,NA,NA,NA,NA,NA,NA,NA,NA,NA,"54","WV","layernorm_full",55,0.0064181124982288,0.344987724792307,"gauss_1x",FALSE
"states-kernel",NA,1003,4.63077677136303,5.55765839101463,0.541873241888559,NA,NA,NA,0.315475392777428,"gaussian",1,NA,NA,NA,NA,NA,NA,NA,NA,NA,NA,NA,NA,"54","WV","layernorm_full",55,-2.79950499525809,0.415329510528879,"gauss_1x",FALSE
"states-kernel",NA,1004,3.23644794908645,4.23333785308011,0.604846192307274,NA,NA,NA,0.602834764483258,"gaussian",1,NA,NA,NA,NA,NA,NA,NA,NA,NA,NA,NA,NA,"54","WV","layernorm_full",55,-0.280058323946836,0.267965821566566,"gauss_1x",FALSE
"states-kernel",NA,1005,3.17813798754457,4.09877191741177,0.633067956733901,NA,NA,NA,0.627682996042533,"gaussian",1,NA,NA,NA,NA,NA,NA,NA,NA,NA,NA,NA,NA,"54","WV","layernorm_full",55,-0.492842152734306,0.270064477271378,"gauss_1x",FALSE
"states-kernel",NA,1001,9.41020851880715,12.2449555763653,0.26682329481358,NA,NA,NA,-0.513163148391387,"gaussian",1,NA,NA,NA,NA,NA,NA,NA,NA,NA,NA,NA,NA,"55","WI","layernorm_full",72,8.12506681868604,0.430686901562169,"gauss_1x",FALSE
"states-kernel",NA,1002,8.98935350115051,12.0318947959168,0.269772030279183,NA,NA,NA,-0.460963547401937,"gaussian",1,NA,NA,NA,NA,NA,NA,NA,NA,NA,NA,NA,NA,"55","WI","layernorm_full",72,7.75976021291136,0.347502463140312,"gauss_1x",FALSE
"states-kernel",NA,1003,8.54372840132514,11.573121895556,0.19474318324538,NA,NA,NA,-0.351675316394127,"gaussian",1,NA,NA,NA,NA,NA,NA,NA,NA,NA,NA,NA,NA,"55","WI","layernorm_full",72,5.96252679884052,0.487437672654714,"gauss_1x",FALSE
"states-kernel",NA,1004,9.35131640287365,12.5824478092792,0.17908881607228,NA,NA,NA,-0.597723428143048,"gaussian",1,NA,NA,NA,NA,NA,NA,NA,NA,NA,NA,NA,NA,"55","WI","layernorm_full",72,7.33323634830642,0.481301938204347,"gauss_1x",FALSE
"states-kernel",NA,1005,9.12323086538357,12.5930342716211,0.158771872575543,NA,NA,NA,-0.600413104223033,"gaussian",1,NA,NA,NA,NA,NA,NA,NA,NA,NA,NA,NA,NA,"55","WI","layernorm_full",72,7.18158412316573,0.442831788985392,"gauss_1x",FALSE
"states-kernel",NA,1001,4.37729660592981,5.33776430706561,0.905911141752225,NA,NA,NA,0.827871990902905,"gaussian",1,NA,NA,NA,NA,NA,NA,NA,NA,NA,NA,NA,NA,"56","WY","layernorm_full",23,-1.28449056104069,0.21983566739668,"gauss_1x",FALSE
"states-kernel",NA,1002,5.05711423702577,6.1935245797553,0.891674970121507,NA,NA,NA,0.768256004716507,"gaussian",1,NA,NA,NA,NA,NA,NA,NA,NA,NA,NA,NA,NA,"56","WY","layernorm_full",23,-1.7434369853596,0.215581118774308,"gauss_1x",FALSE
"states-kernel",NA,1003,5.02961071999275,6.02618780049902,0.931046664895388,NA,NA,NA,0.780609366165757,"gaussian",1,NA,NA,NA,NA,NA,NA,NA,NA,NA,NA,NA,NA,"56","WY","layernorm_full",23,-3.16103891683595,0.142183981620023,"gauss_1x",FALSE
"states-kernel",NA,1004,5.28638256250223,6.22383362323752,0.917226016101032,NA,NA,NA,0.765982299285604,"gaussian",1,NA,NA,NA,NA,NA,NA,NA,NA,NA,NA,NA,NA,"56","WY","layernorm_full",23,-3.26984994517324,0.158885221041736,"gauss_1x",FALSE
"states-kernel",NA,1005,6.88618711776992,8.01371285899143,0.851417924914598,NA,NA,NA,0.612028062954784,"gaussian",1,NA,NA,NA,NA,NA,NA,NA,NA,NA,NA,NA,NA,"56","WY","layernorm_full",23,-6.21004170057481,0.157989145141887,"gauss_1x",FALSE
"states-kernel",NA,1001,3.73297342315125,4.64645284537235,0.960263819322542,NA,NA,NA,0.9455018815873,"gaussian",2,NA,NA,NA,NA,NA,NA,NA,NA,NA,NA,NA,NA,"01","AL","layernorm_full",67,-0.857264897231152,0.263224599016448,"gauss_2x",FALSE
"states-kernel",NA,1002,5.00722733821571,6.02250703953867,0.966490982485429,NA,NA,NA,0.908442679819441,"gaussian",2,NA,NA,NA,NA,NA,NA,NA,NA,NA,NA,NA,NA,"01","AL","layernorm_full",67,-0.978708199797903,0.341157799957012,"gauss_2x",FALSE
"states-kernel",NA,1003,5.13903574169459,5.87156867080606,0.963672430282825,NA,NA,NA,0.912974459530592,"gaussian",2,NA,NA,NA,NA,NA,NA,NA,NA,NA,NA,NA,NA,"01","AL","layernorm_full",67,-0.679136039902343,0.49128212997346,"gauss_2x",FALSE
"states-kernel",NA,1004,5.51294137242581,6.59161074361537,0.942613562392,NA,NA,NA,0.890321488974035,"gaussian",2,NA,NA,NA,NA,NA,NA,NA,NA,NA,NA,NA,NA,"01","AL","layernorm_full",67,-0.383332394584619,0.472250111020576,"gauss_2x",FALSE
"states-kernel",NA,1005,3.66738693172523,4.42394754476373,0.97406822608575,NA,NA,NA,0.950596424910673,"gaussian",2,NA,NA,NA,NA,NA,NA,NA,NA,NA,NA,NA,NA,"01","AL","layernorm_full",67,-0.732895895986748,0.37666975237632,"gauss_2x",FALSE
"states-kernel",NA,1001,4.80356980525579,5.88140433399393,0.873979523657047,NA,NA,NA,0.760968158424886,"gaussian",2,NA,NA,NA,NA,NA,NA,NA,NA,NA,NA,NA,NA,"05","AR","layernorm_full",75,-3.89948469386098,0.40666001286479,"gauss_2x",FALSE
"states-kernel",NA,1002,2.94694426113483,3.71490977926684,0.914302683732333,NA,NA,NA,0.90463473394471,"gaussian",2,NA,NA,NA,NA,NA,NA,NA,NA,NA,NA,NA,NA,"05","AR","layernorm_full",75,-0.292297137264162,0.156952962571142,"gauss_2x",FALSE
"states-kernel",NA,1003,3.33045273874513,4.0996277093296,0.898632819660345,NA,NA,NA,0.883859812547795,"gaussian",2,NA,NA,NA,NA,NA,NA,NA,NA,NA,NA,NA,NA,"05","AR","layernorm_full",75,-1.09602703810351,0.254629350522463,"gauss_2x",FALSE
"states-kernel",NA,1004,4.91116756430639,6.00028135257473,0.890736189255165,NA,NA,NA,0.751207712785952,"gaussian",2,NA,NA,NA,NA,NA,NA,NA,NA,NA,NA,NA,NA,"05","AR","layernorm_full",75,-4.11498537141499,0.301438476403816,"gauss_2x",FALSE
"states-kernel",NA,1005,4.09347899008652,4.80361426916647,0.904233287083083,NA,NA,NA,0.840548013054663,"gaussian",2,NA,NA,NA,NA,NA,NA,NA,NA,NA,NA,NA,NA,"05","AR","layernorm_full",75,-2.92610076151226,0.19440106957363,"gauss_2x",FALSE
"states-kernel",NA,1001,7.59505550476631,9.49339915222707,0.661093831797341,NA,NA,NA,0.660812754335594,"gaussian",2,NA,NA,NA,NA,NA,NA,NA,NA,NA,NA,NA,NA,"06","CA","layernorm_full",58,0.272277668569812,0.382671561524935,"gauss_2x",FALSE
"states-kernel",NA,1002,8.35765166339555,10.577277026432,0.659406757523896,NA,NA,NA,0.578940191411852,"gaussian",2,NA,NA,NA,NA,NA,NA,NA,NA,NA,NA,NA,NA,"06","CA","layernorm_full",58,4.32570642908709,0.364505425721248,"gauss_2x",FALSE
"states-kernel",NA,1003,8.11279518273628,10.0958082479933,0.623189858602902,NA,NA,NA,0.616400336635019,"gaussian",2,NA,NA,NA,NA,NA,NA,NA,NA,NA,NA,NA,NA,"06","CA","layernorm_full",58,0.515827969740278,0.468863274232526,"gauss_2x",FALSE
"states-kernel",NA,1004,8.15503731418463,10.305612236268,0.617364779563548,NA,NA,NA,0.600291277440417,"gaussian",2,NA,NA,NA,NA,NA,NA,NA,NA,NA,NA,NA,NA,"06","CA","layernorm_full",58,1.70910146846347,0.506366551463936,"gauss_2x",FALSE
"states-kernel",NA,1005,8.54678292266765,10.5336498513502,0.626133898735807,NA,NA,NA,0.582406445740664,"gaussian",2,NA,NA,NA,NA,NA,NA,NA,NA,NA,NA,NA,NA,"06","CA","layernorm_full",58,1.265207873557,0.465708241729731,"gauss_2x",FALSE
"states-kernel",NA,1001,10.6542055866887,13.3128055200094,0.799821259404049,NA,NA,NA,0.459353037710064,"gaussian",2,NA,NA,NA,NA,NA,NA,NA,NA,NA,NA,NA,NA,"08","CO","layernorm_full",64,-9.43927776218574,0.396770366911936,"gauss_2x",FALSE
"states-kernel",NA,1002,9.66087560600519,12.5536548718829,0.739883924312018,NA,NA,NA,0.519254794875008,"gaussian",2,NA,NA,NA,NA,NA,NA,NA,NA,NA,NA,NA,NA,"08","CO","layernorm_full",64,-6.7675774762274,0.429186416447243,"gauss_2x",FALSE
"states-kernel",NA,1003,8.58471931536989,11.0993113098928,0.787815515208374,NA,NA,NA,0.624191449656951,"gaussian",2,NA,NA,NA,NA,NA,NA,NA,NA,NA,NA,NA,NA,"08","CO","layernorm_full",64,-5.62473798077801,0.453692087826258,"gauss_2x",FALSE
"states-kernel",NA,1004,7.67260497613701,10.5109346196709,0.82134944658683,NA,NA,NA,0.66297876848431,"gaussian",2,NA,NA,NA,NA,NA,NA,NA,NA,NA,NA,NA,NA,"08","CO","layernorm_full",64,-5.7958556191778,0.421368873072391,"gauss_2x",FALSE
"states-kernel",NA,1005,7.35484710024461,9.39493935314351,0.785133465255807,NA,NA,NA,0.730745758251486,"gaussian",2,NA,NA,NA,NA,NA,NA,NA,NA,NA,NA,NA,NA,"08","CO","layernorm_full",64,-3.75375075238134,0.270927948701932,"gauss_2x",FALSE
"states-kernel",NA,1001,5.22657336146946,6.49402564127325,0.836615235459987,NA,NA,NA,0.782226650977896,"gaussian",2,NA,NA,NA,NA,NA,NA,NA,NA,NA,NA,NA,NA,"12","FL","layernorm_full",67,-2.67321095675502,0.379869646288509,"gauss_2x",FALSE
"states-kernel",NA,1002,5.84051661805048,7.46927772855632,0.822952108494266,NA,NA,NA,0.71190617624606,"gaussian",2,NA,NA,NA,NA,NA,NA,NA,NA,NA,NA,NA,NA,"12","FL","layernorm_full",67,-3.37705446701283,0.525864932506268,"gauss_2x",FALSE
"states-kernel",NA,1003,4.39345946325269,5.59361895926222,0.840046286628532,NA,NA,NA,0.838429343702767,"gaussian",2,NA,NA,NA,NA,NA,NA,NA,NA,NA,NA,NA,NA,"12","FL","layernorm_full",67,-0.431153016726606,0.157958200915347,"gauss_2x",FALSE
"states-kernel",NA,1004,5.87531234349433,7.06910376714985,0.817847621242487,NA,NA,NA,0.741949060119351,"gaussian",2,NA,NA,NA,NA,NA,NA,NA,NA,NA,NA,NA,NA,"12","FL","layernorm_full",67,-1.44557033053628,0.60320357034577,"gauss_2x",FALSE
"states-kernel",NA,1005,5.40709173418828,6.4562273505347,0.855801091292678,NA,NA,NA,0.784754360391093,"gaussian",2,NA,NA,NA,NA,NA,NA,NA,NA,NA,NA,NA,NA,"12","FL","layernorm_full",67,-3.5547248437485,0.233268933509999,"gauss_2x",FALSE
"states-kernel",NA,1001,4.25170716306246,5.58399109673214,0.88788525673666,NA,NA,NA,0.877157703210781,"gaussian",2,NA,NA,NA,NA,NA,NA,NA,NA,NA,NA,NA,NA,"13","GA","layernorm_full",159,-1.08989028487054,0.246124076927046,"gauss_2x",FALSE
"states-kernel",NA,1002,4.54702845197304,5.6591092987632,0.892907815454363,NA,NA,NA,0.873830420014357,"gaussian",2,NA,NA,NA,NA,NA,NA,NA,NA,NA,NA,NA,NA,"13","GA","layernorm_full",159,-1.55314083956049,0.325971786766458,"gauss_2x",FALSE
"states-kernel",NA,1003,4.85789905572275,6.14814385248945,0.878981036427558,NA,NA,NA,0.851082226478662,"gaussian",2,NA,NA,NA,NA,NA,NA,NA,NA,NA,NA,NA,NA,"13","GA","layernorm_full",159,-2.16779002898305,0.299137197083511,"gauss_2x",FALSE
"states-kernel",NA,1004,4.60927576399491,5.74715739623947,0.896536993081083,NA,NA,NA,0.869873821426896,"gaussian",2,NA,NA,NA,NA,NA,NA,NA,NA,NA,NA,NA,NA,"13","GA","layernorm_full",159,-2.23699167869539,0.187175092768331,"gauss_2x",FALSE
"states-kernel",NA,1005,4.59732499990373,5.93621547641037,0.879557217037677,NA,NA,NA,0.86117176341174,"gaussian",2,NA,NA,NA,NA,NA,NA,NA,NA,NA,NA,NA,NA,"13","GA","layernorm_full",159,-1.15994098363528,0.295030860486478,"gauss_2x",FALSE
"states-kernel",NA,1001,5.75239249749601,7.56071746629694,0.665168118605251,NA,NA,NA,0.586912289399157,"gaussian",2,NA,NA,NA,NA,NA,NA,NA,NA,NA,NA,NA,NA,"16","ID","layernorm_full",44,-3.05525994608096,0.0416121940811306,"gauss_2x",FALSE
"states-kernel",NA,1002,6.78051862296548,8.66570921794636,0.54740755703672,NA,NA,NA,0.457344161392185,"gaussian",2,NA,NA,NA,NA,NA,NA,NA,NA,NA,NA,NA,NA,"16","ID","layernorm_full",44,-2.59062793367347,0.383180422281012,"gauss_2x",FALSE
"states-kernel",NA,1003,6.65663429303606,9.12447263906735,0.425092661606974,NA,NA,NA,0.398366788069972,"gaussian",2,NA,NA,NA,NA,NA,NA,NA,NA,NA,NA,NA,NA,"16","ID","layernorm_full",44,1.57070374365884,0.173898660528259,"gauss_2x",FALSE
"states-kernel",NA,1004,5.22389674670879,7.55282340898851,0.644580531301731,NA,NA,NA,0.587774439247141,"gaussian",2,NA,NA,NA,NA,NA,NA,NA,NA,NA,NA,NA,NA,"16","ID","layernorm_full",44,-2.66389063057617,0.142834646692421,"gauss_2x",FALSE
"states-kernel",NA,1005,6.79164660184401,8.98295255592714,0.417087736778436,NA,NA,NA,0.41688465806878,"gaussian",2,NA,NA,NA,NA,NA,NA,NA,NA,NA,NA,NA,NA,"16","ID","layernorm_full",44,0.0495627948682075,0.0918802563527495,"gauss_2x",FALSE
"states-kernel",NA,1001,6.58653798952311,7.82798577785227,0.822633754736768,NA,NA,NA,0.589141803920844,"gaussian",2,NA,NA,NA,NA,NA,NA,NA,NA,NA,NA,NA,NA,"17","IL","layernorm_full",102,-5.83482108735422,0.547715339784228,"gauss_2x",FALSE
"states-kernel",NA,1002,5.73612390205937,6.91032694554165,0.795049998957837,NA,NA,NA,0.679823767470769,"gaussian",2,NA,NA,NA,NA,NA,NA,NA,NA,NA,NA,NA,NA,"17","IL","layernorm_full",102,-4.12168211177103,0.51938544897963,"gauss_2x",FALSE
"states-kernel",NA,1003,5.69461747903745,6.58513113224991,0.797216298608368,NA,NA,NA,0.709249309755369,"gaussian",2,NA,NA,NA,NA,NA,NA,NA,NA,NA,NA,NA,NA,"17","IL","layernorm_full",102,-3.61290104542723,0.472545956699835,"gauss_2x",FALSE
"states-kernel",NA,1004,5.70041504019087,6.82001855985186,0.80544600630229,NA,NA,NA,0.688137603293046,"gaussian",2,NA,NA,NA,NA,NA,NA,NA,NA,NA,NA,NA,NA,"17","IL","layernorm_full",102,-4.18228186869273,0.504473497338216,"gauss_2x",FALSE
"states-kernel",NA,1005,5.717837570674,6.74948889300885,0.808804803820546,NA,NA,NA,0.694554540882321,"gaussian",2,NA,NA,NA,NA,NA,NA,NA,NA,NA,NA,NA,NA,"17","IL","layernorm_full",102,-4.09676852462291,0.530399456597477,"gauss_2x",FALSE
"states-kernel",NA,1001,4.1654654699875,5.79797313249391,0.771274564083409,NA,NA,NA,0.607049691887885,"gaussian",2,NA,NA,NA,NA,NA,NA,NA,NA,NA,NA,NA,NA,"18","IN","layernorm_full",92,3.40614079199468,0.243083296021944,"gauss_2x",FALSE
"states-kernel",NA,1002,3.88090331046496,5.48609973527632,0.709303840839546,NA,NA,NA,0.648186391898163,"gaussian",2,NA,NA,NA,NA,NA,NA,NA,NA,NA,NA,NA,NA,"18","IN","layernorm_full",92,2.05599529162232,0.357838431790971,"gauss_2x",FALSE
"states-kernel",NA,1003,3.54595861166752,4.83052780737976,0.755604390417718,NA,NA,NA,0.727243939224952,"gaussian",2,NA,NA,NA,NA,NA,NA,NA,NA,NA,NA,NA,NA,"18","IN","layernorm_full",92,1.05584271074953,0.296545340151997,"gauss_2x",FALSE
"states-kernel",NA,1004,4.50382874791347,6.17697720820167,0.677191382056003,NA,NA,NA,0.55399756032312,"gaussian",2,NA,NA,NA,NA,NA,NA,NA,NA,NA,NA,NA,NA,"18","IN","layernorm_full",92,3.16306768957309,0.389706491257131,"gauss_2x",FALSE
"states-kernel",NA,1005,4.01699925353611,5.6618235143698,0.695864194655497,NA,NA,NA,0.625287749166598,"gaussian",2,NA,NA,NA,NA,NA,NA,NA,NA,NA,NA,NA,NA,"18","IN","layernorm_full",92,2.18315871541365,0.327655861622602,"gauss_2x",FALSE
"states-kernel",NA,1001,4.7969877669896,5.79721092626134,0.753596996475459,NA,NA,NA,0.61121708025788,"gaussian",2,NA,NA,NA,NA,NA,NA,NA,NA,NA,NA,NA,NA,"19","IA","layernorm_full",99,3.40060863973519,0.323868834298629,"gauss_2x",FALSE
"states-kernel",NA,1002,4.74741141708542,5.77021841856058,0.752924892081805,NA,NA,NA,0.614829091241231,"gaussian",2,NA,NA,NA,NA,NA,NA,NA,NA,NA,NA,NA,NA,"19","IA","layernorm_full",99,3.40263278914067,0.265409111196138,"gauss_2x",FALSE
"states-kernel",NA,1003,4.47353213142199,5.44541511101448,0.663145857761624,NA,NA,NA,0.656970905270857,"gaussian",2,NA,NA,NA,NA,NA,NA,NA,NA,NA,NA,NA,NA,"19","IA","layernorm_full",99,0.697151583609456,0.41845711345191,"gauss_2x",FALSE
"states-kernel",NA,1004,4.83866412069886,5.76951249270737,0.732732816279566,NA,NA,NA,0.614923328738146,"gaussian",2,NA,NA,NA,NA,NA,NA,NA,NA,NA,NA,NA,NA,"19","IA","layernorm_full",99,3.17634967053364,0.36463553480929,"gauss_2x",FALSE
"states-kernel",NA,1005,4.46035786310663,5.44467529621199,0.736225089395746,NA,NA,NA,0.657064106893741,"gaussian",2,NA,NA,NA,NA,NA,NA,NA,NA,NA,NA,NA,NA,"19","IA","layernorm_full",99,2.61518606340573,0.276994122421829,"gauss_2x",FALSE
"states-kernel",NA,1001,3.83308964050969,4.80787191802696,0.854005559236681,NA,NA,NA,0.80642052742918,"gaussian",2,NA,NA,NA,NA,NA,NA,NA,NA,NA,NA,NA,NA,"20","KS","layernorm_full",105,-2.32271663617112,0.318158070885184,"gauss_2x",FALSE
"states-kernel",NA,1002,3.88985229214398,4.90363798542224,0.832330489925961,NA,NA,NA,0.798632061324564,"gaussian",2,NA,NA,NA,NA,NA,NA,NA,NA,NA,NA,NA,NA,"20","KS","layernorm_full",105,-1.97617627751845,0.37363359067634,"gauss_2x",FALSE
"states-kernel",NA,1003,4.00810596730775,5.0517039214138,0.82769867007343,NA,NA,NA,0.786287807033376,"gaussian",2,NA,NA,NA,NA,NA,NA,NA,NA,NA,NA,NA,NA,"20","KS","layernorm_full",105,-2.2085667930907,0.278622634450946,"gauss_2x",FALSE
"states-kernel",NA,1004,4.11570274875461,5.04311699731798,0.854579208679517,NA,NA,NA,0.787013728711966,"gaussian",2,NA,NA,NA,NA,NA,NA,NA,NA,NA,NA,NA,NA,"20","KS","layernorm_full",105,-2.82586943272304,0.230323325241697,"gauss_2x",FALSE
"states-kernel",NA,1005,3.35752076040575,4.19750525374611,0.877834314907232,NA,NA,NA,0.852451085098069,"gaussian",2,NA,NA,NA,NA,NA,NA,NA,NA,NA,NA,NA,NA,"20","KS","layernorm_full",105,-1.68661700366886,0.183515645569543,"gauss_2x",FALSE
"states-kernel",NA,1001,4.01667271583095,5.03197451735062,0.658336397086103,NA,NA,NA,0.642545936777058,"gaussian",2,NA,NA,NA,NA,NA,NA,NA,NA,NA,NA,NA,NA,"21","KY","layernorm_full",120,0.0490910485990346,0.398674100542164,"gauss_2x",FALSE
"states-kernel",NA,1002,4.1476134875692,5.09480163421601,0.649377834776518,NA,NA,NA,0.633564171269781,"gaussian",2,NA,NA,NA,NA,NA,NA,NA,NA,NA,NA,NA,NA,"21","KY","layernorm_full",120,-0.793664376602143,0.3727848898133,"gauss_2x",FALSE
"states-kernel",NA,1003,4.04801262751606,5.14565791218257,0.639184279284813,NA,NA,NA,0.626212139241543,"gaussian",2,NA,NA,NA,NA,NA,NA,NA,NA,NA,NA,NA,NA,"21","KY","layernorm_full",120,-0.903873017492363,0.436440723408572,"gauss_2x",FALSE
"states-kernel",NA,1004,4.08414978669163,5.09208245821601,0.64590179064074,NA,NA,NA,0.63395521205386,"gaussian",2,NA,NA,NA,NA,NA,NA,NA,NA,NA,NA,NA,NA,"21","KY","layernorm_full",120,0.179473962760403,0.401902231775018,"gauss_2x",FALSE
"states-kernel",NA,1005,4.17604183716578,5.04761651421176,0.661498507801046,NA,NA,NA,0.640320176036727,"gaussian",2,NA,NA,NA,NA,NA,NA,NA,NA,NA,NA,NA,NA,"21","KY","layernorm_full",120,-1.14447564726186,0.402194494779966,"gauss_2x",FALSE
"states-kernel",NA,1001,6.27966957085088,7.78263886859541,0.824151876927696,NA,NA,NA,0.708492341982052,"gaussian",2,NA,NA,NA,NA,NA,NA,NA,NA,NA,NA,NA,NA,"22","LA","layernorm_full",64,-4.90211163990531,0.205904846688357,"gauss_2x",FALSE
"states-kernel",NA,1002,5.10808447376508,6.67712930282395,0.850145378766221,NA,NA,NA,0.785426648925993,"gaussian",2,NA,NA,NA,NA,NA,NA,NA,NA,NA,NA,NA,NA,"22","LA","layernorm_full",64,-3.59862577649892,0.184611814770227,"gauss_2x",FALSE
"states-kernel",NA,1003,5.68994488455426,6.9692117727494,0.814844521641507,NA,NA,NA,0.766243587158471,"gaussian",2,NA,NA,NA,NA,NA,NA,NA,NA,NA,NA,NA,NA,"22","LA","layernorm_full",64,-3.03211534332382,0.156795377269412,"gauss_2x",FALSE
"states-kernel",NA,1004,5.09249531132569,6.73978280334107,0.838390646618181,NA,NA,NA,0.781380944727724,"gaussian",2,NA,NA,NA,NA,NA,NA,NA,NA,NA,NA,NA,NA,"22","LA","layernorm_full",64,-3.41305541389944,0.197061908958701,"gauss_2x",FALSE
"states-kernel",NA,1005,4.96841726667924,6.44396168951164,0.846079209568052,NA,NA,NA,0.800150939707479,"gaussian",2,NA,NA,NA,NA,NA,NA,NA,NA,NA,NA,NA,NA,"22","LA","layernorm_full",64,-2.88264332363228,0.115174849610391,"gauss_2x",FALSE
"states-kernel",NA,1001,7.33133711027683,8.85268620048832,0.817656852002346,NA,NA,NA,0.777089028431465,"gaussian",2,NA,NA,NA,NA,NA,NA,NA,NA,NA,NA,NA,NA,"24","MD","layernorm_full",24,-2.497482798617,0.431878917817056,"gauss_2x",FALSE
"states-kernel",NA,1002,7.84011820548935,9.3681536297096,0.813720365524686,NA,NA,NA,0.750374290156024,"gaussian",2,NA,NA,NA,NA,NA,NA,NA,NA,NA,NA,NA,NA,"24","MD","layernorm_full",24,-2.92605530694237,0.391225357497255,"gauss_2x",FALSE
"states-kernel",NA,1003,8.06236634385731,9.8122343047262,0.818630906475104,NA,NA,NA,0.726147238475285,"gaussian",2,NA,NA,NA,NA,NA,NA,NA,NA,NA,NA,NA,NA,"24","MD","layernorm_full",24,-3.86243104234317,0.278876026936722,"gauss_2x",FALSE
"states-kernel",NA,1004,7.5896734029211,8.98462260311154,0.833660514081167,NA,NA,NA,0.770395189255668,"gaussian",2,NA,NA,NA,NA,NA,NA,NA,NA,NA,NA,NA,NA,"24","MD","layernorm_full",24,-3.71456817196784,0.37493300304666,"gauss_2x",FALSE
"states-kernel",NA,1005,8.61660442148246,9.90260068828793,0.831772255052445,NA,NA,NA,0.721079883208314,"gaussian",2,NA,NA,NA,NA,NA,NA,NA,NA,NA,NA,NA,NA,"24","MD","layernorm_full",24,-4.01430567208495,0.511635827242729,"gauss_2x",FALSE
"states-kernel",NA,1001,4.56529145932164,5.88691776673192,0.688323804826334,NA,NA,NA,0.59498575991733,"gaussian",2,NA,NA,NA,NA,NA,NA,NA,NA,NA,NA,NA,NA,"26","MI","layernorm_full",83,0.398337516567947,0.383060562541609,"gauss_2x",FALSE
"states-kernel",NA,1002,4.13438081485106,5.17906637619247,0.707490061472583,NA,NA,NA,0.686529043803117,"gaussian",2,NA,NA,NA,NA,NA,NA,NA,NA,NA,NA,NA,NA,"26","MI","layernorm_full",83,-0.119129182029159,0.371191972074257,"gauss_2x",FALSE
"states-kernel",NA,1003,4.6134847679891,6.17673166716846,0.649217162264404,NA,NA,NA,0.55412633266851,"gaussian",2,NA,NA,NA,NA,NA,NA,NA,NA,NA,NA,NA,NA,"26","MI","layernorm_full",83,0.596652301150592,0.51450538755087,"gauss_2x",FALSE
"states-kernel",NA,1004,4.18302585512634,5.34929347338148,0.736900322136547,NA,NA,NA,0.665583879661087,"gaussian",2,NA,NA,NA,NA,NA,NA,NA,NA,NA,NA,NA,NA,"26","MI","layernorm_full",83,-0.666375346784263,0.371965587801024,"gauss_2x",FALSE
"states-kernel",NA,1005,4.19166036096407,5.2692594559377,0.730433598375299,NA,NA,NA,0.675515824715067,"gaussian",2,NA,NA,NA,NA,NA,NA,NA,NA,NA,NA,NA,NA,"26","MI","layernorm_full",83,0.0982657868855959,0.473526656639517,"gauss_2x",FALSE
"states-kernel",NA,1001,5.96396612158333,7.17125687767128,0.536917444602726,NA,NA,NA,0.433333954283984,"gaussian",2,NA,NA,NA,NA,NA,NA,NA,NA,NA,NA,NA,NA,"27","MN","layernorm_full",87,-2.77461909601889,0.566464289490193,"gauss_2x",FALSE
"states-kernel",NA,1002,6.32867963223048,7.59905485949881,0.524706601232548,NA,NA,NA,0.363708983675313,"gaussian",2,NA,NA,NA,NA,NA,NA,NA,NA,NA,NA,NA,NA,"27","MN","layernorm_full",87,-3.6456424611856,0.539529537233859,"gauss_2x",FALSE
"states-kernel",NA,1003,7.46490602080241,8.9160392481063,0.492568242176097,NA,NA,NA,0.12404746244995,"gaussian",2,NA,NA,NA,NA,NA,NA,NA,NA,NA,NA,NA,NA,"27","MN","layernorm_full",87,-5.69291995465578,0.51269479344643,"gauss_2x",FALSE
"states-kernel",NA,1004,6.11111492233974,7.46592450971182,0.520650917436516,NA,NA,NA,0.385808473415705,"gaussian",2,NA,NA,NA,NA,NA,NA,NA,NA,NA,NA,NA,NA,"27","MN","layernorm_full",87,-3.34937608272758,0.538249974315042,"gauss_2x",FALSE
"states-kernel",NA,1005,5.91038307789592,7.25712745890079,0.534051341144304,NA,NA,NA,0.419681877042539,"gaussian",2,NA,NA,NA,NA,NA,NA,NA,NA,NA,NA,NA,NA,"27","MN","layernorm_full",87,-3.01579740337607,0.573845511662847,"gauss_2x",FALSE
"states-kernel",NA,1001,3.8377240174613,5.11440602480862,0.965863663395457,NA,NA,NA,0.928831088860092,"gaussian",2,NA,NA,NA,NA,NA,NA,NA,NA,NA,NA,NA,NA,"28","MS","layernorm_full",82,2.58739640505162,0.231956576526385,"gauss_2x",FALSE
"states-kernel",NA,1002,3.22975132138319,4.34485189050022,0.958882081399717,NA,NA,NA,0.948637060736182,"gaussian",2,NA,NA,NA,NA,NA,NA,NA,NA,NA,NA,NA,NA,"28","MS","layernorm_full",82,1.01004371493741,0.103425000273686,"gauss_2x",FALSE
"states-kernel",NA,1003,3.66052169381612,4.92230527759975,0.959665017738878,NA,NA,NA,0.934076993619418,"gaussian",2,NA,NA,NA,NA,NA,NA,NA,NA,NA,NA,NA,NA,"28","MS","layernorm_full",82,2.14791041812767,0.181640397861482,"gauss_2x",FALSE
"states-kernel",NA,1004,3.31592070939843,4.4062654777105,0.951455191542507,NA,NA,NA,0.947174789661102,"gaussian",2,NA,NA,NA,NA,NA,NA,NA,NA,NA,NA,NA,NA,"28","MS","layernorm_full",82,0.315057798213261,0.0935710946635691,"gauss_2x",FALSE
"states-kernel",NA,1005,3.44505736186942,4.74486938314109,0.949544525222174,NA,NA,NA,0.93874402757483,"gaussian",2,NA,NA,NA,NA,NA,NA,NA,NA,NA,NA,NA,NA,"28","MS","layernorm_full",82,1.40671669661491,0.120701031643813,"gauss_2x",FALSE
"states-kernel",NA,1001,3.96395118587795,4.9198193990312,0.83055908897021,NA,NA,NA,0.730095345456517,"gaussian",2,NA,NA,NA,NA,NA,NA,NA,NA,NA,NA,NA,NA,"29","MO","layernorm_full",115,2.8226146485789,0.367632350628626,"gauss_2x",FALSE
"states-kernel",NA,1002,3.03390399098545,3.83918145927583,0.849180014001511,NA,NA,NA,0.835642573672498,"gaussian",2,NA,NA,NA,NA,NA,NA,NA,NA,NA,NA,NA,NA,"29","MO","layernorm_full",115,0.899691762290265,0.337362614434655,"gauss_2x",FALSE
"states-kernel",NA,1003,4.19975825673592,5.11786493867974,0.845820250369971,NA,NA,NA,0.707928155003406,"gaussian",2,NA,NA,NA,NA,NA,NA,NA,NA,NA,NA,NA,NA,"29","MO","layernorm_full",115,3.49453682925871,0.331280792925305,"gauss_2x",FALSE
"states-kernel",NA,1004,3.2366487087843,4.09950435768356,0.838142580771709,NA,NA,NA,0.812597768626028,"gaussian",2,NA,NA,NA,NA,NA,NA,NA,NA,NA,NA,NA,NA,"29","MO","layernorm_full",115,1.46404030869319,0.372331105031197,"gauss_2x",FALSE
"states-kernel",NA,1005,3.5962684173563,4.46790819837561,0.858558297232862,NA,NA,NA,0.777402370478974,"gaussian",2,NA,NA,NA,NA,NA,NA,NA,NA,NA,NA,NA,NA,"29","MO","layernorm_full",115,2.54655295037453,0.299556167744268,"gauss_2x",FALSE
"states-kernel",NA,1001,5.1271853932923,7.05491290988226,0.742824346166103,NA,NA,NA,0.742013715116443,"gaussian",2,NA,NA,NA,NA,NA,NA,NA,NA,NA,NA,NA,NA,"30","MT","layernorm_full",56,0.373551247182996,-0.129110824054914,"gauss_2x",FALSE
"states-kernel",NA,1002,5.8057009302305,8.40464862694792,0.689195828634917,NA,NA,NA,0.633855573282018,"gaussian",2,NA,NA,NA,NA,NA,NA,NA,NA,NA,NA,NA,NA,"30","MT","layernorm_full",56,0.785553323696467,0.0504573244274922,"gauss_2x",FALSE
"states-kernel",NA,1003,7.0151177189453,9.77097240327209,0.622302422222625,NA,NA,NA,0.505132562433317,"gaussian",2,NA,NA,NA,NA,NA,NA,NA,NA,NA,NA,NA,NA,"30","MT","layernorm_full",56,4.47652352342316,-0.0516263109565276,"gauss_2x",FALSE
"states-kernel",NA,1004,4.54725979408987,6.42599618660313,0.796450582326453,NA,NA,NA,0.785960350239596,"gaussian",2,NA,NA,NA,NA,NA,NA,NA,NA,NA,NA,NA,NA,"30","MT","layernorm_full",56,1.36329940252413,-0.130284590139139,"gauss_2x",FALSE
"states-kernel",NA,1005,5.17699060206974,7.25722263918322,0.755692844722703,NA,NA,NA,0.727005311021159,"gaussian",2,NA,NA,NA,NA,NA,NA,NA,NA,NA,NA,NA,NA,"30","MT","layernorm_full",56,2.34898042240573,-0.0149520644443587,"gauss_2x",FALSE
"states-kernel",NA,1001,4.50453895747646,5.45020105138642,0.812929126417158,NA,NA,NA,0.660944462875773,"gaussian",2,NA,NA,NA,NA,NA,NA,NA,NA,NA,NA,NA,NA,"31","NE","layernorm_full",93,-3.57364363780303,0.259668050083527,"gauss_2x",FALSE
"states-kernel",NA,1002,3.5219204171744,4.49859333210193,0.822342516797426,NA,NA,NA,0.769006762764096,"gaussian",2,NA,NA,NA,NA,NA,NA,NA,NA,NA,NA,NA,NA,"31","NE","layernorm_full",93,-2.06879214197424,0.245275975439176,"gauss_2x",FALSE
"states-kernel",NA,1003,3.69231364428189,4.50469840083167,0.827170259197966,NA,NA,NA,0.76837937264417,"gaussian",2,NA,NA,NA,NA,NA,NA,NA,NA,NA,NA,NA,NA,"31","NE","layernorm_full",93,-2.20708406897568,0.307750412764053,"gauss_2x",FALSE
"states-kernel",NA,1004,4.18463801232242,4.96027815485653,0.88001921358209,NA,NA,NA,0.71916071631831,"gaussian",2,NA,NA,NA,NA,NA,NA,NA,NA,NA,NA,NA,NA,"31","NE","layernorm_full",93,-3.70901698499189,0.228968795316328,"gauss_2x",FALSE
"states-kernel",NA,1005,5.10252928096089,5.87520307415151,0.795348662224355,NA,NA,NA,0.606004229501666,"gaussian",2,NA,NA,NA,NA,NA,NA,NA,NA,NA,NA,NA,NA,"31","NE","layernorm_full",93,-4.07288541444097,0.295865876661899,"gauss_2x",FALSE
"states-kernel",NA,1001,6.11631234365905,7.95512251620717,0.756451672967634,NA,NA,NA,0.637463170130857,"gaussian",2,NA,NA,NA,NA,NA,NA,NA,NA,NA,NA,NA,NA,"34","NJ","layernorm_full",21,0.356435471183413,0.49841420886401,"gauss_2x",FALSE
"states-kernel",NA,1002,6.08133456649339,7.67039581265287,0.794654272041605,NA,NA,NA,0.662950305194564,"gaussian",2,NA,NA,NA,NA,NA,NA,NA,NA,NA,NA,NA,NA,"34","NJ","layernorm_full",21,0.999483216406804,0.511311248782719,"gauss_2x",FALSE
"states-kernel",NA,1003,6.61280475408278,8.02745789969111,0.761403083406902,NA,NA,NA,0.630840150014521,"gaussian",2,NA,NA,NA,NA,NA,NA,NA,NA,NA,NA,NA,NA,"34","NJ","layernorm_full",21,-0.324757748091947,0.619052125034235,"gauss_2x",FALSE
"states-kernel",NA,1004,4.41207251631606,6.03747713355163,0.840273845864277,NA,NA,NA,0.79118130107195,"gaussian",2,NA,NA,NA,NA,NA,NA,NA,NA,NA,NA,NA,NA,"34","NJ","layernorm_full",21,1.79650292065561,0.442601610399698,"gauss_2x",FALSE
"states-kernel",NA,1005,8.04225965024508,8.81638052236134,0.718521206233085,NA,NA,NA,0.55471400039228,"gaussian",2,NA,NA,NA,NA,NA,NA,NA,NA,NA,NA,NA,NA,"34","NJ","layernorm_full",21,-2.90722240209159,0.659744251220508,"gauss_2x",FALSE
"states-kernel",NA,1001,12.3189077124117,14.4241054356533,0.523998502910923,NA,NA,NA,0.38075117231472,"gaussian",2,NA,NA,NA,NA,NA,NA,NA,NA,NA,NA,NA,NA,"35","NM","layernorm_full",33,-1.09272322575984,0.417999938252042,"gauss_2x",FALSE
"states-kernel",NA,1002,13.205584451079,14.7149232953048,0.514440904096286,NA,NA,NA,0.355528937649423,"gaussian",2,NA,NA,NA,NA,NA,NA,NA,NA,NA,NA,NA,NA,"35","NM","layernorm_full",33,-4.12789182634207,0.365516105763554,"gauss_2x",FALSE
"states-kernel",NA,1003,11.0471201411028,13.6580797103172,0.519903183390357,NA,NA,NA,0.444777953568848,"gaussian",2,NA,NA,NA,NA,NA,NA,NA,NA,NA,NA,NA,NA,"35","NM","layernorm_full",33,0.592061747959493,0.413355983730512,"gauss_2x",FALSE
"states-kernel",NA,1004,11.4714321582146,14.8110308879483,0.413599241019397,NA,NA,NA,0.347082976935985,"gaussian",2,NA,NA,NA,NA,NA,NA,NA,NA,NA,NA,NA,NA,"35","NM","layernorm_full",33,4.40557805616073,0.530403295064992,"gauss_2x",FALSE
"states-kernel",NA,1005,11.8562662243308,14.6007359140732,0.481945559402144,NA,NA,NA,0.365492283224702,"gaussian",2,NA,NA,NA,NA,NA,NA,NA,NA,NA,NA,NA,NA,"35","NM","layernorm_full",33,-5.06875470290982,0.429647658218146,"gauss_2x",FALSE
"states-kernel",NA,1001,5.3372366939094,7.04481169246149,0.797414455823053,NA,NA,NA,0.748878394795711,"gaussian",2,NA,NA,NA,NA,NA,NA,NA,NA,NA,NA,NA,NA,"36","NY","layernorm_full",62,2.14920256530114,0.57337309763419,"gauss_2x",FALSE
"states-kernel",NA,1002,5.7677898829381,7.49163045905903,0.729586620426116,NA,NA,NA,0.716013304437658,"gaussian",2,NA,NA,NA,NA,NA,NA,NA,NA,NA,NA,NA,NA,"36","NY","layernorm_full",62,-0.991465337592128,0.492526993276275,"gauss_2x",FALSE
"states-kernel",NA,1003,5.69217268950854,6.7602617334513,0.775844323413286,NA,NA,NA,0.768755015446093,"gaussian",2,NA,NA,NA,NA,NA,NA,NA,NA,NA,NA,NA,NA,"36","NY","layernorm_full",62,-1.18227371398182,0.524679018037717,"gauss_2x",FALSE
"states-kernel",NA,1004,4.79807003497382,6.00045565288451,0.818196993380213,NA,NA,NA,0.817814519785385,"gaussian",2,NA,NA,NA,NA,NA,NA,NA,NA,NA,NA,NA,NA,"36","NY","layernorm_full",62,0.260193692850035,0.451367871324069,"gauss_2x",FALSE
"states-kernel",NA,1005,5.71408725364788,7.25182795484147,0.777845646657335,NA,NA,NA,0.733902811918895,"gaussian",2,NA,NA,NA,NA,NA,NA,NA,NA,NA,NA,NA,NA,"36","NY","layernorm_full",62,-2.33267764017394,0.528780587605261,"gauss_2x",FALSE
"states-kernel",NA,1001,4.66816665843785,5.93573382994306,0.906122504415943,NA,NA,NA,0.820941883030487,"gaussian",2,NA,NA,NA,NA,NA,NA,NA,NA,NA,NA,NA,NA,"37","NC","layernorm_full",100,4.06099527666981,0.198000516878231,"gauss_2x",FALSE
"states-kernel",NA,1002,3.71172034480393,5.13420750176855,0.90133335625494,NA,NA,NA,0.866034795706098,"gaussian",2,NA,NA,NA,NA,NA,NA,NA,NA,NA,NA,NA,NA,"37","NC","layernorm_full",100,2.28317496746358,0.314226254314947,"gauss_2x",FALSE
"states-kernel",NA,1003,4.68019673932574,6.1893058075298,0.883693236798823,NA,NA,NA,0.805316538519855,"gaussian",2,NA,NA,NA,NA,NA,NA,NA,NA,NA,NA,NA,NA,"37","NC","layernorm_full",100,3.53728453720703,0.264711453329267,"gauss_2x",FALSE
"states-kernel",NA,1004,3.87516428760069,5.2523083020041,0.895236592795361,NA,NA,NA,0.859800779837436,"gaussian",2,NA,NA,NA,NA,NA,NA,NA,NA,NA,NA,NA,NA,"37","NC","layernorm_full",100,2.61493675947339,0.118977718490913,"gauss_2x",FALSE
"states-kernel",NA,1005,4.62368589797416,5.92163216494981,0.889933608531984,NA,NA,NA,0.821791657727169,"gaussian",2,NA,NA,NA,NA,NA,NA,NA,NA,NA,NA,NA,NA,"37","NC","layernorm_full",100,3.2345172028718,0.189579690636214,"gauss_2x",FALSE
"states-kernel",NA,1001,7.58708625413581,9.42784700193273,0.593558280166936,NA,NA,NA,0.467603144973814,"gaussian",2,NA,NA,NA,NA,NA,NA,NA,NA,NA,NA,NA,NA,"38","ND","layernorm_full",53,-4.46133448291737,0.204901294785537,"gauss_2x",FALSE
"states-kernel",NA,1002,7.03940869819967,8.61246865317131,0.695172337810558,NA,NA,NA,0.55571081906069,"gaussian",2,NA,NA,NA,NA,NA,NA,NA,NA,NA,NA,NA,NA,"38","ND","layernorm_full",53,-4.80443202088664,0.118594416801988,"gauss_2x",FALSE
"states-kernel",NA,1003,7.98896733122176,9.46529141531882,0.694961982507833,NA,NA,NA,0.463365724439433,"gaussian",2,NA,NA,NA,NA,NA,NA,NA,NA,NA,NA,NA,NA,"38","ND","layernorm_full",53,-6.1291117220276,0.0401639808781851,"gauss_2x",FALSE
"states-kernel",NA,1004,7.07842900289785,8.67388064997018,0.651655436472595,NA,NA,NA,0.549352139607422,"gaussian",2,NA,NA,NA,NA,NA,NA,NA,NA,NA,NA,NA,NA,"38","ND","layernorm_full",53,-4.03957301430093,0.0455278791185515,"gauss_2x",FALSE
"states-kernel",NA,1005,8.14573836835414,9.93231395335912,0.573930802092819,NA,NA,NA,0.409103650527024,"gaussian",2,NA,NA,NA,NA,NA,NA,NA,NA,NA,NA,NA,NA,"38","ND","layernorm_full",53,-5.24490653907528,0.0852048655528937,"gauss_2x",FALSE
"states-kernel",NA,1001,5.29925493765846,6.52617360092249,0.65645876063067,NA,NA,NA,0.641933508253272,"gaussian",2,NA,NA,NA,NA,NA,NA,NA,NA,NA,NA,NA,NA,"39","OH","layernorm_full",88,-1.29656573915566,0.641285875249285,"gauss_2x",FALSE
"states-kernel",NA,1002,4.71099036225563,5.76430673551871,0.724294043652145,NA,NA,NA,0.720655192840696,"gaussian",2,NA,NA,NA,NA,NA,NA,NA,NA,NA,NA,NA,NA,"39","OH","layernorm_full",88,-0.494797536327459,0.593389902852497,"gauss_2x",FALSE
"states-kernel",NA,1003,5.64583997677849,7.10331776359371,0.601459534520965,NA,NA,NA,0.575801700714217,"gaussian",2,NA,NA,NA,NA,NA,NA,NA,NA,NA,NA,NA,NA,"39","OH","layernorm_full",88,-1.51995213772337,0.712267008847646,"gauss_2x",FALSE
"states-kernel",NA,1004,4.77944447311235,5.73465606201972,0.724975272935518,NA,NA,NA,0.72352161180415,"gaussian",2,NA,NA,NA,NA,NA,NA,NA,NA,NA,NA,NA,NA,"39","OH","layernorm_full",88,-0.283788888244582,0.636383200043402,"gauss_2x",FALSE
"states-kernel",NA,1005,4.76758876148531,5.78485668812007,0.720485121272395,NA,NA,NA,0.718659894744675,"gaussian",2,NA,NA,NA,NA,NA,NA,NA,NA,NA,NA,NA,NA,"39","OH","layernorm_full",88,0.465917950592511,0.6487318177237,"gauss_2x",FALSE
"states-kernel",NA,1001,2.93255678372357,3.89493700481453,0.752377219776096,NA,NA,NA,0.722103270959197,"gaussian",2,NA,NA,NA,NA,NA,NA,NA,NA,NA,NA,NA,NA,"40","OK","layernorm_full",77,-0.808427693083059,0.427056705539043,"gauss_2x",FALSE
"states-kernel",NA,1002,3.30177482634522,4.26373768633216,0.704350930251788,NA,NA,NA,0.666985215055531,"gaussian",2,NA,NA,NA,NA,NA,NA,NA,NA,NA,NA,NA,NA,"40","OK","layernorm_full",77,0.624498092428785,0.314591294432569,"gauss_2x",FALSE
"states-kernel",NA,1003,3.32171252680436,4.68016086803155,0.692464541683095,NA,NA,NA,0.598760092927599,"gaussian",2,NA,NA,NA,NA,NA,NA,NA,NA,NA,NA,NA,NA,"40","OK","layernorm_full",77,-1.4464009731545,0.268765344298494,"gauss_2x",FALSE
"states-kernel",NA,1004,3.28646460686236,4.31394618341268,0.713922509216053,NA,NA,NA,0.659096072260556,"gaussian",2,NA,NA,NA,NA,NA,NA,NA,NA,NA,NA,NA,NA,"40","OK","layernorm_full",77,0.0575754183802647,0.341478144386717,"gauss_2x",FALSE
"states-kernel",NA,1005,3.32209352144401,4.46190699253144,0.659333395341145,NA,NA,NA,0.635310226119163,"gaussian",2,NA,NA,NA,NA,NA,NA,NA,NA,NA,NA,NA,NA,"40","OK","layernorm_full",77,-0.24098067872732,0.433189205751612,"gauss_2x",FALSE
"states-kernel",NA,1001,4.16699845858237,5.45702182161178,0.89054744785209,NA,NA,NA,0.883786717228224,"gaussian",2,NA,NA,NA,NA,NA,NA,NA,NA,NA,NA,NA,NA,"41","OR","layernorm_full",36,-0.794162842293798,0.154950176876365,"gauss_2x",FALSE
"states-kernel",NA,1002,7.88349833298125,9.56826217521942,0.849587425503133,NA,NA,NA,0.642718506034788,"gaussian",2,NA,NA,NA,NA,NA,NA,NA,NA,NA,NA,NA,NA,"41","OR","layernorm_full",36,-7.22022054791742,0.507662740213705,"gauss_2x",FALSE
"states-kernel",NA,1003,4.98276744747637,6.30195342499193,0.853194929559102,NA,NA,NA,0.845013180318157,"gaussian",2,NA,NA,NA,NA,NA,NA,NA,NA,NA,NA,NA,NA,"41","OR","layernorm_full",36,-1.44635117883259,0.474153269761467,"gauss_2x",FALSE
"states-kernel",NA,1004,4.34892261974698,5.70969885432935,0.889962879169252,NA,NA,NA,0.872775487857782,"gaussian",2,NA,NA,NA,NA,NA,NA,NA,NA,NA,NA,NA,NA,"41","OR","layernorm_full",36,-2.02629882886106,0.343689465294669,"gauss_2x",FALSE
"states-kernel",NA,1005,4.19313425226044,5.48380242587192,0.891638333777083,NA,NA,NA,0.882643273486455,"gaussian",2,NA,NA,NA,NA,NA,NA,NA,NA,NA,NA,NA,NA,"41","OR","layernorm_full",36,-1.4612774349288,0.290498288185947,"gauss_2x",FALSE
"states-kernel",NA,1001,7.2919195990328,8.75113511735823,0.769291900170499,NA,NA,NA,0.531902338777847,"gaussian",2,NA,NA,NA,NA,NA,NA,NA,NA,NA,NA,NA,NA,"42","PA","layernorm_full",67,6.00879236784766,0.561285726931888,"gauss_2x",FALSE
"states-kernel",NA,1002,7.0758303698231,8.34077836281859,0.78449814493483,NA,NA,NA,0.574772978540664,"gaussian",2,NA,NA,NA,NA,NA,NA,NA,NA,NA,NA,NA,NA,"42","PA","layernorm_full",67,5.62842767008409,0.514198450601249,"gauss_2x",FALSE
"states-kernel",NA,1003,6.49919859645378,8.11886454728099,0.825492778048783,NA,NA,NA,0.597099056768793,"gaussian",2,NA,NA,NA,NA,NA,NA,NA,NA,NA,NA,NA,NA,"42","PA","layernorm_full",67,5.49589351858306,0.542354427061244,"gauss_2x",FALSE
"states-kernel",NA,1004,7.62953046067117,9.06252775261693,0.726199340939047,NA,NA,NA,0.49799690865384,"gaussian",2,NA,NA,NA,NA,NA,NA,NA,NA,NA,NA,NA,NA,"42","PA","layernorm_full",67,6.04058863622986,0.517876702288642,"gauss_2x",FALSE
"states-kernel",NA,1005,6.71105096443256,8.03757056571819,0.787249577611759,NA,NA,NA,0.605127135590965,"gaussian",2,NA,NA,NA,NA,NA,NA,NA,NA,NA,NA,NA,NA,"42","PA","layernorm_full",67,5.29666998197323,0.503433054006031,"gauss_2x",FALSE
"states-kernel",NA,1001,6.81462703316901,8.01788495009216,0.867783900046834,NA,NA,NA,0.611585837564375,"gaussian",2,NA,NA,NA,NA,NA,NA,NA,NA,NA,NA,NA,NA,"45","SC","layernorm_full",46,-6.4519788719352,0.326920107755694,"gauss_2x",FALSE
"states-kernel",NA,1002,4.35159397239475,5.39288010867362,0.868619321459361,NA,NA,NA,0.824281718492163,"gaussian",2,NA,NA,NA,NA,NA,NA,NA,NA,NA,NA,NA,NA,"45","SC","layernorm_full",46,-2.69887499144899,0.433293434640742,"gauss_2x",FALSE
"states-kernel",NA,1003,5.71889690504988,6.95907874271894,0.881924813321106,NA,NA,NA,0.70739690356262,"gaussian",2,NA,NA,NA,NA,NA,NA,NA,NA,NA,NA,NA,NA,"45","SC","layernorm_full",46,-4.83379882674527,0.341929352567159,"gauss_2x",FALSE
"states-kernel",NA,1004,6.26943271138364,7.7345548785283,0.850381632212906,NA,NA,NA,0.638551799499527,"gaussian",2,NA,NA,NA,NA,NA,NA,NA,NA,NA,NA,NA,NA,"45","SC","layernorm_full",46,-5.84896016201469,0.41595073860832,"gauss_2x",FALSE
"states-kernel",NA,1005,6.34530710992254,8.35574534142448,0.805298859891666,NA,NA,NA,0.578161894932469,"gaussian",2,NA,NA,NA,NA,NA,NA,NA,NA,NA,NA,NA,NA,"45","SC","layernorm_full",46,-5.77245186657838,0.379154604232776,"gauss_2x",FALSE
"states-kernel",NA,1001,8.12817734366455,11.1221133977879,0.622020227938182,NA,NA,NA,0.423282021408517,"gaussian",2,NA,NA,NA,NA,NA,NA,NA,NA,NA,NA,NA,NA,"46","SD","layernorm_full",66,6.34324740312482,0.123256191535234,"gauss_2x",FALSE
"states-kernel",NA,1002,8.19689350395675,12.3364529857039,0.481567997056055,NA,NA,NA,0.290472113978968,"gaussian",2,NA,NA,NA,NA,NA,NA,NA,NA,NA,NA,NA,NA,"46","SD","layernorm_full",66,6.3878551783728,0.128030792802876,"gauss_2x",FALSE
"states-kernel",NA,1003,7.66890140976799,10.4808604877885,0.625817792487503,NA,NA,NA,0.487867033095628,"gaussian",2,NA,NA,NA,NA,NA,NA,NA,NA,NA,NA,NA,NA,"46","SD","layernorm_full",66,5.33391700574326,0.173085401637917,"gauss_2x",FALSE
"states-kernel",NA,1004,10.6623135927117,14.6446669588381,0.471704218092288,NA,NA,NA,0.000120067587435324,"gaussian",2,NA,NA,NA,NA,NA,NA,NA,NA,NA,NA,NA,NA,"46","SD","layernorm_full",66,9.94756111853162,0.0806242629727748,"gauss_2x",FALSE
"states-kernel",NA,1005,8.47991958705618,12.7352275302854,0.484086917569877,NA,NA,NA,0.243859900624696,"gaussian",2,NA,NA,NA,NA,NA,NA,NA,NA,NA,NA,NA,NA,"46","SD","layernorm_full",66,7.03709264553678,0.114158922070766,"gauss_2x",FALSE
"states-kernel",NA,1001,3.95062925422964,4.71168264409252,0.741437871770596,NA,NA,NA,0.739758541575217,"gaussian",2,NA,NA,NA,NA,NA,NA,NA,NA,NA,NA,NA,NA,"47","TN","layernorm_full",95,-0.155240041705746,0.492660193863872,"gauss_2x",FALSE
"states-kernel",NA,1002,3.65528419692714,4.35137589916551,0.779962108103365,NA,NA,NA,0.778038512568576,"gaussian",2,NA,NA,NA,NA,NA,NA,NA,NA,NA,NA,NA,NA,"47","TN","layernorm_full",95,0.210953898975188,0.472727131241163,"gauss_2x",FALSE
"states-kernel",NA,1003,3.30841676608475,4.19013528106847,0.833408747240276,NA,NA,NA,0.794183346809865,"gaussian",2,NA,NA,NA,NA,NA,NA,NA,NA,NA,NA,NA,NA,"47","TN","layernorm_full",95,1.59005920558167,0.410103165977781,"gauss_2x",FALSE
"states-kernel",NA,1004,3.65730749241745,4.42464431624525,0.796427241496197,NA,NA,NA,0.770500812605725,"gaussian",2,NA,NA,NA,NA,NA,NA,NA,NA,NA,NA,NA,NA,"47","TN","layernorm_full",95,1.44108770492821,0.4321655639242,"gauss_2x",FALSE
"states-kernel",NA,1005,3.3606242510174,3.9978369770037,0.821900869276337,NA,NA,NA,0.812640989696736,"gaussian",2,NA,NA,NA,NA,NA,NA,NA,NA,NA,NA,NA,NA,"47","TN","layernorm_full",95,0.803255420908396,0.355335553231135,"gauss_2x",FALSE
"states-kernel",NA,1001,6.85149907882617,12.0546378297126,0.548773400007745,NA,NA,NA,0.467407018801796,"gaussian",2,NA,NA,NA,NA,NA,NA,NA,NA,NA,NA,NA,NA,"48","TX","layernorm_full",254,2.55995384846339,0.689494005650258,"gauss_2x",FALSE
"states-kernel",NA,1002,6.38706011832482,11.3927098873237,0.67213469309768,NA,NA,NA,0.52429120423165,"gaussian",2,NA,NA,NA,NA,NA,NA,NA,NA,NA,NA,NA,NA,"48","TX","layernorm_full",254,3.97210636978046,0.675875508412917,"gauss_2x",FALSE
"states-kernel",NA,1003,7.97168887389562,14.2773185091416,0.394486251982533,NA,NA,NA,0.252897135981828,"gaussian",2,NA,NA,NA,NA,NA,NA,NA,NA,NA,NA,NA,NA,"48","TX","layernorm_full",254,5.40647326846926,0.727672741026731,"gauss_2x",FALSE
"states-kernel",NA,1004,6.64153335261937,11.6689804669916,0.553095532712405,NA,NA,NA,0.500939806529645,"gaussian",2,NA,NA,NA,NA,NA,NA,NA,NA,NA,NA,NA,NA,"48","TX","layernorm_full",254,1.80044960283207,0.726706492158838,"gauss_2x",FALSE
"states-kernel",NA,1005,7.19065659365666,13.6932516735518,0.400624773020968,NA,NA,NA,0.312772886666944,"gaussian",2,NA,NA,NA,NA,NA,NA,NA,NA,NA,NA,NA,NA,"48","TX","layernorm_full",254,4.29207683664845,0.762194240725201,"gauss_2x",FALSE
"states-kernel",NA,1001,7.5269026573412,10.0160365354106,0.527872087390764,NA,NA,NA,0.494834121702896,"gaussian",2,NA,NA,NA,NA,NA,NA,NA,NA,NA,NA,NA,NA,"49","UT","layernorm_full",29,2.10718454371136,0.010419387037141,"gauss_2x",FALSE
"states-kernel",NA,1002,6.9265467011974,9.06270162865934,0.63407076288335,NA,NA,NA,0.586421863502759,"gaussian",2,NA,NA,NA,NA,NA,NA,NA,NA,NA,NA,NA,NA,"49","UT","layernorm_full",29,2.60818106976506,0.0968045877545488,"gauss_2x",FALSE
"states-kernel",NA,1003,6.77245604828509,8.14745887977777,0.689026614394152,NA,NA,NA,0.665738342290707,"gaussian",2,NA,NA,NA,NA,NA,NA,NA,NA,NA,NA,NA,NA,"49","UT","layernorm_full",29,-1.63058066991921,-0.0527101867720185,"gauss_2x",FALSE
"states-kernel",NA,1004,7.30102971763741,9.64338414656706,0.647830967262863,NA,NA,NA,0.531724816410461,"gaussian",2,NA,NA,NA,NA,NA,NA,NA,NA,NA,NA,NA,NA,"49","UT","layernorm_full",29,2.96789322202589,0.00400247999743608,"gauss_2x",FALSE
"states-kernel",NA,1005,7.37667959859421,9.81394265977867,0.620597834279986,NA,NA,NA,0.515013957092637,"gaussian",2,NA,NA,NA,NA,NA,NA,NA,NA,NA,NA,NA,NA,"49","UT","layernorm_full",29,3.4333986894475,0.0520384285235956,"gauss_2x",FALSE
"states-kernel",NA,1001,4.23885819177285,5.55729316281976,0.904933621634095,NA,NA,NA,0.894912383291182,"gaussian",2,NA,NA,NA,NA,NA,NA,NA,NA,NA,NA,NA,NA,"51","VA","layernorm_full",133,0.476665507271426,0.178897568159069,"gauss_2x",FALSE
"states-kernel",NA,1002,4.61090960418301,6.27995274285534,0.866886254766943,NA,NA,NA,0.865804584680417,"gaussian",2,NA,NA,NA,NA,NA,NA,NA,NA,NA,NA,NA,NA,"51","VA","layernorm_full",133,-0.123772642968525,0.268082368260179,"gauss_2x",FALSE
"states-kernel",NA,1003,4.38844287901149,5.90374683837081,0.883822999796534,NA,NA,NA,0.881401176875284,"gaussian",2,NA,NA,NA,NA,NA,NA,NA,NA,NA,NA,NA,NA,"51","VA","layernorm_full",133,0.391123477527447,0.14727390258952,"gauss_2x",FALSE
"states-kernel",NA,1004,4.33184761507306,5.85922915482533,0.888487905380611,NA,NA,NA,0.883183041459844,"gaussian",2,NA,NA,NA,NA,NA,NA,NA,NA,NA,NA,NA,NA,"51","VA","layernorm_full",133,0.922498036201456,0.165279298511872,"gauss_2x",FALSE
"states-kernel",NA,1005,4.96876034668521,6.44175928352833,0.859510448693586,NA,NA,NA,0.858800255295493,"gaussian",2,NA,NA,NA,NA,NA,NA,NA,NA,NA,NA,NA,NA,"51","VA","layernorm_full",133,-0.303484349002842,0.236774586208479,"gauss_2x",FALSE
"states-kernel",NA,1001,6.24003953790531,7.74557139145079,0.731975313163216,NA,NA,NA,0.629642280836014,"gaussian",2,NA,NA,NA,NA,NA,NA,NA,NA,NA,NA,NA,NA,"53","WA","layernorm_full",39,3.82354168162168,0.211664343612029,"gauss_2x",FALSE
"states-kernel",NA,1002,6.8132205863326,7.75646439265748,0.641038347728158,NA,NA,NA,0.628599841561749,"gaussian",2,NA,NA,NA,NA,NA,NA,NA,NA,NA,NA,NA,NA,"53","WA","layernorm_full",39,1.28261343554634,0.339484008239924,"gauss_2x",FALSE
"states-kernel",NA,1003,7.24413365233646,9.20852801291325,0.739759994784593,NA,NA,NA,0.476526253540235,"gaussian",2,NA,NA,NA,NA,NA,NA,NA,NA,NA,NA,NA,NA,"53","WA","layernorm_full",39,6.48433476835443,0.174372855313436,"gauss_2x",FALSE
"states-kernel",NA,1004,6.96793278084587,8.41693245726801,0.822776862093206,NA,NA,NA,0.562657017141472,"gaussian",2,NA,NA,NA,NA,NA,NA,NA,NA,NA,NA,NA,NA,"53","WA","layernorm_full",39,6.41612444856026,0.13230365522964,"gauss_2x",FALSE
"states-kernel",NA,1005,6.57854522961602,8.03770234031067,0.791763213057482,NA,NA,NA,0.601178726142074,"gaussian",2,NA,NA,NA,NA,NA,NA,NA,NA,NA,NA,NA,NA,"53","WA","layernorm_full",39,5.52953367457672,0.0183271438256226,"gauss_2x",FALSE
"states-kernel",NA,1001,3.3016506116142,4.30426638508421,0.599019348153573,NA,NA,NA,0.589414460357094,"gaussian",2,NA,NA,NA,NA,NA,NA,NA,NA,NA,NA,NA,NA,"54","WV","layernorm_full",55,-0.530280240359783,0.225369201751217,"gauss_2x",FALSE
"states-kernel",NA,1002,4.31602953229052,5.54792391532841,0.424625999439486,NA,NA,NA,0.317871240807441,"gaussian",2,NA,NA,NA,NA,NA,NA,NA,NA,NA,NA,NA,NA,"54","WV","layernorm_full",55,1.62173293518179,0.432908798701592,"gauss_2x",FALSE
"states-kernel",NA,1003,4.65348686771131,5.46157833975242,0.589740922430333,NA,NA,NA,0.338938747511199,"gaussian",2,NA,NA,NA,NA,NA,NA,NA,NA,NA,NA,NA,NA,"54","WV","layernorm_full",55,-3.32103683376017,0.33773343491832,"gauss_2x",FALSE
"states-kernel",NA,1004,3.27558067852272,4.32219684970369,0.589841933388135,NA,NA,NA,0.585986548184659,"gaussian",2,NA,NA,NA,NA,NA,NA,NA,NA,NA,NA,NA,NA,"54","WV","layernorm_full",55,0.113293628732443,0.289198451486193,"gauss_2x",FALSE
"states-kernel",NA,1005,3.49684862640007,4.53455209588723,0.565382587165476,NA,NA,NA,0.544305109947078,"gaussian",2,NA,NA,NA,NA,NA,NA,NA,NA,NA,NA,NA,NA,"54","WV","layernorm_full",55,0.919051799116688,0.341816880410088,"gauss_2x",FALSE
"states-kernel",NA,1001,8.52342588213866,11.5802460044715,0.235471010789082,NA,NA,NA,-0.353339940008594,"gaussian",2,NA,NA,NA,NA,NA,NA,NA,NA,NA,NA,NA,NA,"55","WI","layernorm_full",72,6.74574552726259,0.502426765157782,"gauss_2x",FALSE
"states-kernel",NA,1002,7.73534400260065,11.0302064999399,0.249355032328655,NA,NA,NA,-0.227831057041973,"gaussian",2,NA,NA,NA,NA,NA,NA,NA,NA,NA,NA,NA,NA,"55","WI","layernorm_full",72,5.98199343660829,0.393293292437722,"gauss_2x",FALSE
"states-kernel",NA,1003,9.1837419456405,12.3457919606471,0.158704009640264,NA,NA,NA,-0.538187355395415,"gaussian",2,NA,NA,NA,NA,NA,NA,NA,NA,NA,NA,NA,NA,"55","WI","layernorm_full",72,6.83287177383153,0.456423774484661,"gauss_2x",FALSE
"states-kernel",NA,1004,9.42490917876294,12.6876388375505,0.187542256023564,NA,NA,NA,-0.624549479994715,"gaussian",2,NA,NA,NA,NA,NA,NA,NA,NA,NA,NA,NA,NA,"55","WI","layernorm_full",72,7.8954408965851,0.466253355427195,"gauss_2x",FALSE
"states-kernel",NA,1005,9.80731410604178,12.9022014704454,0.167942669799163,NA,NA,NA,-0.67996009795909,"gaussian",2,NA,NA,NA,NA,NA,NA,NA,NA,NA,NA,NA,NA,"55","WI","layernorm_full",72,7.7025705294572,0.508412859898121,"gauss_2x",FALSE
"states-kernel",NA,1001,4.96238747259833,6.99823228956639,0.889852044999192,NA,NA,NA,0.704124185491036,"gaussian",2,NA,NA,NA,NA,NA,NA,NA,NA,NA,NA,NA,NA,"56","WY","layernorm_full",23,2.44598806676231,0.254866371038629,"gauss_2x",FALSE
"states-kernel",NA,1002,5.05469054144923,7.63994195641302,0.849594033183608,NA,NA,NA,0.647375180251803,"gaussian",2,NA,NA,NA,NA,NA,NA,NA,NA,NA,NA,NA,NA,"56","WY","layernorm_full",23,2.44996262173877,0.256476266735822,"gauss_2x",FALSE
"states-kernel",NA,1003,4.16935520761696,5.24381291967408,0.905550980252074,NA,NA,NA,0.833878005212968,"gaussian",2,NA,NA,NA,NA,NA,NA,NA,NA,NA,NA,NA,NA,"56","WY","layernorm_full",23,-1.02741873373456,0.0506274803549506,"gauss_2x",FALSE
"states-kernel",NA,1004,5.078781266961,6.33004881884015,0.851478499181351,NA,NA,NA,0.757926707141511,"gaussian",2,NA,NA,NA,NA,NA,NA,NA,NA,NA,NA,NA,NA,"56","WY","layernorm_full",23,-1.79928661764121,0.188998100014632,"gauss_2x",FALSE
"states-kernel",NA,1005,3.78890692541668,4.80046846997266,0.938397628610425,NA,NA,NA,0.860780521671373,"gaussian",2,NA,NA,NA,NA,NA,NA,NA,NA,NA,NA,NA,NA,"56","WY","layernorm_full",23,1.77463320672972,0.190488968853291,"gauss_2x",FALSE
"states-kernel",NA,1001,5.29241473457197,6.3678774776593,0.948281689964199,NA,NA,NA,0.897640575032986,"gaussian",4,NA,NA,NA,NA,NA,NA,NA,NA,NA,NA,NA,NA,"01","AL","layernorm_full",67,-0.065021169486315,0.437935421898868,"gauss_4x",FALSE
"states-kernel",NA,1002,4.61259313271158,5.53220772212068,0.976544776746705,NA,NA,NA,0.922743434533715,"gaussian",4,NA,NA,NA,NA,NA,NA,NA,NA,NA,NA,NA,NA,"01","AL","layernorm_full",67,-0.161378222250967,0.388518645344757,"gauss_4x",FALSE
"states-kernel",NA,1003,4.37274250042433,5.17527367172353,0.963270574011183,NA,NA,NA,0.932390911464621,"gaussian",4,NA,NA,NA,NA,NA,NA,NA,NA,NA,NA,NA,NA,"01","AL","layernorm_full",67,-0.690666787956508,0.364493172538308,"gauss_4x",FALSE
"states-kernel",NA,1004,5.0920239557581,6.11976121523585,0.944190318325039,NA,NA,NA,0.905461785903302,"gaussian",4,NA,NA,NA,NA,NA,NA,NA,NA,NA,NA,NA,NA,"01","AL","layernorm_full",67,-1.05724792800486,0.409800298768432,"gauss_4x",FALSE
"states-kernel",NA,1005,3.89657362146235,4.72638865352999,0.970043198782853,NA,NA,NA,0.943610622259398,"gaussian",4,NA,NA,NA,NA,NA,NA,NA,NA,NA,NA,NA,NA,"01","AL","layernorm_full",67,-0.375423980657268,0.395778792243428,"gauss_4x",FALSE
"states-kernel",NA,1001,4.14614739112228,4.94093254272268,0.908847185171102,NA,NA,NA,0.831301379138834,"gaussian",4,NA,NA,NA,NA,NA,NA,NA,NA,NA,NA,NA,NA,"05","AR","layernorm_full",75,-3.29702944724941,0.235801406692656,"gauss_4x",FALSE
"states-kernel",NA,1002,3.26444439652,4.08848708431561,0.895900997762548,NA,NA,NA,0.884490170392592,"gaussian",4,NA,NA,NA,NA,NA,NA,NA,NA,NA,NA,NA,NA,"05","AR","layernorm_full",75,-1.09200640037182,0.180177305024261,"gauss_4x",FALSE
"states-kernel",NA,1003,3.09811825167788,3.84569245667959,0.904297225671268,NA,NA,NA,0.897801908951725,"gaussian",4,NA,NA,NA,NA,NA,NA,NA,NA,NA,NA,NA,NA,"05","AR","layernorm_full",75,-0.958863696787582,0.286107221134655,"gauss_4x",FALSE
"states-kernel",NA,1004,4.24983299316092,5.10573491074227,0.90149915990347,NA,NA,NA,0.819859979434123,"gaussian",4,NA,NA,NA,NA,NA,NA,NA,NA,NA,NA,NA,NA,"05","AR","layernorm_full",75,-3.36556848757703,0.184578234795708,"gauss_4x",FALSE
"states-kernel",NA,1005,4.18546810095078,5.09661349641843,0.902006856201804,NA,NA,NA,0.820503046127595,"gaussian",4,NA,NA,NA,NA,NA,NA,NA,NA,NA,NA,NA,NA,"05","AR","layernorm_full",75,-3.19731757467476,0.227537729263458,"gauss_4x",FALSE
"states-kernel",NA,1001,7.24139489831293,8.99295135292504,0.708990177360536,NA,NA,NA,0.695630928843034,"gaussian",4,NA,NA,NA,NA,NA,NA,NA,NA,NA,NA,NA,NA,"06","CA","layernorm_full",58,1.72319780801197,0.347097338793327,"gauss_4x",FALSE
"states-kernel",NA,1002,8.13160027065027,10.2226977347134,0.653081938711137,NA,NA,NA,0.606697171054102,"gaussian",4,NA,NA,NA,NA,NA,NA,NA,NA,NA,NA,NA,NA,"06","CA","layernorm_full",58,2.5222022866397,0.422021465962605,"gauss_4x",FALSE
"states-kernel",NA,1003,8.50404914264888,10.7940429994484,0.595388019409081,NA,NA,NA,0.561505330463832,"gaussian",4,NA,NA,NA,NA,NA,NA,NA,NA,NA,NA,NA,NA,"06","CA","layernorm_full",58,0.445651558615192,0.495959444521727,"gauss_4x",FALSE
"states-kernel",NA,1004,7.81010274501625,9.81833832468921,0.657249430317456,NA,NA,NA,0.637196041447947,"gaussian",4,NA,NA,NA,NA,NA,NA,NA,NA,NA,NA,NA,NA,"06","CA","layernorm_full",58,2.27053984298106,0.478873603288911,"gauss_4x",FALSE
"states-kernel",NA,1005,8.8738262820806,10.9105068115165,0.600101487957883,NA,NA,NA,0.551991885409222,"gaussian",4,NA,NA,NA,NA,NA,NA,NA,NA,NA,NA,NA,NA,"06","CA","layernorm_full",58,3.07436799141102,0.507123510950787,"gauss_4x",FALSE
"states-kernel",NA,1001,8.56685943353856,10.6302172194653,0.810407243637881,NA,NA,NA,0.655286041255527,"gaussian",4,NA,NA,NA,NA,NA,NA,NA,NA,NA,NA,NA,NA,"08","CO","layernorm_full",64,-5.53861259667104,0.325803533439868,"gauss_4x",FALSE
"states-kernel",NA,1002,12.0860258143553,15.1158416451757,0.766074845109364,NA,NA,NA,0.30298959874917,"gaussian",4,NA,NA,NA,NA,NA,NA,NA,NA,NA,NA,NA,NA,"08","CO","layernorm_full",64,-10.5056039575993,0.455011566659106,"gauss_4x",FALSE
"states-kernel",NA,1003,10.4832608065354,13.1031170607382,0.809798930409123,NA,NA,NA,0.476250243898324,"gaussian",4,NA,NA,NA,NA,NA,NA,NA,NA,NA,NA,NA,NA,"08","CO","layernorm_full",64,-8.61885267986875,0.539785875469458,"gauss_4x",FALSE
"states-kernel",NA,1004,12.0053119759978,14.5599301136465,0.812453307457799,NA,NA,NA,0.353314426483952,"gaussian",4,NA,NA,NA,NA,NA,NA,NA,NA,NA,NA,NA,NA,"08","CO","layernorm_full",64,-10.9591177473449,0.46701352268914,"gauss_4x",FALSE
"states-kernel",NA,1005,7.42527955951141,9.37666625469918,0.80497035924471,NA,NA,NA,0.731792135304141,"gaussian",4,NA,NA,NA,NA,NA,NA,NA,NA,NA,NA,NA,NA,"08","CO","layernorm_full",64,-4.25895567589091,0.265305968169499,"gauss_4x",FALSE
"states-kernel",NA,1001,5.18243853505101,6.41726069291874,0.831191399727336,NA,NA,NA,0.787344756155936,"gaussian",4,NA,NA,NA,NA,NA,NA,NA,NA,NA,NA,NA,NA,"12","FL","layernorm_full",67,-1.91217572634261,0.457678468739963,"gauss_4x",FALSE
"states-kernel",NA,1002,6.05617457090949,7.51515665292829,0.818734902759628,NA,NA,NA,0.708356160221856,"gaussian",4,NA,NA,NA,NA,NA,NA,NA,NA,NA,NA,NA,NA,"12","FL","layernorm_full",67,-3.45706053855611,0.4663065502979,"gauss_4x",FALSE
"states-kernel",NA,1003,5.12796929764962,6.30364056240316,0.80661412199065,NA,NA,NA,0.794808382639943,"gaussian",4,NA,NA,NA,NA,NA,NA,NA,NA,NA,NA,NA,NA,"12","FL","layernorm_full",67,-0.169946946342114,0.30345115574937,"gauss_4x",FALSE
"states-kernel",NA,1004,5.31463486691853,6.74688099004977,0.810998880993732,NA,NA,NA,0.76493778133128,"gaussian",4,NA,NA,NA,NA,NA,NA,NA,NA,NA,NA,NA,NA,"12","FL","layernorm_full",67,-0.302612308917681,0.466796372465906,"gauss_4x",FALSE
"states-kernel",NA,1005,5.37460190906852,6.56187090271202,0.850963108881489,NA,NA,NA,0.77765257944478,"gaussian",4,NA,NA,NA,NA,NA,NA,NA,NA,NA,NA,NA,NA,"12","FL","layernorm_full",67,-3.56656989394507,0.233738662386197,"gauss_4x",FALSE
"states-kernel",NA,1001,4.36106927971732,5.68076188826002,0.890378903785225,NA,NA,NA,0.872863086004312,"gaussian",4,NA,NA,NA,NA,NA,NA,NA,NA,NA,NA,NA,NA,"13","GA","layernorm_full",159,-0.225045109521772,0.295979966309255,"gauss_4x",FALSE
"states-kernel",NA,1002,4.79478102713512,6.16005249841064,0.882022205394089,NA,NA,NA,0.850504775273565,"gaussian",4,NA,NA,NA,NA,NA,NA,NA,NA,NA,NA,NA,NA,"13","GA","layernorm_full",159,-0.308243553949933,0.279472196937724,"gauss_4x",FALSE
"states-kernel",NA,1003,4.4400376107205,5.78289046302251,0.870593635052478,NA,NA,NA,0.868250666798187,"gaussian",4,NA,NA,NA,NA,NA,NA,NA,NA,NA,NA,NA,NA,"13","GA","layernorm_full",159,-0.326584686136797,0.289848693492086,"gauss_4x",FALSE
"states-kernel",NA,1004,4.28039814022298,5.618964957899,0.885570625230125,NA,NA,NA,0.875614103432024,"gaussian",4,NA,NA,NA,NA,NA,NA,NA,NA,NA,NA,NA,NA,"13","GA","layernorm_full",159,-0.942190235588094,0.230563920422939,"gauss_4x",FALSE
"states-kernel",NA,1005,4.59700445360227,6.01887540595827,0.865063052532016,NA,NA,NA,0.857278566176404,"gaussian",4,NA,NA,NA,NA,NA,NA,NA,NA,NA,NA,NA,NA,"13","GA","layernorm_full",159,-0.72829208427739,0.336823220688555,"gauss_4x",FALSE
"states-kernel",NA,1001,7.49164678772474,9.69822522019959,0.585991175447953,NA,NA,NA,0.32032579638272,"gaussian",4,NA,NA,NA,NA,NA,NA,NA,NA,NA,NA,NA,NA,"16","ID","layernorm_full",44,-6.06040292000826,0.134346048978658,"gauss_4x",FALSE
"states-kernel",NA,1002,6.24232687497105,8.23447526598109,0.580370157566515,NA,NA,NA,0.510008986707934,"gaussian",4,NA,NA,NA,NA,NA,NA,NA,NA,NA,NA,NA,NA,"16","ID","layernorm_full",44,-2.61075161916767,0.355780353620663,"gauss_4x",FALSE
"states-kernel",NA,1003,7.08239989867854,10.1007355787069,0.34128356429233,NA,NA,NA,0.262737303473638,"gaussian",4,NA,NA,NA,NA,NA,NA,NA,NA,NA,NA,NA,NA,"16","ID","layernorm_full",44,2.77496808081818,0.157501960029004,"gauss_4x",FALSE
"states-kernel",NA,1004,5.7337170891298,8.38469206026896,0.571757090955082,NA,NA,NA,0.49196867628671,"gaussian",4,NA,NA,NA,NA,NA,NA,NA,NA,NA,NA,NA,NA,"16","ID","layernorm_full",44,-2.69884534969161,0.168765890570628,"gauss_4x",FALSE
"states-kernel",NA,1005,6.08264474390369,8.21348504813065,0.610052843348479,NA,NA,NA,0.512503841374175,"gaussian",4,NA,NA,NA,NA,NA,NA,NA,NA,NA,NA,NA,NA,"16","ID","layernorm_full",44,-3.67265292046732,0.139758022491629,"gauss_4x",FALSE
"states-kernel",NA,1001,6.81812883020334,7.95567948878704,0.829506090131026,NA,NA,NA,0.575628259629802,"gaussian",4,NA,NA,NA,NA,NA,NA,NA,NA,NA,NA,NA,NA,"17","IL","layernorm_full",102,-6.10774721181248,0.527843069438636,"gauss_4x",FALSE
"states-kernel",NA,1002,5.79422603913167,6.87419548144411,0.790046941495338,NA,NA,NA,0.68316317316645,"gaussian",4,NA,NA,NA,NA,NA,NA,NA,NA,NA,NA,NA,NA,"17","IL","layernorm_full",102,-3.9839779013928,0.515017207140653,"gauss_4x",FALSE
"states-kernel",NA,1003,5.97867264943014,6.88018729166232,0.786971600680201,NA,NA,NA,0.682610598392613,"gaussian",4,NA,NA,NA,NA,NA,NA,NA,NA,NA,NA,NA,NA,"17","IL","layernorm_full",102,-3.8835401577062,0.583281068592898,"gauss_4x",FALSE
"states-kernel",NA,1004,5.92779068077584,7.02928898466693,0.792238473643445,NA,NA,NA,0.668705141855189,"gaussian",4,NA,NA,NA,NA,NA,NA,NA,NA,NA,NA,NA,NA,"17","IL","layernorm_full",102,-4.23308266995044,0.548359197405985,"gauss_4x",FALSE
"states-kernel",NA,1005,5.5581116600443,6.60035867229606,0.807904378584284,NA,NA,NA,0.70790308393286,"gaussian",4,NA,NA,NA,NA,NA,NA,NA,NA,NA,NA,NA,NA,"17","IL","layernorm_full",102,-3.85669338667907,0.488194990213327,"gauss_4x",FALSE
"states-kernel",NA,1001,3.85999646759501,5.53412527554528,0.782187092249249,NA,NA,NA,0.641999850009908,"gaussian",4,NA,NA,NA,NA,NA,NA,NA,NA,NA,NA,NA,NA,"18","IN","layernorm_full",92,2.90466987663335,0.243327542176083,"gauss_4x",FALSE
"states-kernel",NA,1002,3.57846937282992,5.03321977088773,0.74196711508337,NA,NA,NA,0.703873669965043,"gaussian",4,NA,NA,NA,NA,NA,NA,NA,NA,NA,NA,NA,NA,"18","IN","layernorm_full",92,1.36720496739041,0.331288374324736,"gauss_4x",FALSE
"states-kernel",NA,1003,3.94045193001816,5.37062526112023,0.728549194513681,NA,NA,NA,0.662840860239332,"gaussian",4,NA,NA,NA,NA,NA,NA,NA,NA,NA,NA,NA,NA,"18","IN","layernorm_full",92,2.28018588641978,0.330222430841627,"gauss_4x",FALSE
"states-kernel",NA,1004,4.60559871755698,6.4079707062204,0.681757981266037,NA,NA,NA,0.520016540025754,"gaussian",4,NA,NA,NA,NA,NA,NA,NA,NA,NA,NA,NA,NA,"18","IN","layernorm_full",92,3.55981108562478,0.339872230528022,"gauss_4x",FALSE
"states-kernel",NA,1005,4.15454552754338,5.86074682472413,0.688647373804163,NA,NA,NA,0.5984948146654,"gaussian",4,NA,NA,NA,NA,NA,NA,NA,NA,NA,NA,NA,NA,"18","IN","layernorm_full",92,2.66962394123556,0.351663197320302,"gauss_4x",FALSE
"states-kernel",NA,1001,4.37202521797066,5.28935882596838,0.710378443072162,NA,NA,NA,0.676350430807912,"gaussian",4,NA,NA,NA,NA,NA,NA,NA,NA,NA,NA,NA,NA,"19","IA","layernorm_full",99,1.50784937820177,0.384853539918853,"gauss_4x",FALSE
"states-kernel",NA,1002,4.55170015249891,5.51951548944927,0.697470436091301,NA,NA,NA,0.647571610146032,"gaussian",4,NA,NA,NA,NA,NA,NA,NA,NA,NA,NA,NA,NA,"19","IA","layernorm_full",99,1.901536218852,0.388550471821939,"gauss_4x",FALSE
"states-kernel",NA,1003,4.74749940970573,5.83292938048885,0.664558603959736,NA,NA,NA,0.60641149172312,"gaussian",4,NA,NA,NA,NA,NA,NA,NA,NA,NA,NA,NA,NA,"19","IA","layernorm_full",99,2.08674274946663,0.412258555179159,"gauss_4x",FALSE
"states-kernel",NA,1004,4.47760075650196,5.2802613631178,0.714990904897917,NA,NA,NA,0.677462799213614,"gaussian",4,NA,NA,NA,NA,NA,NA,NA,NA,NA,NA,NA,NA,"19","IA","layernorm_full",99,1.7565018537644,0.426488260231147,"gauss_4x",FALSE
"states-kernel",NA,1005,4.28550256541263,5.31387008504058,0.708841061299443,NA,NA,NA,0.673343851040963,"gaussian",4,NA,NA,NA,NA,NA,NA,NA,NA,NA,NA,NA,NA,"19","IA","layernorm_full",99,1.73394608433381,0.326719165554182,"gauss_4x",FALSE
"states-kernel",NA,1001,3.400176562898,4.34333866395099,0.862412171797426,NA,NA,NA,0.842020435887331,"gaussian",4,NA,NA,NA,NA,NA,NA,NA,NA,NA,NA,NA,NA,"20","KS","layernorm_full",105,-1.42716224839521,0.339244291943428,"gauss_4x",FALSE
"states-kernel",NA,1002,4.06075027423066,5.0377222026661,0.835079041075063,NA,NA,NA,0.787469162375865,"gaussian",4,NA,NA,NA,NA,NA,NA,NA,NA,NA,NA,NA,NA,"20","KS","layernorm_full",105,-2.3205510578041,0.388436724267091,"gauss_4x",FALSE
"states-kernel",NA,1003,4.25057141874664,5.40615349849277,0.803417029118962,NA,NA,NA,0.755245735014543,"gaussian",4,NA,NA,NA,NA,NA,NA,NA,NA,NA,NA,NA,NA,"20","KS","layernorm_full",105,-2.39810105714858,0.337981688937786,"gauss_4x",FALSE
"states-kernel",NA,1004,4.28662040237785,5.29608439846643,0.839720138057603,NA,NA,NA,0.765110654369125,"gaussian",4,NA,NA,NA,NA,NA,NA,NA,NA,NA,NA,NA,NA,"20","KS","layernorm_full",105,-2.98481613754963,0.267806720246484,"gauss_4x",FALSE
"states-kernel",NA,1005,3.25981035351016,4.17485794004223,0.863411927550497,NA,NA,NA,0.854038967292641,"gaussian",4,NA,NA,NA,NA,NA,NA,NA,NA,NA,NA,NA,NA,"20","KS","layernorm_full",105,-1.05587647639423,0.225295263048966,"gauss_4x",FALSE
"states-kernel",NA,1001,3.95157074124843,5.05319131143566,0.651642939425609,NA,NA,NA,0.639525246643992,"gaussian",4,NA,NA,NA,NA,NA,NA,NA,NA,NA,NA,NA,NA,"21","KY","layernorm_full",120,0.612069870466144,0.399632924238407,"gauss_4x",FALSE
"states-kernel",NA,1002,3.95554910808273,4.91507119644565,0.665151932206335,NA,NA,NA,0.658961823030158,"gaussian",4,NA,NA,NA,NA,NA,NA,NA,NA,NA,NA,NA,NA,"21","KY","layernorm_full",120,-0.277815061993274,0.380050093184816,"gauss_4x",FALSE
"states-kernel",NA,1003,4.09584144123477,5.13066894808941,0.633039469972822,NA,NA,NA,0.628386606639273,"gaussian",4,NA,NA,NA,NA,NA,NA,NA,NA,NA,NA,NA,NA,"21","KY","layernorm_full",120,-0.569593465558415,0.404811860618104,"gauss_4x",FALSE
"states-kernel",NA,1004,4.06020344008337,4.97170045636634,0.655743815625656,NA,NA,NA,0.651057971720811,"gaussian",4,NA,NA,NA,NA,NA,NA,NA,NA,NA,NA,NA,NA,"21","KY","layernorm_full",120,-0.428440474160106,0.371997790241687,"gauss_4x",FALSE
"states-kernel",NA,1005,4.08828233117911,4.91538510329352,0.668220747105505,NA,NA,NA,0.658918260024281,"gaussian",4,NA,NA,NA,NA,NA,NA,NA,NA,NA,NA,NA,NA,"21","KY","layernorm_full",120,-0.538821955653869,0.361565381944451,"gauss_4x",FALSE
"states-kernel",NA,1001,7.01615045664659,8.51002910989635,0.820831537242027,NA,NA,NA,0.65145544523723,"gaussian",4,NA,NA,NA,NA,NA,NA,NA,NA,NA,NA,NA,NA,"22","LA","layernorm_full",64,-5.92545004007926,0.233803300571468,"gauss_4x",FALSE
"states-kernel",NA,1002,4.86018663853561,6.51144060050566,0.824031660332179,NA,NA,NA,0.795943526370746,"gaussian",4,NA,NA,NA,NA,NA,NA,NA,NA,NA,NA,NA,NA,"22","LA","layernorm_full",64,-2.40765746855773,0.266907925943005,"gauss_4x",FALSE
"states-kernel",NA,1003,7.17568116341009,8.51088487322256,0.85559863896166,NA,NA,NA,0.651385342857868,"gaussian",4,NA,NA,NA,NA,NA,NA,NA,NA,NA,NA,NA,NA,"22","LA","layernorm_full",64,-6.51337087157937,0.0955711786398857,"gauss_4x",FALSE
"states-kernel",NA,1004,5.29548465962103,6.66114618260007,0.845587394112278,NA,NA,NA,0.786452672785446,"gaussian",4,NA,NA,NA,NA,NA,NA,NA,NA,NA,NA,NA,NA,"22","LA","layernorm_full",64,-3.43719288195916,0.145843911899595,"gauss_4x",FALSE
"states-kernel",NA,1005,5.63278728851361,6.92161342676766,0.845836801751994,NA,NA,NA,0.769425703974499,"gaussian",4,NA,NA,NA,NA,NA,NA,NA,NA,NA,NA,NA,NA,"22","LA","layernorm_full",64,-3.81105538671588,0.0994062580337137,"gauss_4x",FALSE
"states-kernel",NA,1001,7.29445429571472,8.75138926478527,0.840485865743963,NA,NA,NA,0.782161163779315,"gaussian",4,NA,NA,NA,NA,NA,NA,NA,NA,NA,NA,NA,NA,"24","MD","layernorm_full",24,-2.38744402815541,0.483449732203221,"gauss_4x",FALSE
"states-kernel",NA,1002,7.87972590443337,9.55032530697819,0.821790399665699,NA,NA,NA,0.740571529992811,"gaussian",4,NA,NA,NA,NA,NA,NA,NA,NA,NA,NA,NA,NA,"24","MD","layernorm_full",24,-4.2432664216443,0.41422773942746,"gauss_4x",FALSE
"states-kernel",NA,1003,7.49116135354848,8.91985657250022,0.870076757212807,NA,NA,NA,0.773693490188376,"gaussian",4,NA,NA,NA,NA,NA,NA,NA,NA,NA,NA,NA,NA,"24","MD","layernorm_full",24,-4.0989970798439,0.24880294552151,"gauss_4x",FALSE
"states-kernel",NA,1004,7.97148891646789,9.31993089316832,0.839624550242287,NA,NA,NA,0.752937581354091,"gaussian",4,NA,NA,NA,NA,NA,NA,NA,NA,NA,NA,NA,NA,"24","MD","layernorm_full",24,-2.08056441158071,0.436294427846998,"gauss_4x",FALSE
"states-kernel",NA,1005,8.80372744327178,9.99977825256314,0.861406757489285,NA,NA,NA,0.71557874818291,"gaussian",4,NA,NA,NA,NA,NA,NA,NA,NA,NA,NA,NA,NA,"24","MD","layernorm_full",24,-5.48065131817591,0.509100533566529,"gauss_4x",FALSE
"states-kernel",NA,1001,4.78568488067,6.05830615151843,0.694036218855747,NA,NA,NA,0.571059763378599,"gaussian",4,NA,NA,NA,NA,NA,NA,NA,NA,NA,NA,NA,NA,"26","MI","layernorm_full",83,0.470795211563847,0.435755908867053,"gauss_4x",FALSE
"states-kernel",NA,1002,4.44114129788577,5.49344974096399,0.708798862384631,NA,NA,NA,0.647316886912537,"gaussian",4,NA,NA,NA,NA,NA,NA,NA,NA,NA,NA,NA,NA,"26","MI","layernorm_full",83,-0.0266909710366227,0.42351552794921,"gauss_4x",FALSE
"states-kernel",NA,1003,4.83338817584913,6.39989179152479,0.646605757677019,NA,NA,NA,0.521326244760371,"gaussian",4,NA,NA,NA,NA,NA,NA,NA,NA,NA,NA,NA,NA,"26","MI","layernorm_full",83,0.456195268682517,0.536832495090256,"gauss_4x",FALSE
"states-kernel",NA,1004,4.10546691285792,5.28698501285127,0.733565073665305,NA,NA,NA,0.673329051816572,"gaussian",4,NA,NA,NA,NA,NA,NA,NA,NA,NA,NA,NA,NA,"26","MI","layernorm_full",83,-0.4922740111568,0.397033008612548,"gauss_4x",FALSE
"states-kernel",NA,1005,4.17539110713882,5.3882596245795,0.720609377722405,NA,NA,NA,0.660694123638002,"gaussian",4,NA,NA,NA,NA,NA,NA,NA,NA,NA,NA,NA,NA,"26","MI","layernorm_full",83,-0.32181911034291,0.505266123614026,"gauss_4x",FALSE
"states-kernel",NA,1001,5.30700524669369,6.4209570473416,0.607421894568455,NA,NA,NA,0.545706878232959,"gaussian",4,NA,NA,NA,NA,NA,NA,NA,NA,NA,NA,NA,NA,"27","MN","layernorm_full",87,-2.27122247540402,0.501674738841382,"gauss_4x",FALSE
"states-kernel",NA,1002,6.15544826149538,7.50489412837659,0.501428678444406,NA,NA,NA,0.379379992822068,"gaussian",4,NA,NA,NA,NA,NA,NA,NA,NA,NA,NA,NA,NA,"27","MN","layernorm_full",87,-2.86906762387247,0.574782843621633,"gauss_4x",FALSE
"states-kernel",NA,1003,6.45017912599317,7.83931969031391,0.528747746710612,NA,NA,NA,0.322836746491625,"gaussian",4,NA,NA,NA,NA,NA,NA,NA,NA,NA,NA,NA,NA,"27","MN","layernorm_full",87,-4.09957829100975,0.543312547692106,"gauss_4x",FALSE
"states-kernel",NA,1004,6.59766140206263,7.9436763472722,0.527298147084312,NA,NA,NA,0.30468801657933,"gaussian",4,NA,NA,NA,NA,NA,NA,NA,NA,NA,NA,NA,NA,"27","MN","layernorm_full",87,-4.20004256399836,0.583630412761917,"gauss_4x",FALSE
"states-kernel",NA,1005,6.33757845680871,7.63342260722605,0.531274351966384,NA,NA,NA,0.357940545423352,"gaussian",4,NA,NA,NA,NA,NA,NA,NA,NA,NA,NA,NA,NA,"27","MN","layernorm_full",87,-3.90597368304662,0.561524839518242,"gauss_4x",FALSE
"states-kernel",NA,1001,4.31817709997114,5.64825606282226,0.965290028695822,NA,NA,NA,0.913198212311641,"gaussian",4,NA,NA,NA,NA,NA,NA,NA,NA,NA,NA,NA,NA,"28","MS","layernorm_full",82,3.48438130487622,0.160017629157243,"gauss_4x",FALSE
"states-kernel",NA,1002,3.08174449179886,4.07357199818081,0.956377892047767,NA,NA,NA,0.954850732520476,"gaussian",4,NA,NA,NA,NA,NA,NA,NA,NA,NA,NA,NA,NA,"28","MS","layernorm_full",82,-0.125825950275047,0.112301549651265,"gauss_4x",FALSE
"states-kernel",NA,1003,3.69846827171114,4.83805294301354,0.94799887117579,NA,NA,NA,0.936314414136812,"gaussian",4,NA,NA,NA,NA,NA,NA,NA,NA,NA,NA,NA,NA,"28","MS","layernorm_full",82,1.17375964663343,0.16064408373807,"gauss_4x",FALSE
"states-kernel",NA,1004,3.7239231042122,4.98322077727927,0.946179455770443,NA,NA,NA,0.932435250250129,"gaussian",4,NA,NA,NA,NA,NA,NA,NA,NA,NA,NA,NA,NA,"28","MS","layernorm_full",82,1.46731321773576,0.0762244889128844,"gauss_4x",FALSE
"states-kernel",NA,1005,3.78506979325458,5.21690312175074,0.949933368880653,NA,NA,NA,0.925949932437787,"gaussian",4,NA,NA,NA,NA,NA,NA,NA,NA,NA,NA,NA,NA,"28","MS","layernorm_full",82,2.6430361970161,0.0911501790649319,"gauss_4x",FALSE
"states-kernel",NA,1001,3.70811112300101,4.65178222949071,0.845760020954041,NA,NA,NA,0.758703621716135,"gaussian",4,NA,NA,NA,NA,NA,NA,NA,NA,NA,NA,NA,NA,"29","MO","layernorm_full",115,2.64710125440837,0.32209145289033,"gauss_4x",FALSE
"states-kernel",NA,1002,2.96458703401171,3.80754069611948,0.844076171924839,NA,NA,NA,0.838340526258541,"gaussian",4,NA,NA,NA,NA,NA,NA,NA,NA,NA,NA,NA,NA,"29","MO","layernorm_full",115,0.70309902510053,0.317972107180272,"gauss_4x",FALSE
"states-kernel",NA,1003,3.64056570346126,4.66529451412966,0.851479056574691,NA,NA,NA,0.757299772348271,"gaussian",4,NA,NA,NA,NA,NA,NA,NA,NA,NA,NA,NA,NA,"29","MO","layernorm_full",115,2.88561406550828,0.399593467572309,"gauss_4x",FALSE
"states-kernel",NA,1004,3.28719320663528,4.3081533943296,0.823133755658791,NA,NA,NA,0.793036209734769,"gaussian",4,NA,NA,NA,NA,NA,NA,NA,NA,NA,NA,NA,NA,"29","MO","layernorm_full",115,1.27515040825676,0.259815495044738,"gauss_4x",FALSE
"states-kernel",NA,1005,3.86427652071968,4.75344050509809,0.841408904092308,NA,NA,NA,0.748041985093669,"gaussian",4,NA,NA,NA,NA,NA,NA,NA,NA,NA,NA,NA,NA,"29","MO","layernorm_full",115,2.676920637563,0.274830489371856,"gauss_4x",FALSE
"states-kernel",NA,1001,5.77536579259739,8.06123134353059,0.677884104672521,NA,NA,NA,0.663165882377346,"gaussian",4,NA,NA,NA,NA,NA,NA,NA,NA,NA,NA,NA,NA,"30","MT","layernorm_full",56,1.48879427979632,-0.0793223429213725,"gauss_4x",FALSE
"states-kernel",NA,1002,5.36455774149374,7.66930133827455,0.722625434016482,NA,NA,NA,0.695122826799194,"gaussian",4,NA,NA,NA,NA,NA,NA,NA,NA,NA,NA,NA,NA,"30","MT","layernorm_full",56,0.724768926598752,0.0027601780902958,"gauss_4x",FALSE
"states-kernel",NA,1003,5.89045242430032,8.57594286704262,0.650799598834378,NA,NA,NA,0.618778783530307,"gaussian",4,NA,NA,NA,NA,NA,NA,NA,NA,NA,NA,NA,NA,"30","MT","layernorm_full",56,2.2014410745117,-0.0788706777878904,"gauss_4x",FALSE
"states-kernel",NA,1004,4.54139323294371,6.52403797334828,0.782510730091515,NA,NA,NA,0.779379296516959,"gaussian",4,NA,NA,NA,NA,NA,NA,NA,NA,NA,NA,NA,NA,"30","MT","layernorm_full",56,0.44219580912213,-0.159965338532779,"gauss_4x",FALSE
"states-kernel",NA,1005,6.69610487479522,9.96110160562725,0.564209883082068,NA,NA,NA,0.485686357126353,"gaussian",4,NA,NA,NA,NA,NA,NA,NA,NA,NA,NA,NA,NA,"30","MT","layernorm_full",56,3.65284925061674,-0.0612918211216732,"gauss_4x",FALSE
"states-kernel",NA,1001,4.8535557470707,5.78493968456284,0.818276516161167,NA,NA,NA,0.618017501237096,"gaussian",4,NA,NA,NA,NA,NA,NA,NA,NA,NA,NA,NA,NA,"31","NE","layernorm_full",93,-4.08790098694308,0.240089421605004,"gauss_4x",FALSE
"states-kernel",NA,1002,4.26914861994491,5.19384723812471,0.813620736347423,NA,NA,NA,0.692089755313355,"gaussian",4,NA,NA,NA,NA,NA,NA,NA,NA,NA,NA,NA,NA,"31","NE","layernorm_full",93,-3.00838772152741,0.316253419977752,"gauss_4x",FALSE
"states-kernel",NA,1003,4.28400122509196,5.2952591485892,0.779653323941951,NA,NA,NA,0.679948230003272,"gaussian",4,NA,NA,NA,NA,NA,NA,NA,NA,NA,NA,NA,NA,"31","NE","layernorm_full",93,-2.81991240311606,0.332886723620658,"gauss_4x",FALSE
"states-kernel",NA,1004,4.35396998700866,5.24664735288839,0.848858174906582,NA,NA,NA,0.685797566676308,"gaussian",4,NA,NA,NA,NA,NA,NA,NA,NA,NA,NA,NA,NA,"31","NE","layernorm_full",93,-3.62993764672435,0.28402448119373,"gauss_4x",FALSE
"states-kernel",NA,1005,4.54837981112387,5.39807608912866,0.79437571452796,NA,NA,NA,0.667398810019265,"gaussian",4,NA,NA,NA,NA,NA,NA,NA,NA,NA,NA,NA,NA,"31","NE","layernorm_full",93,-3.3188330216285,0.282187456469365,"gauss_4x",FALSE
"states-kernel",NA,1001,6.38461371614174,7.3980892934157,0.768746171076895,NA,NA,NA,0.686456699651161,"gaussian",4,NA,NA,NA,NA,NA,NA,NA,NA,NA,NA,NA,NA,"34","NJ","layernorm_full",21,-1.11941540700566,0.497904250508318,"gauss_4x",FALSE
"states-kernel",NA,1002,5.03841511166705,6.67257690426351,0.810734619872832,NA,NA,NA,0.744938115842744,"gaussian",4,NA,NA,NA,NA,NA,NA,NA,NA,NA,NA,NA,NA,"34","NJ","layernorm_full",21,1.72411347438482,0.405130830393768,"gauss_4x",FALSE
"states-kernel",NA,1003,7.29444540561276,8.30859769872061,0.73010662388259,NA,NA,NA,0.604529721552982,"gaussian",4,NA,NA,NA,NA,NA,NA,NA,NA,NA,NA,NA,NA,"34","NJ","layernorm_full",21,-1.53463369147957,0.604158727106054,"gauss_4x",FALSE
"states-kernel",NA,1004,5.54852294189379,7.05401151438015,0.807169640152881,NA,NA,NA,0.714943652463936,"gaussian",4,NA,NA,NA,NA,NA,NA,NA,NA,NA,NA,NA,NA,"34","NJ","layernorm_full",21,0.385384572955806,0.580639279075414,"gauss_4x",FALSE
"states-kernel",NA,1005,6.56111213536691,7.85358203004115,0.770886513631142,NA,NA,NA,0.646659063123578,"gaussian",4,NA,NA,NA,NA,NA,NA,NA,NA,NA,NA,NA,NA,"34","NJ","layernorm_full",21,-0.0957075251244571,0.605516020004417,"gauss_4x",FALSE
"states-kernel",NA,1001,10.6522029823678,12.7066797835036,0.681453787113196,NA,NA,NA,0.519435608489763,"gaussian",4,NA,NA,NA,NA,NA,NA,NA,NA,NA,NA,NA,NA,"35","NM","layernorm_full",33,0.0342451468952167,0.389672723857009,"gauss_4x",FALSE
"states-kernel",NA,1002,14.4131984692216,16.5512011638062,0.474243526636675,NA,NA,NA,0.184645540641004,"gaussian",4,NA,NA,NA,NA,NA,NA,NA,NA,NA,NA,NA,NA,"35","NM","layernorm_full",33,-8.67285309325538,0.387014175470379,"gauss_4x",FALSE
"states-kernel",NA,1003,11.9249922198216,14.1088933308728,0.543887749172304,NA,NA,NA,0.407520515847034,"gaussian",4,NA,NA,NA,NA,NA,NA,NA,NA,NA,NA,NA,NA,"35","NM","layernorm_full",33,-3.39901347996375,0.427133529581123,"gauss_4x",FALSE
"states-kernel",NA,1004,11.6605246979157,13.9333094209363,0.501190989804561,NA,NA,NA,0.42217546302145,"gaussian",4,NA,NA,NA,NA,NA,NA,NA,NA,NA,NA,NA,NA,"35","NM","layernorm_full",33,-4.56452140435408,0.519418755740892,"gauss_4x",FALSE
"states-kernel",NA,1005,13.0188961257989,16.1347371399793,0.423275459307093,NA,NA,NA,0.225161475485393,"gaussian",4,NA,NA,NA,NA,NA,NA,NA,NA,NA,NA,NA,NA,"35","NM","layernorm_full",33,-7.78622635653419,0.411419178118057,"gauss_4x",FALSE
"states-kernel",NA,1001,5.33540270597585,6.60031145672569,0.785821531557366,NA,NA,NA,0.779568244114996,"gaussian",4,NA,NA,NA,NA,NA,NA,NA,NA,NA,NA,NA,NA,"36","NY","layernorm_full",62,1.00554397675979,0.526806568118051,"gauss_4x",FALSE
"states-kernel",NA,1002,5.56324549724629,7.14890582416023,0.747908093581109,NA,NA,NA,0.741402422119057,"gaussian",4,NA,NA,NA,NA,NA,NA,NA,NA,NA,NA,NA,NA,"36","NY","layernorm_full",62,-0.118350684794761,0.55224112780979,"gauss_4x",FALSE
"states-kernel",NA,1003,5.45099417752836,6.73387560634082,0.779152741239054,NA,NA,NA,0.770556647405038,"gaussian",4,NA,NA,NA,NA,NA,NA,NA,NA,NA,NA,NA,NA,"36","NY","layernorm_full",62,-0.791276729472134,0.492095816002686,"gauss_4x",FALSE
"states-kernel",NA,1004,4.76727421333982,6.0433633472383,0.83671440041825,NA,NA,NA,0.815199682317216,"gaussian",4,NA,NA,NA,NA,NA,NA,NA,NA,NA,NA,NA,NA,"36","NY","layernorm_full",62,-1.00194603557453,0.497542475686562,"gauss_4x",FALSE
"states-kernel",NA,1005,6.0994730151998,7.4964981641952,0.773389618591769,NA,NA,NA,0.71564414245051,"gaussian",4,NA,NA,NA,NA,NA,NA,NA,NA,NA,NA,NA,NA,"36","NY","layernorm_full",62,-2.99234228480483,0.523892190723761,"gauss_4x",FALSE
"states-kernel",NA,1001,4.61042219490131,6.04946019022437,0.887116930205034,NA,NA,NA,0.814014784167518,"gaussian",4,NA,NA,NA,NA,NA,NA,NA,NA,NA,NA,NA,NA,"37","NC","layernorm_full",100,3.72906094835085,0.346885901644646,"gauss_4x",FALSE
"states-kernel",NA,1002,4.45047172397216,5.73025597504905,0.907362119245578,NA,NA,NA,0.833124253225829,"gaussian",4,NA,NA,NA,NA,NA,NA,NA,NA,NA,NA,NA,NA,"37","NC","layernorm_full",100,3.73595560500291,0.175838618150387,"gauss_4x",FALSE
"states-kernel",NA,1003,5.28895857719651,6.87925811766213,0.872439267056238,NA,NA,NA,0.759492631347827,"gaussian",4,NA,NA,NA,NA,NA,NA,NA,NA,NA,NA,NA,NA,"37","NC","layernorm_full",100,4.15419914674548,0.406607695411524,"gauss_4x",FALSE
"states-kernel",NA,1004,4.34641396929683,5.66980304526448,0.898828222153737,NA,NA,NA,0.836626684562441,"gaussian",4,NA,NA,NA,NA,NA,NA,NA,NA,NA,NA,NA,NA,"37","NC","layernorm_full",100,3.47338816241358,0.157850815540722,"gauss_4x",FALSE
"states-kernel",NA,1005,4.30925023229487,5.65790286540539,0.889694526408042,NA,NA,NA,0.837311763582064,"gaussian",4,NA,NA,NA,NA,NA,NA,NA,NA,NA,NA,NA,NA,"37","NC","layernorm_full",100,2.44419023655288,0.215735436440895,"gauss_4x",FALSE
"states-kernel",NA,1001,7.97772896875098,9.81880651231586,0.567971767328858,NA,NA,NA,0.422532119498182,"gaussian",4,NA,NA,NA,NA,NA,NA,NA,NA,NA,NA,NA,NA,"38","ND","layernorm_full",53,-4.92730086197954,0.131275105531842,"gauss_4x",FALSE
"states-kernel",NA,1002,6.8487237832859,8.31875117492771,0.708000400713893,NA,NA,NA,0.585497935875073,"gaussian",4,NA,NA,NA,NA,NA,NA,NA,NA,NA,NA,NA,NA,"38","ND","layernorm_full",53,-4.51071859848022,0.0899611757607524,"gauss_4x",FALSE
"states-kernel",NA,1003,7.93938229536044,9.53391999304618,0.634018225753701,NA,NA,NA,0.455555724992866,"gaussian",4,NA,NA,NA,NA,NA,NA,NA,NA,NA,NA,NA,NA,"38","ND","layernorm_full",53,-5.45426338457034,0.150662108321408,"gauss_4x",FALSE
"states-kernel",NA,1004,6.80358015229861,8.46136853378,0.644913675130496,NA,NA,NA,0.571163590196709,"gaussian",4,NA,NA,NA,NA,NA,NA,NA,NA,NA,NA,NA,NA,"38","ND","layernorm_full",53,-3.43503512362367,0.05505085383155,"gauss_4x",FALSE
"states-kernel",NA,1005,7.51191926191076,9.79271152005812,0.496231363701555,NA,NA,NA,0.425597460633079,"gaussian",4,NA,NA,NA,NA,NA,NA,NA,NA,NA,NA,NA,NA,"38","ND","layernorm_full",53,-3.39137578991278,0.0786968988384709,"gauss_4x",FALSE
"states-kernel",NA,1001,5.02592028247632,6.15024232793576,0.683855395278428,NA,NA,NA,0.681997237542305,"gaussian",4,NA,NA,NA,NA,NA,NA,NA,NA,NA,NA,NA,NA,"39","OH","layernorm_full",88,-0.463934272175904,0.620675969948379,"gauss_4x",FALSE
"states-kernel",NA,1002,4.34873569924122,5.52349750840793,0.755581185957671,NA,NA,NA,0.743507446171588,"gaussian",4,NA,NA,NA,NA,NA,NA,NA,NA,NA,NA,NA,NA,"39","OH","layernorm_full",88,0.974535048586915,0.530602676196068,"gauss_4x",FALSE
"states-kernel",NA,1003,5.31268410122989,6.69793066122896,0.629561812817511,NA,NA,NA,0.622838172460141,"gaussian",4,NA,NA,NA,NA,NA,NA,NA,NA,NA,NA,NA,NA,"39","OH","layernorm_full",88,-0.80709528339368,0.692477164315209,"gauss_4x",FALSE
"states-kernel",NA,1004,4.87638175544151,5.89572593373048,0.712347306508107,NA,NA,NA,0.707772548493686,"gaussian",4,NA,NA,NA,NA,NA,NA,NA,NA,NA,NA,NA,NA,"39","OH","layernorm_full",88,0.718169704824293,0.642734944633166,"gauss_4x",FALSE
"states-kernel",NA,1005,4.65800371887908,5.66028046987914,0.737300964413147,NA,NA,NA,0.73064667603569,"gaussian",4,NA,NA,NA,NA,NA,NA,NA,NA,NA,NA,NA,NA,"39","OH","layernorm_full",88,-0.730582296233542,0.613810213058034,"gauss_4x",FALSE
"states-kernel",NA,1001,2.96912583255887,3.80741457273926,0.745137103487285,NA,NA,NA,0.734452085683545,"gaussian",4,NA,NA,NA,NA,NA,NA,NA,NA,NA,NA,NA,NA,"40","OK","layernorm_full",77,0.44844573315688,0.448870525282308,"gauss_4x",FALSE
"states-kernel",NA,1002,3.44934407360336,4.41864501417745,0.658600627857648,NA,NA,NA,0.642347896087049,"gaussian",4,NA,NA,NA,NA,NA,NA,NA,NA,NA,NA,NA,NA,"40","OK","layernorm_full",77,0.639033200013298,0.430434380042684,"gauss_4x",FALSE
"states-kernel",NA,1003,3.18993070735685,4.23257644565725,0.710546582710249,NA,NA,NA,0.671835060077135,"gaussian",4,NA,NA,NA,NA,NA,NA,NA,NA,NA,NA,NA,NA,"40","OK","layernorm_full",77,-1.20388518174939,0.350121171496374,"gauss_4x",FALSE
"states-kernel",NA,1004,3.1459238996287,4.27608655587753,0.711094027775576,NA,NA,NA,0.665053430478733,"gaussian",4,NA,NA,NA,NA,NA,NA,NA,NA,NA,NA,NA,NA,"40","OK","layernorm_full",77,0.661169954287506,0.37969339973917,"gauss_4x",FALSE
"states-kernel",NA,1005,3.12331696994555,4.24399370409112,0.698108285595238,NA,NA,NA,0.670062240450366,"gaussian",4,NA,NA,NA,NA,NA,NA,NA,NA,NA,NA,NA,NA,"40","OK","layernorm_full",77,-0.590894597635771,0.412598285657623,"gauss_4x",FALSE
"states-kernel",NA,1001,4.00775755764999,5.37421560738544,0.891840829348646,NA,NA,NA,0.887286857053916,"gaussian",4,NA,NA,NA,NA,NA,NA,NA,NA,NA,NA,NA,NA,"41","OR","layernorm_full",36,-0.0614409445160235,0.208419893734758,"gauss_4x",FALSE
"states-kernel",NA,1002,4.71964683510671,6.01994274977657,0.891847115054614,NA,NA,NA,0.858574048105305,"gaussian",4,NA,NA,NA,NA,NA,NA,NA,NA,NA,NA,NA,NA,"41","OR","layernorm_full",36,-2.77820138405783,0.222051622893668,"gauss_4x",FALSE
"states-kernel",NA,1003,5.77603690276404,7.36877179176738,0.845343398911029,NA,NA,NA,0.788098221437395,"gaussian",4,NA,NA,NA,NA,NA,NA,NA,NA,NA,NA,NA,NA,"41","OR","layernorm_full",36,-3.59093828274305,0.367307830984193,"gauss_4x",FALSE
"states-kernel",NA,1004,4.46854724446788,5.61250486549775,0.880455005975616,NA,NA,NA,0.877070009137847,"gaussian",4,NA,NA,NA,NA,NA,NA,NA,NA,NA,NA,NA,NA,"41","OR","layernorm_full",36,-0.639782210968879,0.369750740902723,"gauss_4x",FALSE
"states-kernel",NA,1005,4.96094077537911,6.40334274375585,0.854482128769362,NA,NA,NA,0.839986035611966,"gaussian",4,NA,NA,NA,NA,NA,NA,NA,NA,NA,NA,NA,NA,"41","OR","layernorm_full",36,-0.486610636561393,0.469803924315129,"gauss_4x",FALSE
"states-kernel",NA,1001,7.26817651530621,8.7538822764339,0.731235835661816,NA,NA,NA,0.531608401920005,"gaussian",4,NA,NA,NA,NA,NA,NA,NA,NA,NA,NA,NA,NA,"42","PA","layernorm_full",67,5.49889344306865,0.587063198517285,"gauss_4x",FALSE
"states-kernel",NA,1002,6.83066042506963,8.05047601243089,0.801694307272421,NA,NA,NA,0.603858070057258,"gaussian",4,NA,NA,NA,NA,NA,NA,NA,NA,NA,NA,NA,NA,"42","PA","layernorm_full",67,5.48556627348689,0.482936622104903,"gauss_4x",FALSE
"states-kernel",NA,1003,6.68424021962421,8.1550298139312,0.754432740070547,NA,NA,NA,0.59350163915662,"gaussian",4,NA,NA,NA,NA,NA,NA,NA,NA,NA,NA,NA,NA,"42","PA","layernorm_full",67,4.9917871929315,0.544399586132784,"gauss_4x",FALSE
"states-kernel",NA,1004,8.12278659760201,9.53836875978398,0.723449862596044,NA,NA,NA,0.443896140057371,"gaussian",4,NA,NA,NA,NA,NA,NA,NA,NA,NA,NA,NA,NA,"42","PA","layernorm_full",67,6.76168050324483,0.512736595673963,"gauss_4x",FALSE
"states-kernel",NA,1005,6.72981590304852,8.13782247517818,0.76218413330949,NA,NA,NA,0.595215274935674,"gaussian",4,NA,NA,NA,NA,NA,NA,NA,NA,NA,NA,NA,NA,"42","PA","layernorm_full",67,4.88284773931741,0.549065793728521,"gauss_4x",FALSE
"states-kernel",NA,1001,6.55034783001402,8.61215584763263,0.759105486374805,NA,NA,NA,0.551874995782196,"gaussian",4,NA,NA,NA,NA,NA,NA,NA,NA,NA,NA,NA,NA,"45","SC","layernorm_full",46,-5.53339512787957,0.354685799395395,"gauss_4x",FALSE
"states-kernel",NA,1002,4.3221902095631,5.41779714493673,0.879319378883405,NA,NA,NA,0.82265420460625,"gaussian",4,NA,NA,NA,NA,NA,NA,NA,NA,NA,NA,NA,NA,"45","SC","layernorm_full",46,-3.0031304079049,0.394493985702235,"gauss_4x",FALSE
"states-kernel",NA,1003,4.77460163571143,6.02995003714749,0.858585330582717,NA,NA,NA,0.780313766070064,"gaussian",4,NA,NA,NA,NA,NA,NA,NA,NA,NA,NA,NA,NA,"45","SC","layernorm_full",46,-3.4051017456651,0.448625391467029,"gauss_4x",FALSE
"states-kernel",NA,1004,6.01885778988232,7.6224551781403,0.853537611972156,NA,NA,NA,0.648953073496249,"gaussian",4,NA,NA,NA,NA,NA,NA,NA,NA,NA,NA,NA,NA,"45","SC","layernorm_full",46,-5.63573615891086,0.44482645257598,"gauss_4x",FALSE
"states-kernel",NA,1005,5.69113198448693,6.89902005990757,0.891004473216194,NA,NA,NA,0.712425593668649,"gaussian",4,NA,NA,NA,NA,NA,NA,NA,NA,NA,NA,NA,NA,"45","SC","layernorm_full",46,-5.12719503620319,0.20632182523429,"gauss_4x",FALSE
"states-kernel",NA,1001,8.02666075349221,11.6796287752206,0.549953896021224,NA,NA,NA,0.364014913643656,"gaussian",4,NA,NA,NA,NA,NA,NA,NA,NA,NA,NA,NA,NA,"46","SD","layernorm_full",66,6.18819703593153,0.0754344990327606,"gauss_4x",FALSE
"states-kernel",NA,1002,8.38114821270108,12.1325133305569,0.502899734066439,NA,NA,NA,0.313737280031239,"gaussian",4,NA,NA,NA,NA,NA,NA,NA,NA,NA,NA,NA,NA,"46","SD","layernorm_full",66,6.35003106176728,0.134469325574158,"gauss_4x",FALSE
"states-kernel",NA,1003,7.75022285094316,11.0120404104623,0.640296126349647,NA,NA,NA,0.434640823417005,"gaussian",4,NA,NA,NA,NA,NA,NA,NA,NA,NA,NA,NA,NA,"46","SD","layernorm_full",66,6.22986731452932,0.159569235608533,"gauss_4x",FALSE
"states-kernel",NA,1004,10.5118374501019,14.3915765243284,0.478594746839808,NA,NA,NA,0.0343814603745235,"gaussian",4,NA,NA,NA,NA,NA,NA,NA,NA,NA,NA,NA,NA,"46","SD","layernorm_full",66,9.6880178139891,0.111098519634034,"gauss_4x",FALSE
"states-kernel",NA,1005,7.98495607792104,11.8056646627991,0.521249723011733,NA,NA,NA,0.35021491423098,"gaussian",4,NA,NA,NA,NA,NA,NA,NA,NA,NA,NA,NA,NA,"46","SD","layernorm_full",66,5.85326111363263,0.155059016604792,"gauss_4x",FALSE
"states-kernel",NA,1001,3.88040773834202,4.54297255843931,0.759028042499616,NA,NA,NA,0.758061686203341,"gaussian",4,NA,NA,NA,NA,NA,NA,NA,NA,NA,NA,NA,NA,"47","TN","layernorm_full",95,0.262474118669139,0.525504735673094,"gauss_4x",FALSE
"states-kernel",NA,1002,3.45844991812427,4.10381212419122,0.803365608901323,NA,NA,NA,0.802576265463506,"gaussian",4,NA,NA,NA,NA,NA,NA,NA,NA,NA,NA,NA,NA,"47","TN","layernorm_full",95,0.0654285532262065,0.441999109839726,"gauss_4x",FALSE
"states-kernel",NA,1003,3.56260457553268,4.39316023412559,0.808758608002498,NA,NA,NA,0.773755250044077,"gaussian",4,NA,NA,NA,NA,NA,NA,NA,NA,NA,NA,NA,NA,"47","TN","layernorm_full",95,1.58529411869338,0.453496426839678,"gauss_4x",FALSE
"states-kernel",NA,1004,3.49859267097924,4.37747476160979,0.81638772980448,NA,NA,NA,0.77536794811372,"gaussian",4,NA,NA,NA,NA,NA,NA,NA,NA,NA,NA,NA,NA,"47","TN","layernorm_full",95,1.87047160941892,0.407816115762307,"gauss_4x",FALSE
"states-kernel",NA,1005,3.42561314608683,4.08110102745391,0.811408127234955,NA,NA,NA,0.804755362676387,"gaussian",4,NA,NA,NA,NA,NA,NA,NA,NA,NA,NA,NA,NA,"47","TN","layernorm_full",95,0.75321766656606,0.379544071899916,"gauss_4x",FALSE
"states-kernel",NA,1001,6.90240820461063,12.650533775978,0.47562826140579,NA,NA,NA,0.413450315007464,"gaussian",4,NA,NA,NA,NA,NA,NA,NA,NA,NA,NA,NA,NA,"48","TX","layernorm_full",254,3.18975247207603,0.70951784228369,"gauss_4x",FALSE
"states-kernel",NA,1002,7.47472037580969,12.6429961459894,0.532360903529954,NA,NA,NA,0.414149080359599,"gaussian",4,NA,NA,NA,NA,NA,NA,NA,NA,NA,NA,NA,NA,"48","TX","layernorm_full",254,4.56151500100401,0.706467045341148,"gauss_4x",FALSE
"states-kernel",NA,1003,8.18287730391373,14.1791899366985,0.373274299574792,NA,NA,NA,0.263131578655807,"gaussian",4,NA,NA,NA,NA,NA,NA,NA,NA,NA,NA,NA,NA,"48","TX","layernorm_full",254,4.81682504440477,0.727354615178045,"gauss_4x",FALSE
"states-kernel",NA,1004,6.74841665027647,11.7078476215922,0.574574379955214,NA,NA,NA,0.49760972063375,"gaussian",4,NA,NA,NA,NA,NA,NA,NA,NA,NA,NA,NA,NA,"48","TX","layernorm_full",254,2.03149406457229,0.709003551611743,"gauss_4x",FALSE
"states-kernel",NA,1005,7.36073054483309,13.770038240637,0.389497123118984,NA,NA,NA,0.305043857995772,"gaussian",4,NA,NA,NA,NA,NA,NA,NA,NA,NA,NA,NA,NA,"48","TX","layernorm_full",254,4.15851717153848,0.76885976209741,"gauss_4x",FALSE
"states-kernel",NA,1001,7.93020301893658,10.4003329936874,0.512671722913716,NA,NA,NA,0.455325934057585,"gaussian",4,NA,NA,NA,NA,NA,NA,NA,NA,NA,NA,NA,NA,"49","UT","layernorm_full",29,2.5608626529701,0.0357029021522874,"gauss_4x",FALSE
"states-kernel",NA,1002,7.021450203612,8.13030530072622,0.685356476785773,NA,NA,NA,0.6671443629723,"gaussian",4,NA,NA,NA,NA,NA,NA,NA,NA,NA,NA,NA,NA,"49","UT","layernorm_full",29,-1.89914433139864,-0.0875281432192699,"gauss_4x",FALSE
"states-kernel",NA,1003,7.66822303403845,9.37265657676933,0.663688895451484,NA,NA,NA,0.557648385372908,"gaussian",4,NA,NA,NA,NA,NA,NA,NA,NA,NA,NA,NA,NA,"49","UT","layernorm_full",29,-4.51942211601868,-0.13748086898891,"gauss_4x",FALSE
"states-kernel",NA,1004,6.41188847201887,7.99393408444938,0.707885665169475,NA,NA,NA,0.678216823972164,"gaussian",4,NA,NA,NA,NA,NA,NA,NA,NA,NA,NA,NA,NA,"49","UT","layernorm_full",29,0.396111586567407,-0.047433572648923,"gauss_4x",FALSE
"states-kernel",NA,1005,6.64212105283308,8.71246480630019,0.63985898023805,NA,NA,NA,0.617770430122577,"gaussian",4,NA,NA,NA,NA,NA,NA,NA,NA,NA,NA,NA,NA,"49","UT","layernorm_full",29,0.935634981425584,0.0197978774719297,"gauss_4x",FALSE
"states-kernel",NA,1001,4.10169360826302,5.52901937606469,0.905127180164098,NA,NA,NA,0.895978969646289,"gaussian",4,NA,NA,NA,NA,NA,NA,NA,NA,NA,NA,NA,NA,"51","VA","layernorm_full",133,1.09393865962163,0.174890197623595,"gauss_4x",FALSE
"states-kernel",NA,1002,4.47926897667857,6.11173526131976,0.876794283245874,NA,NA,NA,0.872897528572311,"gaussian",4,NA,NA,NA,NA,NA,NA,NA,NA,NA,NA,NA,NA,"51","VA","layernorm_full",133,0.643257945641932,0.176734320902092,"gauss_4x",FALSE
"states-kernel",NA,1003,4.74139063468585,6.3409711685038,0.870942035237693,NA,NA,NA,0.863184127460493,"gaussian",4,NA,NA,NA,NA,NA,NA,NA,NA,NA,NA,NA,NA,"51","VA","layernorm_full",133,1.27490929606939,0.198812336711555,"gauss_4x",FALSE
"states-kernel",NA,1004,4.50798571561403,6.11266677172891,0.874409513126354,NA,NA,NA,0.872858781377687,"gaussian",4,NA,NA,NA,NA,NA,NA,NA,NA,NA,NA,NA,NA,"51","VA","layernorm_full",133,-0.633763879109342,0.154139136173828,"gauss_4x",FALSE
"states-kernel",NA,1005,4.25694863902975,5.72790830624684,0.889753536345144,NA,NA,NA,0.888360716227451,"gaussian",4,NA,NA,NA,NA,NA,NA,NA,NA,NA,NA,NA,NA,"51","VA","layernorm_full",133,0.0711922943082589,0.149315627957619,"gauss_4x",FALSE
"states-kernel",NA,1001,6.65953803501062,8.24513590922397,0.701260412207759,NA,NA,NA,0.580327882738678,"gaussian",4,NA,NA,NA,NA,NA,NA,NA,NA,NA,NA,NA,NA,"53","WA","layernorm_full",39,4.38416595912839,0.27551614559031,"gauss_4x",FALSE
"states-kernel",NA,1002,7.11745211624479,8.35755533856586,0.631759969864336,NA,NA,NA,0.568805710938514,"gaussian",4,NA,NA,NA,NA,NA,NA,NA,NA,NA,NA,NA,NA,"53","WA","layernorm_full",39,3.1526240257748,0.408251387774035,"gauss_4x",FALSE
"states-kernel",NA,1003,6.97669945052352,8.2231527101845,0.635551681128263,NA,NA,NA,0.582562760840961,"gaussian",4,NA,NA,NA,NA,NA,NA,NA,NA,NA,NA,NA,NA,"53","WA","layernorm_full",39,2.89779101629188,0.353326882114982,"gauss_4x",FALSE
"states-kernel",NA,1004,6.51146705323532,7.91072371213766,0.757228536474872,NA,NA,NA,0.613680249546808,"gaussian",4,NA,NA,NA,NA,NA,NA,NA,NA,NA,NA,NA,NA,"53","WA","layernorm_full",39,4.64915785650896,0.308462933013041,"gauss_4x",FALSE
"states-kernel",NA,1005,6.27832731369064,7.95547015280735,0.715686980808188,NA,NA,NA,0.609297509317275,"gaussian",4,NA,NA,NA,NA,NA,NA,NA,NA,NA,NA,NA,NA,"53","WA","layernorm_full",39,4.13399164066978,0.117547919208765,"gauss_4x",FALSE
"states-kernel",NA,1001,3.47774143743297,4.48675351305799,0.57573989649662,NA,NA,NA,0.553861410123441,"gaussian",4,NA,NA,NA,NA,NA,NA,NA,NA,NA,NA,NA,NA,"54","WV","layernorm_full",55,-0.978362201082522,0.239131916617483,"gauss_4x",FALSE
"states-kernel",NA,1002,3.92065859671868,5.00069532726867,0.484706890319185,NA,NA,NA,0.445800463549576,"gaussian",4,NA,NA,NA,NA,NA,NA,NA,NA,NA,NA,NA,NA,"54","WV","layernorm_full",55,0.494729648986334,0.425339334254729,"gauss_4x",FALSE
"states-kernel",NA,1003,4.77270953351491,5.56068984489848,0.595567735935797,NA,NA,NA,0.314728434050747,"gaussian",4,NA,NA,NA,NA,NA,NA,NA,NA,NA,NA,NA,NA,"54","WV","layernorm_full",55,-3.53256486038487,0.317741190778801,"gauss_4x",FALSE
"states-kernel",NA,1004,3.33034426567513,4.30565915161863,0.619791065117534,NA,NA,NA,0.589148704352697,"gaussian",4,NA,NA,NA,NA,NA,NA,NA,NA,NA,NA,NA,NA,"54","WV","layernorm_full",55,-1.07378002206762,0.206923544968093,"gauss_4x",FALSE
"states-kernel",NA,1005,3.45305899255368,4.37669930862959,0.600741534491808,NA,NA,NA,0.575479381787267,"gaussian",4,NA,NA,NA,NA,NA,NA,NA,NA,NA,NA,NA,NA,"54","WV","layernorm_full",55,-0.838104849915111,0.261730244055859,"gauss_4x",FALSE
"states-kernel",NA,1001,10.0978157959007,12.7536523608564,0.281017959284374,NA,NA,NA,-0.641498453070744,"gaussian",4,NA,NA,NA,NA,NA,NA,NA,NA,NA,NA,NA,NA,"55","WI","layernorm_full",72,9.10925569741873,0.472467323144594,"gauss_4x",FALSE
"states-kernel",NA,1002,7.98166188833158,11.2099778545159,0.239763633588911,NA,NA,NA,-0.268179817916039,"gaussian",4,NA,NA,NA,NA,NA,NA,NA,NA,NA,NA,NA,NA,"55","WI","layernorm_full",72,6.04042150368993,0.395914928815814,"gauss_4x",FALSE
"states-kernel",NA,1003,9.13375480245144,12.3610392573045,0.151567011839572,NA,NA,NA,-0.541989085017746,"gaussian",4,NA,NA,NA,NA,NA,NA,NA,NA,NA,NA,NA,NA,"55","WI","layernorm_full",72,6.62874408696084,0.462634764194808,"gauss_4x",FALSE
"states-kernel",NA,1004,8.80062629426049,11.8349447821721,0.216000349565786,NA,NA,NA,-0.413525996678454,"gaussian",4,NA,NA,NA,NA,NA,NA,NA,NA,NA,NA,NA,NA,"55","WI","layernorm_full",72,6.50883987211997,0.509578842689949,"gauss_4x",FALSE
"states-kernel",NA,1005,8.92389144860843,11.9090771751776,0.185399259332905,NA,NA,NA,-0.431289704973123,"gaussian",4,NA,NA,NA,NA,NA,NA,NA,NA,NA,NA,NA,NA,"55","WI","layernorm_full",72,6.55962186495268,0.47945966103037,"gauss_4x",FALSE
"states-kernel",NA,1001,4.9395292925002,6.88651720692239,0.874249908493357,NA,NA,NA,0.713495113876085,"gaussian",4,NA,NA,NA,NA,NA,NA,NA,NA,NA,NA,NA,NA,"56","WY","layernorm_full",23,2.936245964177,0.266483897382947,"gauss_4x",FALSE
"states-kernel",NA,1002,4.83631573048873,7.06888638089605,0.875849951087571,NA,NA,NA,0.698119707938683,"gaussian",4,NA,NA,NA,NA,NA,NA,NA,NA,NA,NA,NA,NA,"56","WY","layernorm_full",23,1.52804625451027,0.262255949680281,"gauss_4x",FALSE
"states-kernel",NA,1003,4.00231989403618,5.10192001533835,0.918618437224142,NA,NA,NA,0.842746597720669,"gaussian",4,NA,NA,NA,NA,NA,NA,NA,NA,NA,NA,NA,NA,"56","WY","layernorm_full",23,-2.20182534787902,0.0854111139965419,"gauss_4x",FALSE
"states-kernel",NA,1004,4.69787699488276,5.50228229739921,0.867088348255344,NA,NA,NA,0.817097982644305,"gaussian",4,NA,NA,NA,NA,NA,NA,NA,NA,NA,NA,NA,NA,"56","WY","layernorm_full",23,-0.624769014424215,0.212127536084043,"gauss_4x",FALSE
"states-kernel",NA,1005,3.50689210599305,4.3174029384813,0.928928528165741,NA,NA,NA,0.887389749502949,"gaussian",4,NA,NA,NA,NA,NA,NA,NA,NA,NA,NA,NA,NA,"56","WY","layernorm_full",23,-0.368066275720485,0.0639967865544665,"gauss_4x",FALSE
"states-kernel",NA,1001,3.89817709021796,4.74581992162097,0.955594217999391,NA,NA,NA,0.943146009816761,"gaussian",1,NA,NA,NA,NA,NA,NA,NA,NA,NA,NA,NA,NA,"01","AL","layernorm_full",67,-0.212878831169608,0.367612900406534,"gauss_adaptive",TRUE
"states-kernel",NA,1002,4.00190615560321,4.82933243335364,0.972648863847989,NA,NA,NA,0.941127477630349,"gaussian",1,NA,NA,NA,NA,NA,NA,NA,NA,NA,NA,NA,NA,"01","AL","layernorm_full",67,-0.437069147454788,0.337842274623715,"gauss_adaptive",TRUE
"states-kernel",NA,1003,5.08323730624432,5.84045502653537,0.962011334072285,NA,NA,NA,0.913894318536183,"gaussian",1,NA,NA,NA,NA,NA,NA,NA,NA,NA,NA,NA,NA,"01","AL","layernorm_full",67,-1.04694657439501,0.468063875832077,"gauss_adaptive",TRUE
"states-kernel",NA,1004,4.64322621804302,5.67120792472537,0.948302521228561,NA,NA,NA,0.918812422964698,"gaussian",1,NA,NA,NA,NA,NA,NA,NA,NA,NA,NA,NA,NA,"01","AL","layernorm_full",67,-1.00212981796144,0.364728316275995,"gauss_adaptive",TRUE
"states-kernel",NA,1005,4.59154780803799,5.48439646642611,0.969672527345598,NA,NA,NA,0.924073020235647,"gaussian",1,NA,NA,NA,NA,NA,NA,NA,NA,NA,NA,NA,NA,"01","AL","layernorm_full",67,-0.342730895539939,0.477885859072984,"gauss_adaptive",TRUE
"states-kernel",NA,1001,3.34314823155763,3.94944997227683,0.93350061566205,NA,NA,NA,0.892212867867511,"gaussian",1,NA,NA,NA,NA,NA,NA,NA,NA,NA,NA,NA,NA,"05","AR","layernorm_full",75,-2.44031784297462,0.150756984001338,"gauss_adaptive",TRUE
"states-kernel",NA,1002,3.05602339582034,3.8495499513451,0.909325896379754,NA,NA,NA,0.897596782663176,"gaussian",1,NA,NA,NA,NA,NA,NA,NA,NA,NA,NA,NA,NA,"05","AR","layernorm_full",75,-0.968105710725721,0.200195431383094,"gauss_adaptive",TRUE
"states-kernel",NA,1003,3.8033334540713,4.55855626003532,0.894058113391192,NA,NA,NA,0.856402023182665,"gaussian",1,NA,NA,NA,NA,NA,NA,NA,NA,NA,NA,NA,NA,"05","AR","layernorm_full",75,-2.32149535624373,0.330684902961249,"gauss_adaptive",TRUE
"states-kernel",NA,1004,4.32842947006195,5.43653250845391,0.887648502100436,NA,NA,NA,0.795761476799705,"gaussian",1,NA,NA,NA,NA,NA,NA,NA,NA,NA,NA,NA,NA,"05","AR","layernorm_full",75,-3.48219524690789,0.308871270700753,"gauss_adaptive",TRUE
"states-kernel",NA,1005,4.04046418590263,4.80235685689697,0.906729226237963,NA,NA,NA,0.840631479641335,"gaussian",1,NA,NA,NA,NA,NA,NA,NA,NA,NA,NA,NA,NA,"05","AR","layernorm_full",75,-3.08186438138289,0.138268856426826,"gauss_adaptive",TRUE
"states-kernel",NA,1001,7.33791507926644,9.13885519805578,0.703050872617542,NA,NA,NA,0.685674494251241,"gaussian",1,NA,NA,NA,NA,NA,NA,NA,NA,NA,NA,NA,NA,"06","CA","layernorm_full",58,0.512736612409961,0.361858159145017,"gauss_adaptive",TRUE
"states-kernel",NA,1002,8.15923173147348,10.4955800735256,0.66020516425314,NA,NA,NA,0.585419449977941,"gaussian",1,NA,NA,NA,NA,NA,NA,NA,NA,NA,NA,NA,NA,"06","CA","layernorm_full",58,4.26483701866745,0.403507656303855,"gauss_adaptive",TRUE
"states-kernel",NA,1003,7.77697813113619,9.77589033561827,0.649276985254375,NA,NA,NA,0.640326308019811,"gaussian",1,NA,NA,NA,NA,NA,NA,NA,NA,NA,NA,NA,NA,"06","CA","layernorm_full",58,-0.00263391675447141,0.462459630288955,"gauss_adaptive",TRUE
"states-kernel",NA,1004,8.26898705125948,10.4361866373794,0.655604994166344,NA,NA,NA,0.590098313400413,"gaussian",1,NA,NA,NA,NA,NA,NA,NA,NA,NA,NA,NA,NA,"06","CA","layernorm_full",58,4.16795088708897,0.455442061778837,"gauss_adaptive",TRUE
"states-kernel",NA,1005,9.5541278824858,11.5871168052983,0.58352409110429,NA,NA,NA,0.494702905965895,"gaussian",1,NA,NA,NA,NA,NA,NA,NA,NA,NA,NA,NA,NA,"06","CA","layernorm_full",58,-1.48176224155261,0.532351456203943,"gauss_adaptive",TRUE
"states-kernel",NA,1001,10.9414080078599,13.6324751174863,0.76212066765727,NA,NA,NA,0.433077074978876,"gaussian",1,NA,NA,NA,NA,NA,NA,NA,NA,NA,NA,NA,NA,"08","CO","layernorm_full",64,-8.18224322819534,0.408706029876401,"gauss_adaptive",TRUE
"states-kernel",NA,1002,13.7312490584571,16.8377859334029,0.76852364607578,NA,NA,NA,0.135142492904371,"gaussian",1,NA,NA,NA,NA,NA,NA,NA,NA,NA,NA,NA,NA,"08","CO","layernorm_full",64,-12.3462059840875,0.555426700068157,"gauss_adaptive",TRUE
"states-kernel",NA,1003,10.3324727687091,12.5834893781249,0.796209910507781,NA,NA,NA,0.516967040556021,"gaussian",1,NA,NA,NA,NA,NA,NA,NA,NA,NA,NA,NA,NA,"08","CO","layernorm_full",64,-7.52858085906204,0.447661767493553,"gauss_adaptive",TRUE
"states-kernel",NA,1004,9.75525903247554,12.215106856233,0.816709164001336,NA,NA,NA,0.544834713570121,"gaussian",1,NA,NA,NA,NA,NA,NA,NA,NA,NA,NA,NA,NA,"08","CO","layernorm_full",64,-8.12139391110143,0.358937441530143,"gauss_adaptive",TRUE
"states-kernel",NA,1005,7.11482378910413,9.40307803963733,0.794255038555556,NA,NA,NA,0.730279054858236,"gaussian",1,NA,NA,NA,NA,NA,NA,NA,NA,NA,NA,NA,NA,"08","CO","layernorm_full",64,-3.3520272101136,0.326408236316459,"gauss_adaptive",TRUE
"states-kernel",NA,1001,4.78392522198616,5.99352832740657,0.834000983520566,NA,NA,NA,0.814500878846767,"gaussian",1,NA,NA,NA,NA,NA,NA,NA,NA,NA,NA,NA,NA,"12","FL","layernorm_full",67,-1.34058512159251,0.326726777897275,"gauss_adaptive",TRUE
"states-kernel",NA,1002,6.55226166609258,8.7893987933615,0.785322761287956,NA,NA,NA,0.601071493273916,"gaussian",1,NA,NA,NA,NA,NA,NA,NA,NA,NA,NA,NA,NA,"12","FL","layernorm_full",67,-4.35716882549779,0.590277122866556,"gauss_adaptive",TRUE
"states-kernel",NA,1003,4.61266083339243,5.88641130254938,0.836619429202407,NA,NA,NA,0.821072151198963,"gaussian",1,NA,NA,NA,NA,NA,NA,NA,NA,NA,NA,NA,NA,"12","FL","layernorm_full",67,-0.672077635895759,0.34933874471471,"gauss_adaptive",TRUE
"states-kernel",NA,1004,5.52666890744873,6.80795234831044,0.822759696139124,NA,NA,NA,0.760663053261265,"gaussian",1,NA,NA,NA,NA,NA,NA,NA,NA,NA,NA,NA,NA,"12","FL","layernorm_full",67,-1.56874614026933,0.516676019321396,"gauss_adaptive",TRUE
"states-kernel",NA,1005,5.04149271125223,5.99714120105551,0.841038544462008,NA,NA,NA,0.814277175264366,"gaussian",1,NA,NA,NA,NA,NA,NA,NA,NA,NA,NA,NA,NA,"12","FL","layernorm_full",67,-1.74557223909946,0.319784796691232,"gauss_adaptive",TRUE
"states-kernel",NA,1001,4.15431954912265,5.37281628209873,0.896149135038571,NA,NA,NA,0.886273290244626,"gaussian",1,NA,NA,NA,NA,NA,NA,NA,NA,NA,NA,NA,NA,"13","GA","layernorm_full",159,-0.895470657498233,0.215802782766702,"gauss_adaptive",TRUE
"states-kernel",NA,1002,4.91846338516195,6.21600833457838,0.864528309685782,NA,NA,NA,0.847776511735591,"gaussian",1,NA,NA,NA,NA,NA,NA,NA,NA,NA,NA,NA,NA,"13","GA","layernorm_full",159,-0.402957121435417,0.328647353545745,"gauss_adaptive",TRUE
"states-kernel",NA,1003,4.90905244912795,6.20640929221618,0.87304993574775,NA,NA,NA,0.848246289576388,"gaussian",1,NA,NA,NA,NA,NA,NA,NA,NA,NA,NA,NA,NA,"13","GA","layernorm_full",159,-1.1843697264355,0.356291549180171,"gauss_adaptive",TRUE
"states-kernel",NA,1004,4.16294269410874,5.5582715380108,0.88462364405542,NA,NA,NA,0.878286706994859,"gaussian",1,NA,NA,NA,NA,NA,NA,NA,NA,NA,NA,NA,NA,"13","GA","layernorm_full",159,-0.153989287971491,0.252821208810538,"gauss_adaptive",TRUE
"states-kernel",NA,1005,4.67761778552847,6.05584024336632,0.868064976543935,NA,NA,NA,0.855520139733214,"gaussian",1,NA,NA,NA,NA,NA,NA,NA,NA,NA,NA,NA,NA,"13","GA","layernorm_full",159,-0.62781641358665,0.328095265292086,"gauss_adaptive",TRUE
"states-kernel",NA,1001,7.51890942565099,9.55571057750869,0.493754523851133,NA,NA,NA,0.340154543027005,"gaussian",1,NA,NA,NA,NA,NA,NA,NA,NA,NA,NA,NA,NA,"16","ID","layernorm_full",44,-4.58995050844696,0.0412565589905809,"gauss_adaptive",TRUE
"states-kernel",NA,1002,7.56791222103995,9.72169767774908,0.456180728314445,NA,NA,NA,0.317031806053956,"gaussian",1,NA,NA,NA,NA,NA,NA,NA,NA,NA,NA,NA,NA,"16","ID","layernorm_full",44,-2.71695572029442,0.454626760573007,"gauss_adaptive",TRUE
"states-kernel",NA,1003,6.74017256514643,9.52795903817461,0.397849424424192,NA,NA,NA,0.343981602604649,"gaussian",1,NA,NA,NA,NA,NA,NA,NA,NA,NA,NA,NA,NA,"16","ID","layernorm_full",44,-1.12954512373808,0.19709615802984,"gauss_adaptive",TRUE
"states-kernel",NA,1004,6.23717643448151,9.03485266886502,0.56721127548024,NA,NA,NA,0.410127151962056,"gaussian",1,NA,NA,NA,NA,NA,NA,NA,NA,NA,NA,NA,NA,"16","ID","layernorm_full",44,-4.07229407133017,0.15870850805168,"gauss_adaptive",TRUE
"states-kernel",NA,1005,7.11967361104091,9.87752610905365,0.484020479239332,NA,NA,NA,0.29496183179512,"gaussian",1,NA,NA,NA,NA,NA,NA,NA,NA,NA,NA,NA,NA,"16","ID","layernorm_full",44,-4.22296195753423,0.176490040764107,"gauss_adaptive",TRUE
"states-kernel",NA,1001,6.81038555244128,7.97548490441121,0.799062288286666,NA,NA,NA,0.573512709216877,"gaussian",1,NA,NA,NA,NA,NA,NA,NA,NA,NA,NA,NA,NA,"17","IL","layernorm_full",102,-5.75998764837271,0.517613217834695,"gauss_adaptive",TRUE
"states-kernel",NA,1002,6.10392468530211,7.20075428184,0.801355062161557,NA,NA,NA,0.652345478743497,"gaussian",1,NA,NA,NA,NA,NA,NA,NA,NA,NA,NA,NA,NA,"17","IL","layernorm_full",102,-4.71134316187228,0.469698276105481,"gauss_adaptive",TRUE
"states-kernel",NA,1003,5.8669873943023,6.78313722793327,0.792380968349598,NA,NA,NA,0.691501465266819,"gaussian",1,NA,NA,NA,NA,NA,NA,NA,NA,NA,NA,NA,NA,"17","IL","layernorm_full",102,-3.76884176795031,0.556777960368238,"gauss_adaptive",TRUE
"states-kernel",NA,1004,5.78574653779742,6.8638420568201,0.804907132316435,NA,NA,NA,0.684116848662422,"gaussian",1,NA,NA,NA,NA,NA,NA,NA,NA,NA,NA,NA,NA,"17","IL","layernorm_full",102,-4.23588099411524,0.47089692518738,"gauss_adaptive",TRUE
"states-kernel",NA,1005,5.61552319013057,6.57286627366807,0.794071641702694,NA,NA,NA,0.710331352059567,"gaussian",1,NA,NA,NA,NA,NA,NA,NA,NA,NA,NA,NA,NA,"17","IL","layernorm_full",102,-3.49443261388507,0.544033907633039,"gauss_adaptive",TRUE
"states-kernel",NA,1001,3.7656496235108,5.47153072782973,0.777349864380619,NA,NA,NA,0.650052478746066,"gaussian",1,NA,NA,NA,NA,NA,NA,NA,NA,NA,NA,NA,NA,"18","IN","layernorm_full",92,2.64858967882157,0.222914956336192,"gauss_adaptive",TRUE
"states-kernel",NA,1002,3.6245976396686,4.9389112327165,0.748823010523414,NA,NA,NA,0.714866872387741,"gaussian",1,NA,NA,NA,NA,NA,NA,NA,NA,NA,NA,NA,NA,"18","IN","layernorm_full",92,0.625701309495756,0.281347723847506,"gauss_adaptive",TRUE
"states-kernel",NA,1003,4.03045526826301,5.5285732488996,0.736436895890595,NA,NA,NA,0.642717806053579,"gaussian",1,NA,NA,NA,NA,NA,NA,NA,NA,NA,NA,NA,NA,"18","IN","layernorm_full",92,2.64569679520505,0.295146471717538,"gauss_adaptive",TRUE
"states-kernel",NA,1004,4.29007508445868,5.91303399733467,0.705461466154761,NA,NA,NA,0.591298728718405,"gaussian",1,NA,NA,NA,NA,NA,NA,NA,NA,NA,NA,NA,NA,"18","IN","layernorm_full",92,3.02179519909473,0.352210861336415,"gauss_adaptive",TRUE
"states-kernel",NA,1005,3.54251400772404,4.73968984938064,0.752253318673905,NA,NA,NA,0.737405827472875,"gaussian",1,NA,NA,NA,NA,NA,NA,NA,NA,NA,NA,NA,NA,"18","IN","layernorm_full",92,0.819721627428278,0.405796308274666,"gauss_adaptive",TRUE
"states-kernel",NA,1001,4.30753822128465,5.23186019828292,0.73870990184345,NA,NA,NA,0.683348730135354,"gaussian",1,NA,NA,NA,NA,NA,NA,NA,NA,NA,NA,NA,NA,"19","IA","layernorm_full",99,2.03143456923568,0.352751484185232,"gauss_adaptive",TRUE
"states-kernel",NA,1002,4.32932908986486,5.29876871306745,0.744005654288987,NA,NA,NA,0.675197846905986,"gaussian",1,NA,NA,NA,NA,NA,NA,NA,NA,NA,NA,NA,NA,"19","IA","layernorm_full",99,2.43737949865163,0.314146378964276,"gauss_adaptive",TRUE
"states-kernel",NA,1003,4.7286956606673,5.69941206199441,0.707789088152114,NA,NA,NA,0.624223958471808,"gaussian",1,NA,NA,NA,NA,NA,NA,NA,NA,NA,NA,NA,NA,"19","IA","layernorm_full",99,2.68274313418987,0.356473327754974,"gauss_adaptive",TRUE
"states-kernel",NA,1004,4.54763420329595,5.39818221167099,0.718115374075546,NA,NA,NA,0.662895886238363,"gaussian",1,NA,NA,NA,NA,NA,NA,NA,NA,NA,NA,NA,NA,"19","IA","layernorm_full",99,2.18110184886655,0.378234397603894,"gauss_adaptive",TRUE
"states-kernel",NA,1005,4.90217036493509,5.89556041802437,0.716064792723534,NA,NA,NA,0.5979138058376,"gaussian",1,NA,NA,NA,NA,NA,NA,NA,NA,NA,NA,NA,NA,"19","IA","layernorm_full",99,3.18336595922747,0.340417639654342,"gauss_adaptive",TRUE
"states-kernel",NA,1001,3.93321415493324,4.9880389872626,0.849541948251007,NA,NA,NA,0.791640550243313,"gaussian",1,NA,NA,NA,NA,NA,NA,NA,NA,NA,NA,NA,NA,"20","KS","layernorm_full",105,-2.55079442569033,0.300018293119282,"gauss_adaptive",TRUE
"states-kernel",NA,1002,4.2924068028618,5.37167609993175,0.804432251630955,NA,NA,NA,0.75835758982193,"gaussian",1,NA,NA,NA,NA,NA,NA,NA,NA,NA,NA,NA,NA,"20","KS","layernorm_full",105,-2.10817195374795,0.426081980441154,"gauss_adaptive",TRUE
"states-kernel",NA,1003,3.97129335314864,5.09226087214612,0.822161556361088,NA,NA,NA,0.782842510940491,"gaussian",1,NA,NA,NA,NA,NA,NA,NA,NA,NA,NA,NA,NA,"20","KS","layernorm_full",105,-2.1610938144591,0.329457329627755,"gauss_adaptive",TRUE
"states-kernel",NA,1004,4.69199053553153,5.61429146334797,0.841195536812742,NA,NA,NA,0.736036770381649,"gaussian",1,NA,NA,NA,NA,NA,NA,NA,NA,NA,NA,NA,NA,"20","KS","layernorm_full",105,-3.52327038960586,0.305253503558861,"gauss_adaptive",TRUE
"states-kernel",NA,1005,3.88815786397943,4.91471675661787,0.838817516183356,NA,NA,NA,0.797721133777322,"gaussian",1,NA,NA,NA,NA,NA,NA,NA,NA,NA,NA,NA,NA,"20","KS","layernorm_full",105,-2.20928167849636,0.304120897963858,"gauss_adaptive",TRUE
"states-kernel",NA,1001,4.0981533292743,5.11616176510272,0.644810601781229,NA,NA,NA,0.630485140698856,"gaussian",1,NA,NA,NA,NA,NA,NA,NA,NA,NA,NA,NA,NA,"21","KY","layernorm_full",120,0.0235479308628767,0.410464747574945,"gauss_adaptive",TRUE
"states-kernel",NA,1002,4.07465295646836,5.17986787116064,0.635971977396286,NA,NA,NA,0.621225498272353,"gaussian",1,NA,NA,NA,NA,NA,NA,NA,NA,NA,NA,NA,NA,"21","KY","layernorm_full",120,0.6879146383467,0.373578233499136,"gauss_adaptive",TRUE
"states-kernel",NA,1003,4.32240443599667,5.34534286075982,0.601049577549833,NA,NA,NA,0.596638442054981,"gaussian",1,NA,NA,NA,NA,NA,NA,NA,NA,NA,NA,NA,NA,"21","KY","layernorm_full",120,-0.184794053707073,0.424189769478787,"gauss_adaptive",TRUE
"states-kernel",NA,1004,4.11151943794506,5.05047054596612,0.650715196140981,NA,NA,NA,0.639913319513688,"gaussian",1,NA,NA,NA,NA,NA,NA,NA,NA,NA,NA,NA,NA,"21","KY","layernorm_full",120,-0.444791472810951,0.376381505425387,"gauss_adaptive",TRUE
"states-kernel",NA,1005,4.09281200609402,4.97504831946921,0.66095035842107,NA,NA,NA,0.650587869598316,"gaussian",1,NA,NA,NA,NA,NA,NA,NA,NA,NA,NA,NA,NA,"21","KY","layernorm_full",120,-0.409710163357754,0.399123160825935,"gauss_adaptive",TRUE
"states-kernel",NA,1001,6.02487174250674,7.65915565187919,0.827988988125107,NA,NA,NA,0.717669366971167,"gaussian",1,NA,NA,NA,NA,NA,NA,NA,NA,NA,NA,NA,NA,"22","LA","layernorm_full",64,-4.75376256718719,0.266096052606076,"gauss_adaptive",TRUE
"states-kernel",NA,1002,4.5455366291083,6.21005290930655,0.843906232411328,NA,NA,NA,0.81439622220894,"gaussian",1,NA,NA,NA,NA,NA,NA,NA,NA,NA,NA,NA,NA,"22","LA","layernorm_full",64,-2.45707092215984,0.225938882603395,"gauss_adaptive",TRUE
"states-kernel",NA,1003,5.93638113591146,7.28409133743414,0.86119400932519,NA,NA,NA,0.744643464955247,"gaussian",1,NA,NA,NA,NA,NA,NA,NA,NA,NA,NA,NA,NA,"22","LA","layernorm_full",64,-4.91628095215633,0.118455816310759,"gauss_adaptive",TRUE
"states-kernel",NA,1004,5.49539225891792,6.87793123189405,0.832976505748554,NA,NA,NA,0.772326822145169,"gaussian",1,NA,NA,NA,NA,NA,NA,NA,NA,NA,NA,NA,NA,"22","LA","layernorm_full",64,-3.4968297179164,0.16323365467091,"gauss_adaptive",TRUE
"states-kernel",NA,1005,4.72119632458416,6.51339661335645,0.814980041634321,NA,NA,NA,0.795820912326065,"gaussian",1,NA,NA,NA,NA,NA,NA,NA,NA,NA,NA,NA,NA,"22","LA","layernorm_full",64,-1.98432263107577,0.147457947726909,"gauss_adaptive",TRUE
"states-kernel",NA,1001,7.44728414879846,8.7883120151346,0.839471266191377,NA,NA,NA,0.780319130208354,"gaussian",1,NA,NA,NA,NA,NA,NA,NA,NA,NA,NA,NA,NA,"24","MD","layernorm_full",24,-2.59826578277652,0.455490507855056,"gauss_adaptive",TRUE
"states-kernel",NA,1002,8.324745620234,9.80032744292341,0.797567908460496,NA,NA,NA,0.72681145999421,"gaussian",1,NA,NA,NA,NA,NA,NA,NA,NA,NA,NA,NA,NA,"24","MD","layernorm_full",24,-2.61978199481846,0.410513644684335,"gauss_adaptive",TRUE
"states-kernel",NA,1003,7.62887436846003,9.10847838991853,0.854671948583361,NA,NA,NA,0.764021210459283,"gaussian",1,NA,NA,NA,NA,NA,NA,NA,NA,NA,NA,NA,NA,"24","MD","layernorm_full",24,-3.09738343470696,0.367359789763435,"gauss_adaptive",TRUE
"states-kernel",NA,1004,8.24449328999933,9.62509453934711,0.808358150738715,NA,NA,NA,0.73649351227793,"gaussian",1,NA,NA,NA,NA,NA,NA,NA,NA,NA,NA,NA,NA,"24","MD","layernorm_full",24,-2.50354732039475,0.418005381050306,"gauss_adaptive",TRUE
"states-kernel",NA,1005,8.9320083250389,10.3826124624207,0.791147373344646,NA,NA,NA,0.693384156171698,"gaussian",1,NA,NA,NA,NA,NA,NA,NA,NA,NA,NA,NA,NA,"24","MD","layernorm_full",24,-4.11179763234171,0.528733903776817,"gauss_adaptive",TRUE
"states-kernel",NA,1001,4.55328879218332,5.82928625264118,0.697554199938787,NA,NA,NA,0.60287692828371,"gaussian",1,NA,NA,NA,NA,NA,NA,NA,NA,NA,NA,NA,NA,"26","MI","layernorm_full",83,0.255371415699469,0.376344476001073,"gauss_adaptive",TRUE
"states-kernel",NA,1002,4.27258736613409,5.44067105983887,0.708515052799716,NA,NA,NA,0.654061184977265,"gaussian",1,NA,NA,NA,NA,NA,NA,NA,NA,NA,NA,NA,NA,"26","MI","layernorm_full",83,-0.219324677710389,0.409983212410821,"gauss_adaptive",TRUE
"states-kernel",NA,1003,4.64154394124,6.26538850506319,0.660535699269122,NA,NA,NA,0.541234905970826,"gaussian",1,NA,NA,NA,NA,NA,NA,NA,NA,NA,NA,NA,NA,"26","MI","layernorm_full",83,1.20991150638103,0.534013034445096,"gauss_adaptive",TRUE
"states-kernel",NA,1004,4.08296874754703,5.13797926117877,0.756922849919824,NA,NA,NA,0.691483036407467,"gaussian",1,NA,NA,NA,NA,NA,NA,NA,NA,NA,NA,NA,NA,"26","MI","layernorm_full",83,-0.365217739296477,0.362865793786385,"gauss_adaptive",TRUE
"states-kernel",NA,1005,4.3882391601123,5.56444836531541,0.720207107020692,NA,NA,NA,0.638141658759361,"gaussian",1,NA,NA,NA,NA,NA,NA,NA,NA,NA,NA,NA,NA,"26","MI","layernorm_full",83,-0.796314397961949,0.454456217866316,"gauss_adaptive",TRUE
"states-kernel",NA,1001,6.56299025082052,7.75252182295803,0.455832528842655,NA,NA,NA,0.337748993823089,"gaussian",1,NA,NA,NA,NA,NA,NA,NA,NA,NA,NA,NA,NA,"27","MN","layernorm_full",87,-2.69344091331747,0.601685490418429,"gauss_adaptive",TRUE
"states-kernel",NA,1002,6.30962709310479,7.58642310971408,0.526076342594065,NA,NA,NA,0.36582261196168,"gaussian",1,NA,NA,NA,NA,NA,NA,NA,NA,NA,NA,NA,NA,"27","MN","layernorm_full",87,-3.62851107652548,0.544467347255083,"gauss_adaptive",TRUE
"states-kernel",NA,1003,6.55557580762697,7.91493605352839,0.480464620636507,NA,NA,NA,0.309710205194575,"gaussian",1,NA,NA,NA,NA,NA,NA,NA,NA,NA,NA,NA,NA,"27","MN","layernorm_full",87,-3.42739023269082,0.582244309851717,"gauss_adaptive",TRUE
"states-kernel",NA,1004,7.08956340168552,8.38912192894983,0.503588022820738,NA,NA,NA,0.224521708066806,"gaussian",1,NA,NA,NA,NA,NA,NA,NA,NA,NA,NA,NA,NA,"27","MN","layernorm_full",87,-4.56870703966364,0.558909395117968,"gauss_adaptive",TRUE
"states-kernel",NA,1005,6.20189603583493,7.36212171761683,0.485160708111008,NA,NA,NA,0.402768619887363,"gaussian",1,NA,NA,NA,NA,NA,NA,NA,NA,NA,NA,NA,NA,"27","MN","layernorm_full",87,-2.39864930200642,0.565249934839374,"gauss_adaptive",TRUE
"states-kernel",NA,1001,3.21343135308671,4.51123031874239,0.962656831937696,NA,NA,NA,0.944628037514244,"gaussian",1,NA,NA,NA,NA,NA,NA,NA,NA,NA,NA,NA,NA,"28","MS","layernorm_full",82,1.63377315836792,0.169769815601591,"gauss_adaptive",TRUE
"states-kernel",NA,1002,3.09544232594643,4.03679750392497,0.955849411935312,NA,NA,NA,0.955662230167328,"gaussian",1,NA,NA,NA,NA,NA,NA,NA,NA,NA,NA,NA,NA,"28","MS","layernorm_full",82,0.0656365853445489,0.131969862169418,"gauss_adaptive",TRUE
"states-kernel",NA,1003,3.53799941364335,4.56868753031688,0.952161522343776,NA,NA,NA,0.943208566985216,"gaussian",1,NA,NA,NA,NA,NA,NA,NA,NA,NA,NA,NA,NA,"28","MS","layernorm_full",82,0.631513229527378,0.201811526244612,"gauss_adaptive",TRUE
"states-kernel",NA,1004,3.41043746088787,4.50473657468673,0.949406298844047,NA,NA,NA,0.944787334438688,"gaussian",1,NA,NA,NA,NA,NA,NA,NA,NA,NA,NA,NA,NA,"28","MS","layernorm_full",82,0.207773371796741,0.137603143249891,"gauss_adaptive",TRUE
"states-kernel",NA,1005,3.46347231401731,4.48333026876345,0.95116235731013,NA,NA,NA,0.945310823892204,"gaussian",1,NA,NA,NA,NA,NA,NA,NA,NA,NA,NA,NA,NA,"28","MS","layernorm_full",82,0.185426940269597,0.14780262801878,"gauss_adaptive",TRUE
"states-kernel",NA,1001,3.17366085775369,4.12201230417112,0.844058853113744,NA,NA,NA,0.810534290506524,"gaussian",1,NA,NA,NA,NA,NA,NA,NA,NA,NA,NA,NA,NA,"29","MO","layernorm_full",115,1.52924399930758,0.345788032485645,"gauss_adaptive",TRUE
"states-kernel",NA,1002,3.2191610572912,4.10906761306563,0.825581385213995,NA,NA,NA,0.811722411207333,"gaussian",1,NA,NA,NA,NA,NA,NA,NA,NA,NA,NA,NA,NA,"29","MO","layernorm_full",115,0.796902341120564,0.357425804175775,"gauss_adaptive",TRUE
"states-kernel",NA,1003,3.41385623703311,4.39970255330601,0.838907617467019,NA,NA,NA,0.784146703316456,"gaussian",1,NA,NA,NA,NA,NA,NA,NA,NA,NA,NA,NA,NA,"29","MO","layernorm_full",115,2.20593391390794,0.389022686787589,"gauss_adaptive",TRUE
"states-kernel",NA,1004,3.77591356604591,4.78461478613567,0.831729717742764,NA,NA,NA,0.744726337730259,"gaussian",1,NA,NA,NA,NA,NA,NA,NA,NA,NA,NA,NA,NA,"29","MO","layernorm_full",115,2.66793583035631,0.357634275075695,"gauss_adaptive",TRUE
"states-kernel",NA,1005,3.56621862681618,4.412674414951,0.857438137409823,NA,NA,NA,0.782872004954948,"gaussian",1,NA,NA,NA,NA,NA,NA,NA,NA,NA,NA,NA,NA,"29","MO","layernorm_full",115,2.44726989400639,0.290433756268223,"gauss_adaptive",TRUE
"states-kernel",NA,1001,5.69272080376815,7.9645660844412,0.725960439615973,NA,NA,NA,0.671195657313876,"gaussian",1,NA,NA,NA,NA,NA,NA,NA,NA,NA,NA,NA,NA,"30","MT","layernorm_full",56,3.08049879699352,-0.0577378059946167,"gauss_adaptive",TRUE
"states-kernel",NA,1002,6.26710696201323,8.30018149736212,0.643757898380905,NA,NA,NA,0.642901124355234,"gaussian",1,NA,NA,NA,NA,NA,NA,NA,NA,NA,NA,NA,NA,"30","MT","layernorm_full",56,0.275400542522498,-0.0956032036800467,"gauss_adaptive",TRUE
"states-kernel",NA,1003,5.60077998161364,7.68752580630427,0.705600543736528,NA,NA,NA,0.693672153355831,"gaussian",1,NA,NA,NA,NA,NA,NA,NA,NA,NA,NA,NA,NA,"30","MT","layernorm_full",56,1.5117624744319,-0.0321894912732494,"gauss_adaptive",TRUE
"states-kernel",NA,1004,4.58854825967283,6.28315854377012,0.796668408161182,NA,NA,NA,0.795369982401843,"gaussian",1,NA,NA,NA,NA,NA,NA,NA,NA,NA,NA,NA,NA,"30","MT","layernorm_full",56,0.258559083025001,-0.150115092240065,"gauss_adaptive",TRUE
"states-kernel",NA,1005,6.66383654368463,10.0815984780761,0.550708297830676,NA,NA,NA,0.473168058508702,"gaussian",1,NA,NA,NA,NA,NA,NA,NA,NA,NA,NA,NA,NA,"30","MT","layernorm_full",56,3.7773971989083,-0.0530478853230644,"gauss_adaptive",TRUE
"states-kernel",NA,1001,4.45357394647151,5.34078675684565,0.825044542554067,NA,NA,NA,0.674421085313557,"gaussian",1,NA,NA,NA,NA,NA,NA,NA,NA,NA,NA,NA,NA,"31","NE","layernorm_full",93,-3.57785527805409,0.255713680612243,"gauss_adaptive",TRUE
"states-kernel",NA,1002,4.28440624492385,5.19217792114772,0.815023431953504,NA,NA,NA,0.692287649927809,"gaussian",1,NA,NA,NA,NA,NA,NA,NA,NA,NA,NA,NA,NA,"31","NE","layernorm_full",93,-3.14792372403094,0.276878755805148,"gauss_adaptive",TRUE
"states-kernel",NA,1003,4.36683045672724,5.19658838256944,0.840466442756831,NA,NA,NA,0.691764659428585,"gaussian",1,NA,NA,NA,NA,NA,NA,NA,NA,NA,NA,NA,NA,"31","NE","layernorm_full",93,-3.50061060656241,0.28121167746871,"gauss_adaptive",TRUE
"states-kernel",NA,1004,4.65577934945574,5.61023615651901,0.864314284275571,NA,NA,NA,0.640740649469033,"gaussian",1,NA,NA,NA,NA,NA,NA,NA,NA,NA,NA,NA,NA,"31","NE","layernorm_full",93,-4.24168739827077,0.297253683319717,"gauss_adaptive",TRUE
"states-kernel",NA,1005,5.24906258168148,6.06927328107818,0.817117025811577,NA,NA,NA,0.579545329868069,"gaussian",1,NA,NA,NA,NA,NA,NA,NA,NA,NA,NA,NA,NA,"31","NE","layernorm_full",93,-4.48356526372754,0.286848067279185,"gauss_adaptive",TRUE
"states-kernel",NA,1001,7.16619272998788,7.96893125065453,0.755425237576375,NA,NA,NA,0.6362034736942,"gaussian",1,NA,NA,NA,NA,NA,NA,NA,NA,NA,NA,NA,NA,"34","NJ","layernorm_full",21,-2.40634915953275,0.532171823196856,"gauss_adaptive",TRUE
"states-kernel",NA,1002,7.58580284102494,8.76829143967557,0.783197331521019,NA,NA,NA,0.559558390979433,"gaussian",1,NA,NA,NA,NA,NA,NA,NA,NA,NA,NA,NA,NA,"34","NJ","layernorm_full",21,-0.894857190419212,0.544641307498774,"gauss_adaptive",TRUE
"states-kernel",NA,1003,6.56737133914449,7.64562605364987,0.725652872223036,NA,NA,NA,0.665123637554718,"gaussian",1,NA,NA,NA,NA,NA,NA,NA,NA,NA,NA,NA,NA,"34","NJ","layernorm_full",21,-0.987526856321117,0.61522778600624,"gauss_adaptive",TRUE
"states-kernel",NA,1004,4.71755287831694,6.19301908137778,0.846164671237095,NA,NA,NA,0.78028322089929,"gaussian",1,NA,NA,NA,NA,NA,NA,NA,NA,NA,NA,NA,NA,"34","NJ","layernorm_full",21,2.30295391205854,0.407301907852333,"gauss_adaptive",TRUE
"states-kernel",NA,1005,6.95589118700648,7.76909356834716,0.778008251357615,NA,NA,NA,0.654220619689992,"gaussian",1,NA,NA,NA,NA,NA,NA,NA,NA,NA,NA,NA,NA,"34","NJ","layernorm_full",21,-1.17155117287058,0.664009019273812,"gauss_adaptive",TRUE
"states-kernel",NA,1001,11.3321490207673,13.3689228997446,0.625983655190166,NA,NA,NA,0.468038436427223,"gaussian",1,NA,NA,NA,NA,NA,NA,NA,NA,NA,NA,NA,NA,"35","NM","layernorm_full",33,-0.79085721461082,0.410335991716548,"gauss_adaptive",TRUE
"states-kernel",NA,1002,14.6123576458761,16.6247718761604,0.427672958356416,NA,NA,NA,0.177380868031604,"gaussian",1,NA,NA,NA,NA,NA,NA,NA,NA,NA,NA,NA,NA,"35","NM","layernorm_full",33,-8.32339985881603,0.364348451439786,"gauss_adaptive",TRUE
"states-kernel",NA,1003,10.7639749477429,12.8531428544264,0.615351902706172,NA,NA,NA,0.508293345926012,"gaussian",1,NA,NA,NA,NA,NA,NA,NA,NA,NA,NA,NA,NA,"35","NM","layernorm_full",33,-2.7742640057166,0.417066315955646,"gauss_adaptive",TRUE
"states-kernel",NA,1004,10.7755818584052,13.0198752425929,0.60306016899128,NA,NA,NA,0.495453657662357,"gaussian",1,NA,NA,NA,NA,NA,NA,NA,NA,NA,NA,NA,NA,"35","NM","layernorm_full",33,-5.23471646081673,0.416076667282075,"gauss_adaptive",TRUE
"states-kernel",NA,1005,11.518462205838,14.2378156898725,0.56868202254024,NA,NA,NA,0.3966432859985,"gaussian",1,NA,NA,NA,NA,NA,NA,NA,NA,NA,NA,NA,NA,"35","NM","layernorm_full",33,-6.57706403392684,0.41942758969814,"gauss_adaptive",TRUE
"states-kernel",NA,1001,5.10393485783406,6.41635250215783,0.797771123134275,NA,NA,NA,0.791684429980327,"gaussian",1,NA,NA,NA,NA,NA,NA,NA,NA,NA,NA,NA,NA,"36","NY","layernorm_full",62,0.922954235011975,0.541510135009627,"gauss_adaptive",TRUE
"states-kernel",NA,1002,5.20387962433985,6.71602521415171,0.786901124680859,NA,NA,NA,0.771771467997858,"gaussian",1,NA,NA,NA,NA,NA,NA,NA,NA,NA,NA,NA,NA,"36","NY","layernorm_full",62,1.40859973530573,0.501933156167672,"gauss_adaptive",TRUE
"states-kernel",NA,1003,6.04808423582694,7.23258626102864,0.755913867212681,NA,NA,NA,0.735313040578609,"gaussian",1,NA,NA,NA,NA,NA,NA,NA,NA,NA,NA,NA,NA,"36","NY","layernorm_full",62,-1.93128320041798,0.519695366371148,"gauss_adaptive",TRUE
"states-kernel",NA,1004,4.9217315106212,6.12770544374367,0.819151509769078,NA,NA,NA,0.810005485400193,"gaussian",1,NA,NA,NA,NA,NA,NA,NA,NA,NA,NA,NA,NA,"36","NY","layernorm_full",62,-1.04550532411455,0.450172741401232,"gauss_adaptive",TRUE
"states-kernel",NA,1005,5.10967553778992,6.69810256479728,0.802361915914964,NA,NA,NA,0.772987961932958,"gaussian",1,NA,NA,NA,NA,NA,NA,NA,NA,NA,NA,NA,NA,"36","NY","layernorm_full",62,-1.55387337808736,0.489154675108761,"gauss_adaptive",TRUE
"states-kernel",NA,1001,4.71233298776215,6.11855755515611,0.895483772572113,NA,NA,NA,0.809741847096525,"gaussian",1,NA,NA,NA,NA,NA,NA,NA,NA,NA,NA,NA,NA,"37","NC","layernorm_full",100,3.73439244340997,0.311087651145953,"gauss_adaptive",TRUE
"states-kernel",NA,1002,3.81657559846585,5.24106089772846,0.896295642119461,NA,NA,NA,0.860400588088774,"gaussian",1,NA,NA,NA,NA,NA,NA,NA,NA,NA,NA,NA,NA,"37","NC","layernorm_full",100,2.54351243277865,0.21111579877321,"gauss_adaptive",TRUE
"states-kernel",NA,1003,5.48954109141004,6.83752815870703,0.901810416802486,NA,NA,NA,0.762401643304249,"gaussian",1,NA,NA,NA,NA,NA,NA,NA,NA,NA,NA,NA,NA,"37","NC","layernorm_full",100,5.16100359293148,0.195120790346383,"gauss_adaptive",TRUE
"states-kernel",NA,1004,4.52904551992089,5.99659576880388,0.888311835163017,NA,NA,NA,0.817251119663296,"gaussian",1,NA,NA,NA,NA,NA,NA,NA,NA,NA,NA,NA,NA,"37","NC","layernorm_full",100,3.72720657323506,0.186920871595309,"gauss_adaptive",TRUE
"states-kernel",NA,1005,4.32864685205716,5.72891157159058,0.890551039944948,NA,NA,NA,0.833202547115087,"gaussian",1,NA,NA,NA,NA,NA,NA,NA,NA,NA,NA,NA,NA,"37","NC","layernorm_full",100,3.0353558526365,0.22932947590585,"gauss_adaptive",TRUE
"states-kernel",NA,1001,7.37086981093481,9.33598080794473,0.577858122415141,NA,NA,NA,0.477928086294129,"gaussian",1,NA,NA,NA,NA,NA,NA,NA,NA,NA,NA,NA,NA,"38","ND","layernorm_full",53,-4.06936411053962,0.114637266331924,"gauss_adaptive",TRUE
"states-kernel",NA,1002,7.08410390261608,8.65345417898836,0.697914041667546,NA,NA,NA,0.55147213803268,"gaussian",1,NA,NA,NA,NA,NA,NA,NA,NA,NA,NA,NA,NA,"38","ND","layernorm_full",53,-4.92449460651286,0.0622403006359428,"gauss_adaptive",TRUE
"states-kernel",NA,1003,7.01078032893221,8.38118922369486,0.731201942112958,NA,NA,NA,0.579252328588594,"gaussian",1,NA,NA,NA,NA,NA,NA,NA,NA,NA,NA,NA,NA,"38","ND","layernorm_full",53,-4.96617923495724,0.0738374661731932,"gauss_adaptive",TRUE
"states-kernel",NA,1004,5.90921333059355,7.7914555925402,0.662807492811606,NA,NA,NA,0.636380111961656,"gaussian",1,NA,NA,NA,NA,NA,NA,NA,NA,NA,NA,NA,NA,"38","ND","layernorm_full",53,-1.94439984596815,0.000201169366658336,"gauss_adaptive",TRUE
"states-kernel",NA,1005,6.99978939995136,8.5600524187729,0.664401877291603,NA,NA,NA,0.561102327695311,"gaussian",1,NA,NA,NA,NA,NA,NA,NA,NA,NA,NA,NA,NA,"38","ND","layernorm_full",53,-4.11133374922474,0.0374351472951623,"gauss_adaptive",TRUE
"states-kernel",NA,1001,5.11586989334373,6.31236492141227,0.670474073719821,NA,NA,NA,0.665010933704687,"gaussian",1,NA,NA,NA,NA,NA,NA,NA,NA,NA,NA,NA,NA,"39","OH","layernorm_full",88,-0.740230031193736,0.632118030000156,"gauss_adaptive",TRUE
"states-kernel",NA,1002,4.60314058265128,5.55602747335372,0.740556769859397,NA,NA,NA,0.740477386556048,"gaussian",1,NA,NA,NA,NA,NA,NA,NA,NA,NA,NA,NA,NA,"39","OH","layernorm_full",88,-0.0606564205597501,0.615768440747897,"gauss_adaptive",TRUE
"states-kernel",NA,1003,5.11259602788046,6.4070990850902,0.658862277548619,NA,NA,NA,0.654880643822924,"gaussian",1,NA,NA,NA,NA,NA,NA,NA,NA,NA,NA,NA,NA,"39","OH","layernorm_full",88,-0.434807006487518,0.662075068656545,"gauss_adaptive",TRUE
"states-kernel",NA,1004,5.32544873408582,6.4084639928614,0.65704011443496,NA,NA,NA,0.654733586235817,"gaussian",1,NA,NA,NA,NA,NA,NA,NA,NA,NA,NA,NA,NA,"39","OH","layernorm_full",88,-0.446088951888458,0.672942197889708,"gauss_adaptive",TRUE
"states-kernel",NA,1005,4.38925753220588,5.29678391653786,0.765672147801245,NA,NA,NA,0.764130954716424,"gaussian",1,NA,NA,NA,NA,NA,NA,NA,NA,NA,NA,NA,NA,"39","OH","layernorm_full",88,0.236847368271976,0.607812661621451,"gauss_adaptive",TRUE
"states-kernel",NA,1001,2.86436031826377,3.73930262174962,0.753906804850742,NA,NA,NA,0.743868031591905,"gaussian",1,NA,NA,NA,NA,NA,NA,NA,NA,NA,NA,NA,NA,"40","OK","layernorm_full",77,-0.583580709027232,0.375582937095412,"gauss_adaptive",TRUE
"states-kernel",NA,1002,3.17424917528618,4.24151451410323,0.692831289712295,NA,NA,NA,0.670447603639003,"gaussian",1,NA,NA,NA,NA,NA,NA,NA,NA,NA,NA,NA,NA,"40","OK","layernorm_full",77,-0.33610604792079,0.342628748308411,"gauss_adaptive",TRUE
"states-kernel",NA,1003,3.44815487075736,4.66430600754709,0.713428374168711,NA,NA,NA,0.60147402837024,"gaussian",1,NA,NA,NA,NA,NA,NA,NA,NA,NA,NA,NA,NA,"40","OK","layernorm_full",77,-2.12354824559138,0.311379189203406,"gauss_adaptive",TRUE
"states-kernel",NA,1004,3.29536409037965,4.48183168916131,0.702706421855975,NA,NA,NA,0.632045901216148,"gaussian",1,NA,NA,NA,NA,NA,NA,NA,NA,NA,NA,NA,NA,"40","OK","layernorm_full",77,0.269098357862672,0.417180857404326,"gauss_adaptive",TRUE
"states-kernel",NA,1005,3.44400297383314,4.58103316495437,0.676491247312237,NA,NA,NA,0.615576940410647,"gaussian",1,NA,NA,NA,NA,NA,NA,NA,NA,NA,NA,NA,NA,"40","OK","layernorm_full",77,-1.51308007187936,0.41691371623113,"gauss_adaptive",TRUE
"states-kernel",NA,1001,4.31464964523781,5.49243453846336,0.907555545683674,NA,NA,NA,0.882273517717111,"gaussian",1,NA,NA,NA,NA,NA,NA,NA,NA,NA,NA,NA,NA,"41","OR","layernorm_full",36,-2.4246390630742,0.109927240782232,"gauss_adaptive",TRUE
"states-kernel",NA,1002,6.47962615889663,7.85467787516539,0.880472596907279,NA,NA,NA,0.759230679837556,"gaussian",1,NA,NA,NA,NA,NA,NA,NA,NA,NA,NA,NA,NA,"41","OR","layernorm_full",36,-5.45344119743157,0.401247356699824,"gauss_adaptive",TRUE
"states-kernel",NA,1003,5.23445514718193,6.43379311196982,0.863251956018794,NA,NA,NA,0.838460560683467,"gaussian",1,NA,NA,NA,NA,NA,NA,NA,NA,NA,NA,NA,NA,"41","OR","layernorm_full",36,-2.37360270813331,0.465908998338154,"gauss_adaptive",TRUE
"states-kernel",NA,1004,4.44687887230762,5.71227540053648,0.884707877218758,NA,NA,NA,0.872660639840857,"gaussian",1,NA,NA,NA,NA,NA,NA,NA,NA,NA,NA,NA,NA,"41","OR","layernorm_full",36,-0.0468794726819263,0.407649607370927,"gauss_adaptive",TRUE
"states-kernel",NA,1005,4.77763719985464,6.14826989168623,0.865445030053734,NA,NA,NA,0.852480226999838,"gaussian",1,NA,NA,NA,NA,NA,NA,NA,NA,NA,NA,NA,NA,"41","OR","layernorm_full",36,-1.49715299682831,0.459671473830402,"gauss_adaptive",TRUE
"states-kernel",NA,1001,7.25573785405753,8.6351328751969,0.773636567530503,NA,NA,NA,0.544229993036207,"gaussian",1,NA,NA,NA,NA,NA,NA,NA,NA,NA,NA,NA,NA,"42","PA","layernorm_full",67,5.9508611880274,0.52687696562511,"gauss_adaptive",TRUE
"states-kernel",NA,1002,7.72886471589738,9.0502052822394,0.75788172965875,NA,NA,NA,0.499361144514542,"gaussian",1,NA,NA,NA,NA,NA,NA,NA,NA,NA,NA,NA,NA,"42","PA","layernorm_full",67,6.45558793504716,0.500656157262449,"gauss_adaptive",TRUE
"states-kernel",NA,1003,6.39602923073117,7.97039301844129,0.808811687157094,NA,NA,NA,0.611700200536626,"gaussian",1,NA,NA,NA,NA,NA,NA,NA,NA,NA,NA,NA,NA,"42","PA","layernorm_full",67,5.303086403884,0.512350089362271,"gauss_adaptive",TRUE
"states-kernel",NA,1004,7.70142343272392,9.1533741164223,0.738443605169349,NA,NA,NA,0.487881907899062,"gaussian",1,NA,NA,NA,NA,NA,NA,NA,NA,NA,NA,NA,NA,"42","PA","layernorm_full",67,6.32120398099651,0.510774586146159,"gauss_adaptive",TRUE
"states-kernel",NA,1005,6.78369538369239,8.22684278925405,0.742377409870046,NA,NA,NA,0.586310889697322,"gaussian",1,NA,NA,NA,NA,NA,NA,NA,NA,NA,NA,NA,NA,"42","PA","layernorm_full",67,4.9835485426338,0.52506223380533,"gauss_adaptive",TRUE
"states-kernel",NA,1001,5.81490814308183,6.96312447496979,0.875378655313194,NA,NA,NA,0.70705658900861,"gaussian",1,NA,NA,NA,NA,NA,NA,NA,NA,NA,NA,NA,NA,"45","SC","layernorm_full",46,-5.24673436461953,0.325545188386588,"gauss_adaptive",TRUE
"states-kernel",NA,1002,4.55615025185421,5.71061284138287,0.851815482807447,NA,NA,NA,0.80296614628388,"gaussian",1,NA,NA,NA,NA,NA,NA,NA,NA,NA,NA,NA,NA,"45","SC","layernorm_full",46,-2.79458144269283,0.337387322403146,"gauss_adaptive",TRUE
"states-kernel",NA,1003,5.32379889837937,6.61006764171326,0.871867335084409,NA,NA,NA,0.736010153268246,"gaussian",1,NA,NA,NA,NA,NA,NA,NA,NA,NA,NA,NA,NA,"45","SC","layernorm_full",46,-4.56245376541281,0.341283604650544,"gauss_adaptive",TRUE
"states-kernel",NA,1004,6.89730878349281,8.54105494838946,0.84421518248442,NA,NA,NA,0.559243781620186,"gaussian",1,NA,NA,NA,NA,NA,NA,NA,NA,NA,NA,NA,NA,"45","SC","layernorm_full",46,-6.67698209951746,0.403461417481287,"gauss_adaptive",TRUE
"states-kernel",NA,1005,5.77635099410272,7.80236681110292,0.796101082504759,NA,NA,NA,0.632186094409759,"gaussian",1,NA,NA,NA,NA,NA,NA,NA,NA,NA,NA,NA,NA,"45","SC","layernorm_full",46,-4.72191837180741,0.377284497289148,"gauss_adaptive",TRUE
"states-kernel",NA,1001,7.92054101128012,11.468686978114,0.594166136405702,NA,NA,NA,0.386780083353848,"gaussian",1,NA,NA,NA,NA,NA,NA,NA,NA,NA,NA,NA,NA,"46","SD","layernorm_full",66,6.25381537281332,0.0711417112056993,"gauss_adaptive",TRUE
"states-kernel",NA,1002,6.86635407284358,9.42118141420552,0.691559527764736,NA,NA,NA,0.586191329468503,"gaussian",1,NA,NA,NA,NA,NA,NA,NA,NA,NA,NA,NA,NA,"46","SD","layernorm_full",66,4.68903636693423,0.206331701919384,"gauss_adaptive",TRUE
"states-kernel",NA,1003,7.36261223055919,10.1171747787451,0.674243840693175,NA,NA,NA,0.522792392675296,"gaussian",1,NA,NA,NA,NA,NA,NA,NA,NA,NA,NA,NA,NA,"46","SD","layernorm_full",66,5.4375898565876,0.22517862553179,"gauss_adaptive",TRUE
"states-kernel",NA,1004,10.5007466509622,14.3459954166344,0.485323133872793,NA,NA,NA,0.0404884024315783,"gaussian",1,NA,NA,NA,NA,NA,NA,NA,NA,NA,NA,NA,NA,"46","SD","layernorm_full",66,9.68069924372119,0.118620732655493,"gauss_adaptive",TRUE
"states-kernel",NA,1005,9.00756290334281,13.7722404784155,0.377177771259812,NA,NA,NA,0.115703211855827,"gaussian",1,NA,NA,NA,NA,NA,NA,NA,NA,NA,NA,NA,NA,"46","SD","layernorm_full",66,7.4647434649226,0.146939453020876,"gauss_adaptive",TRUE
"states-kernel",NA,1001,3.69641941348266,4.38178657236837,0.776667167949705,NA,NA,NA,0.774925205221173,"gaussian",1,NA,NA,NA,NA,NA,NA,NA,NA,NA,NA,NA,NA,"47","TN","layernorm_full",95,0.20250356852398,0.472668557634895,"gauss_adaptive",TRUE
"states-kernel",NA,1002,3.71790783170505,4.46083921916422,0.774149398747185,NA,NA,NA,0.766730712299428,"gaussian",1,NA,NA,NA,NA,NA,NA,NA,NA,NA,NA,NA,NA,"47","TN","layernorm_full",95,0.708042701865321,0.469999221941004,"gauss_adaptive",TRUE
"states-kernel",NA,1003,3.37402940173766,4.11614354426881,0.805142240928933,NA,NA,NA,0.801388017741598,"gaussian",1,NA,NA,NA,NA,NA,NA,NA,NA,NA,NA,NA,NA,"47","TN","layernorm_full",95,0.345900871449641,0.437955317427225,"gauss_adaptive",TRUE
"states-kernel",NA,1004,3.62474489946319,4.29551210599841,0.790152218470831,NA,NA,NA,0.783701096830722,"gaussian",1,NA,NA,NA,NA,NA,NA,NA,NA,NA,NA,NA,NA,"47","TN","layernorm_full",95,0.649921222666656,0.451283489179487,"gauss_adaptive",TRUE
"states-kernel",NA,1005,3.26799218504054,3.91401570959997,0.82485550845464,NA,NA,NA,0.820415209905902,"gaussian",1,NA,NA,NA,NA,NA,NA,NA,NA,NA,NA,NA,NA,"47","TN","layernorm_full",95,0.361805822706459,0.384423813462793,"gauss_adaptive",TRUE
"states-kernel",NA,1001,7.22334782987151,13.2582673513313,0.469862049714296,NA,NA,NA,0.355740769673074,"gaussian",1,NA,NA,NA,NA,NA,NA,NA,NA,NA,NA,NA,NA,"48","TX","layernorm_full",254,4.91999024282404,0.728160246366226,"gauss_adaptive",TRUE
"states-kernel",NA,1002,7.40004999215867,12.7505242218235,0.542510913781732,NA,NA,NA,0.404141435351103,"gaussian",1,NA,NA,NA,NA,NA,NA,NA,NA,NA,NA,NA,NA,"48","TX","layernorm_full",254,4.21154124820639,0.709824385530535,"gauss_adaptive",TRUE
"states-kernel",NA,1003,7.89963425479281,14.2598840519812,0.395746210297657,NA,NA,NA,0.254720640872976,"gaussian",1,NA,NA,NA,NA,NA,NA,NA,NA,NA,NA,NA,NA,"48","TX","layernorm_full",254,5.56036066376121,0.730623591365437,"gauss_adaptive",TRUE
"states-kernel",NA,1004,6.85684190729405,12.4846797829842,0.517836057447541,NA,NA,NA,0.42872933911692,"gaussian",1,NA,NA,NA,NA,NA,NA,NA,NA,NA,NA,NA,NA,"48","TX","layernorm_full",254,2.87457084557588,0.731271200107358,"gauss_adaptive",TRUE
"states-kernel",NA,1005,7.25480290228407,13.9819156515701,0.367551532744455,NA,NA,NA,0.283492962171843,"gaussian",1,NA,NA,NA,NA,NA,NA,NA,NA,NA,NA,NA,NA,"48","TX","layernorm_full",254,4.38680324860127,0.779474159517244,"gauss_adaptive",TRUE
"states-kernel",NA,1001,7.78707864212348,9.86787145904527,0.515543060141001,NA,NA,NA,0.509669198615484,"gaussian",1,NA,NA,NA,NA,NA,NA,NA,NA,NA,NA,NA,NA,"49","UT","layernorm_full",29,0.821395992230074,-0.0258072992570491,"gauss_adaptive",TRUE
"states-kernel",NA,1002,6.87413121302627,8.26813583915421,0.744485912089347,NA,NA,NA,0.65576310607916,"gaussian",1,NA,NA,NA,NA,NA,NA,NA,NA,NA,NA,NA,NA,"49","UT","layernorm_full",29,-2.63641984672507,-0.0439556422356578,"gauss_adaptive",TRUE
"states-kernel",NA,1003,8.00172052930535,9.52588372011362,0.628367201667714,NA,NA,NA,0.543066752013137,"gaussian",1,NA,NA,NA,NA,NA,NA,NA,NA,NA,NA,NA,NA,"49","UT","layernorm_full",29,-4.11554861504884,-0.0572895325428554,"gauss_adaptive",TRUE
"states-kernel",NA,1004,6.77280879045435,8.60869733283198,0.700362415009269,NA,NA,NA,0.626821094863121,"gaussian",1,NA,NA,NA,NA,NA,NA,NA,NA,NA,NA,NA,NA,"49","UT","layernorm_full",29,2.37096256181855,-0.0223411065632376,"gauss_adaptive",TRUE
"states-kernel",NA,1005,7.05350282776969,9.27119211418423,0.583738266737983,NA,NA,NA,0.567173972138131,"gaussian",1,NA,NA,NA,NA,NA,NA,NA,NA,NA,NA,NA,NA,"49","UT","layernorm_full",29,1.81096825630382,0.00473061737135282,"gauss_adaptive",TRUE
"states-kernel",NA,1001,4.46646842781279,5.97688599037107,0.894393962873732,NA,NA,NA,0.878444428122131,"gaussian",1,NA,NA,NA,NA,NA,NA,NA,NA,NA,NA,NA,NA,"51","VA","layernorm_full",133,1.12408637187186,0.176847030904823,"gauss_adaptive",TRUE
"states-kernel",NA,1002,4.84092523314738,6.37699134908451,0.866412864214696,NA,NA,NA,0.861625334794136,"gaussian",1,NA,NA,NA,NA,NA,NA,NA,NA,NA,NA,NA,NA,"51","VA","layernorm_full",133,1.14733688373093,0.284833245145931,"gauss_adaptive",TRUE
"states-kernel",NA,1003,4.30362784038328,5.95273721604528,0.88380737060537,NA,NA,NA,0.879424700459385,"gaussian",1,NA,NA,NA,NA,NA,NA,NA,NA,NA,NA,NA,NA,"51","VA","layernorm_full",133,0.134664281613218,0.166129758744694,"gauss_adaptive",TRUE
"states-kernel",NA,1004,4.37038904730683,6.06865283550799,0.875501847319513,NA,NA,NA,0.874683136899045,"gaussian",1,NA,NA,NA,NA,NA,NA,NA,NA,NA,NA,NA,NA,"51","VA","layernorm_full",133,0.224323974756573,0.138895943690215,"gauss_adaptive",TRUE
"states-kernel",NA,1005,4.45268883687047,6.02939610587852,0.885673017149329,NA,NA,NA,0.876299185365422,"gaussian",1,NA,NA,NA,NA,NA,NA,NA,NA,NA,NA,NA,NA,"51","VA","layernorm_full",133,0.625486278695394,0.108239550297758,"gauss_adaptive",TRUE
"states-kernel",NA,1001,6.27317503186605,7.83013767919793,0.719370436234288,NA,NA,NA,0.621510988565009,"gaussian",1,NA,NA,NA,NA,NA,NA,NA,NA,NA,NA,NA,NA,"53","WA","layernorm_full",39,3.91763879170255,0.368365239227673,"gauss_adaptive",TRUE
"states-kernel",NA,1002,6.56243437757076,8.13875232701399,0.702346013152325,NA,NA,NA,0.591087728977729,"gaussian",1,NA,NA,NA,NA,NA,NA,NA,NA,NA,NA,NA,NA,"53","WA","layernorm_full",39,4.18630819624206,0.3049968621664,"gauss_adaptive",TRUE
"states-kernel",NA,1003,6.95243246465992,8.52776600973507,0.699309541476352,NA,NA,NA,0.551063383383766,"gaussian",1,NA,NA,NA,NA,NA,NA,NA,NA,NA,NA,NA,NA,"53","WA","layernorm_full",39,4.89776823445815,0.233982105347014,"gauss_adaptive",TRUE
"states-kernel",NA,1004,7.10665013214681,8.4706019450543,0.813305766265171,NA,NA,NA,0.557061912984821,"gaussian",1,NA,NA,NA,NA,NA,NA,NA,NA,NA,NA,NA,NA,"53","WA","layernorm_full",39,6.3190206830309,0.122731798350922,"gauss_adaptive",TRUE
"states-kernel",NA,1005,6.38672066894476,7.97392878585403,0.715092344127506,NA,NA,NA,0.607482355624293,"gaussian",1,NA,NA,NA,NA,NA,NA,NA,NA,NA,NA,NA,NA,"53","WA","layernorm_full",39,4.17337633246678,0.154122461996111,"gauss_adaptive",TRUE
"states-kernel",NA,1001,3.26224355869903,4.29194324064235,0.593122182750671,NA,NA,NA,0.59176211334771,"gaussian",1,NA,NA,NA,NA,NA,NA,NA,NA,NA,NA,NA,NA,"54","WV","layernorm_full",55,-0.178356574973053,0.233347377276265,"gauss_adaptive",TRUE
"states-kernel",NA,1002,3.68142857264647,4.78849466411038,0.522215132578362,NA,NA,NA,0.491836599243429,"gaussian",1,NA,NA,NA,NA,NA,NA,NA,NA,NA,NA,NA,NA,"54","WV","layernorm_full",55,0.829530795340497,0.395539206594495,"gauss_adaptive",TRUE
"states-kernel",NA,1003,4.58795847088791,5.42877187011181,0.592642836482519,NA,NA,NA,0.346856587317833,"gaussian",1,NA,NA,NA,NA,NA,NA,NA,NA,NA,NA,NA,NA,"54","WV","layernorm_full",55,-3.27564857218961,0.299499757413029,"gauss_adaptive",TRUE
"states-kernel",NA,1004,3.48784007153905,4.39621811980496,0.62337618111478,NA,NA,NA,0.571684460505941,"gaussian",1,NA,NA,NA,NA,NA,NA,NA,NA,NA,NA,NA,NA,"54","WV","layernorm_full",55,-1.49780485630839,0.226759520676528,"gauss_adaptive",TRUE
"states-kernel",NA,1005,3.38112909397444,4.47048404291986,0.579966583711357,NA,NA,NA,0.557091040852861,"gaussian",1,NA,NA,NA,NA,NA,NA,NA,NA,NA,NA,NA,NA,"54","WV","layernorm_full",55,0.962092718060834,0.294556561104605,"gauss_adaptive",TRUE
"states-kernel",NA,1001,9.58776208266275,12.4101942935474,0.268177296801471,NA,NA,NA,-0.554277248562846,"gaussian",1,NA,NA,NA,NA,NA,NA,NA,NA,NA,NA,NA,NA,"55","WI","layernorm_full",72,8.43149052431854,0.476351458535806,"gauss_adaptive",TRUE
"states-kernel",NA,1002,9.13150323998917,12.166484247995,0.249506742313483,NA,NA,NA,-0.493831195500717,"gaussian",1,NA,NA,NA,NA,NA,NA,NA,NA,NA,NA,NA,NA,"55","WI","layernorm_full",72,7.88135887671668,0.397348418029148,"gauss_adaptive",TRUE
"states-kernel",NA,1003,9.28264202284563,12.2703835498288,0.177158893271049,NA,NA,NA,-0.519454167191243,"gaussian",1,NA,NA,NA,NA,NA,NA,NA,NA,NA,NA,NA,NA,"55","WI","layernorm_full",72,6.7472519503325,0.486694542661167,"gauss_adaptive",TRUE
"states-kernel",NA,1004,9.53756884998041,12.6095601271548,0.193989631289102,NA,NA,NA,-0.604616308817703,"gaussian",1,NA,NA,NA,NA,NA,NA,NA,NA,NA,NA,NA,NA,"55","WI","layernorm_full",72,7.74986704564119,0.491703722452614,"gauss_adaptive",TRUE
"states-kernel",NA,1005,8.73972487802377,11.572023275229,0.244974642985388,NA,NA,NA,-0.351418703267951,"gaussian",1,NA,NA,NA,NA,NA,NA,NA,NA,NA,NA,NA,NA,"55","WI","layernorm_full",72,6.98071901161039,0.470938605199173,"gauss_adaptive",TRUE
"states-kernel",NA,1001,5.69798958803401,7.64996353509059,0.859637702100211,NA,NA,NA,0.646449472926536,"gaussian",1,NA,NA,NA,NA,NA,NA,NA,NA,NA,NA,NA,NA,"56","WY","layernorm_full",23,3.95717395695387,0.303991292635354,"gauss_adaptive",TRUE
"states-kernel",NA,1002,4.02075193678069,5.32077801408713,0.90354430835247,NA,NA,NA,0.82896576890196,"gaussian",1,NA,NA,NA,NA,NA,NA,NA,NA,NA,NA,NA,NA,"56","WY","layernorm_full",23,0.828682601869095,0.328644255533398,"gauss_adaptive",TRUE
"states-kernel",NA,1003,4.66560053795427,5.79153446487246,0.870900525598909,NA,NA,NA,0.797362392467056,"gaussian",1,NA,NA,NA,NA,NA,NA,NA,NA,NA,NA,NA,NA,"56","WY","layernorm_full",23,-2.69570537362384,-0.00610541427816826,"gauss_adaptive",TRUE
"states-kernel",NA,1004,4.62256113604112,6.35308749860958,0.813674113078781,NA,NA,NA,0.75616141329446,"gaussian",1,NA,NA,NA,NA,NA,NA,NA,NA,NA,NA,NA,NA,"56","WY","layernorm_full",23,-0.232830676591033,0.166927674788449,"gauss_adaptive",TRUE
"states-kernel",NA,1005,3.16466959796832,3.82882291062736,0.932459024251608,NA,NA,NA,0.911434756921061,"gaussian",1,NA,NA,NA,NA,NA,NA,NA,NA,NA,NA,NA,NA,"56","WY","layernorm_full",23,0.0966445004118956,-0.0375117018469777,"gauss_adaptive",TRUE
"kc-ames-final",NA,1001,0.260374531551196,0.331226557308377,0.635089217053712,0.207952062841569,0.809168521650906,NA,0.33959578695948,NA,NA,NA,NA,NA,NA,NA,NA,NA,NA,NA,NA,NA,NA,NA,NA,NA,NA,NA,NA,NA,NA
"kc-ames-final",NA,1002,0.272420860726328,0.361649822550656,0.282199804253072,0.103538558693164,0.880392176434934,NA,0.212707622751754,NA,NA,NA,NA,NA,NA,NA,NA,NA,NA,NA,NA,NA,NA,NA,NA,NA,NA,NA,NA,NA,NA
"kc-ames-final",NA,1003,0.199231725009484,0.258228562384558,0.645345740167134,0.0317237141805962,0.799051793628012,NA,0.598608576503274,NA,NA,NA,NA,NA,NA,NA,NA,NA,NA,NA,NA,NA,NA,NA,NA,NA,NA,NA,NA,NA,NA
"kc-ames-final",NA,1004,0.209889233331562,0.273810837884341,0.636352540029235,0.120552245072969,1.02188115162173,NA,0.548704708622607,NA,NA,NA,NA,NA,NA,NA,NA,NA,NA,NA,NA,NA,NA,NA,NA,NA,NA,NA,NA,NA,NA
"kc-ames-final",NA,1005,0.20517468890813,0.274245461313324,0.670210968519698,0.136441619352854,1.14690378582921,NA,0.547270878032981,NA,NA,NA,NA,NA,NA,NA,NA,NA,NA,NA,NA,NA,NA,NA,NA,NA,NA,NA,NA,NA,NA
"kc-ames-final",NA,1006,0.230571829319769,0.291841824122419,0.639484957688563,0.158470624507923,1.04390239494646,NA,0.487310295669595,NA,NA,NA,NA,NA,NA,NA,NA,NA,NA,NA,NA,NA,NA,NA,NA,NA,NA,NA,NA,NA,NA
"kc-ames-final",NA,1007,0.248653432059251,0.314742654046389,0.594536532231734,-0.14096635492207,1.53027700555998,NA,0.403691858126719,NA,NA,NA,NA,NA,NA,NA,NA,NA,NA,NA,NA,NA,NA,NA,NA,NA,NA,NA,NA,NA,NA
"kc-ames-final",NA,1008,0.208550359770443,0.273988401254499,0.700129844674005,0.153664094626382,0.893340426966416,NA,0.548119198594214,NA,NA,NA,NA,NA,NA,NA,NA,NA,NA,NA,NA,NA,NA,NA,NA,NA,NA,NA,NA,NA,NA
"kc-ames-final",NA,1009,0.22487543870106,0.288730847353617,0.540733244722063,-0.0795123676740828,0.915114047956104,NA,0.498182381965058,NA,NA,NA,NA,NA,NA,NA,NA,NA,NA,NA,NA,NA,NA,NA,NA,NA,NA,NA,NA,NA,NA
"kc-ames-final",NA,1010,0.197110301714384,0.260499148342209,0.646503879447858,0.0751877544428708,0.847036054248517,NA,0.591518728405945,NA,NA,NA,NA,NA,NA,NA,NA,NA,NA,NA,NA,NA,NA,NA,NA,NA,NA,NA,NA,NA,NA
"kc-ames-final",NA,1011,0.210321149779314,0.277434747718381,0.591550148823601,0.0573282438015674,0.803813663186499,NA,0.536679792879793,NA,NA,NA,NA,NA,NA,NA,NA,NA,NA,NA,NA,NA,NA,NA,NA,NA,NA,NA,NA,NA,NA
"kc-ames-final",NA,1012,0.189283697981739,0.251741127832468,0.622674498196726,0.0259613090496725,0.981432699110609,NA,0.618523419558645,NA,NA,NA,NA,NA,NA,NA,NA,NA,NA,NA,NA,NA,NA,NA,NA,NA,NA,NA,NA,NA,NA
"kc-ames-final",NA,1013,0.248271347378318,0.32501168639051,0.520732985226052,0.145259001938016,1.31408666250647,NA,0.364145882291718,NA,NA,NA,NA,NA,NA,NA,NA,NA,NA,NA,NA,NA,NA,NA,NA,NA,NA,NA,NA,NA,NA
"kc-ames-final",NA,1014,0.203820039857721,0.268245311142594,0.643591375669675,-0.00745102361372249,0.743572844781349,NA,0.566864467722474,NA,NA,NA,NA,NA,NA,NA,NA,NA,NA,NA,NA,NA,NA,NA,NA,NA,NA,NA,NA,NA,NA
"kc-ames-final",NA,1015,0.237819219333405,0.316610508553282,0.639711727982961,0.189929634257643,0.831933358365681,NA,0.396593221611114,NA,NA,NA,NA,NA,NA,NA,NA,NA,NA,NA,NA,NA,NA,NA,NA,NA,NA,NA,NA,NA,NA
"kc-ames-final",NA,1016,0.224894112549379,0.302247829547532,0.520839129074052,0.0270552173504805,1.55613063834958,NA,0.450097219589959,NA,NA,NA,NA,NA,NA,NA,NA,NA,NA,NA,NA,NA,NA,NA,NA,NA,NA,NA,NA,NA,NA
"kc-ames-final",NA,1017,0.174901544753318,0.23809513603513,0.684302580078921,0.0503901395851386,1.14038274399483,NA,0.65875949128536,NA,NA,NA,NA,NA,NA,NA,NA,NA,NA,NA,NA,NA,NA,NA,NA,NA,NA,NA,NA,NA,NA
"kc-ames-final",NA,1018,0.216271142951878,0.283532661526806,0.645384844090359,0.089238916915991,0.737801174633608,NA,0.516088745119343,NA,NA,NA,NA,NA,NA,NA,NA,NA,NA,NA,NA,NA,NA,NA,NA,NA,NA,NA,NA,NA,NA
"kc-ames-final",NA,1019,0.232966387986939,0.296715881337781,0.694619976743116,0.175623853832687,1.3106968654063,NA,0.470042408323493,NA,NA,NA,NA,NA,NA,NA,NA,NA,NA,NA,NA,NA,NA,NA,NA,NA,NA,NA,NA,NA,NA
"kc-ames-final",NA,1020,0.303256198464939,0.357543022915656,0.708776271995069,0.280317631548544,1.0955522138186,NA,0.230486666843287,NA,NA,NA,NA,NA,NA,NA,NA,NA,NA,NA,NA,NA,NA,NA,NA,NA,NA,NA,NA,NA,NA
"kc-ames-final",NA,1021,0.194045832754608,0.260803820042179,0.688552234927381,0.102232771649728,1.29213156390019,NA,0.590562675672502,NA,NA,NA,NA,NA,NA,NA,NA,NA,NA,NA,NA,NA,NA,NA,NA,NA,NA,NA,NA,NA,NA
"kc-ames-final",NA,1022,0.201689539817877,0.262276262837985,0.601454556941486,-0.0487155108747577,1.05029412482229,NA,0.585926433114398,NA,NA,NA,NA,NA,NA,NA,NA,NA,NA,NA,NA,NA,NA,NA,NA,NA,NA,NA,NA,NA,NA
"kc-ames-final",NA,1023,0.236065544572228,0.299671836344159,0.669188789714196,0.184295448345536,1.09891777049409,NA,0.459430681930192,NA,NA,NA,NA,NA,NA,NA,NA,NA,NA,NA,NA,NA,NA,NA,NA,NA,NA,NA,NA,NA,NA
"kc-ames-final",NA,1024,0.167206345900118,0.225404355014562,0.694083333598456,0.000743634932684007,0.995035961797078,NA,0.694167144726143,NA,NA,NA,NA,NA,NA,NA,NA,NA,NA,NA,NA,NA,NA,NA,NA,NA,NA,NA,NA,NA,NA
"kc-ames-final",NA,1025,0.20973609616376,0.27108334119117,0.675025307512835,0.135067336311176,0.903653777325776,NA,0.557650853665539,NA,NA,NA,NA,NA,NA,NA,NA,NA,NA,NA,NA,NA,NA,NA,NA,NA,NA,NA,NA,NA,NA
"kc-ames-final",NA,1026,0.201509013600204,0.272002894570934,0.630070804615207,0.0692722098202579,1.3739992677334,NA,0.554644740852138,NA,NA,NA,NA,NA,NA,NA,NA,NA,NA,NA,NA,NA,NA,NA,NA,NA,NA,NA,NA,NA,NA
"kc-ames-final",NA,1027,0.237164597711504,0.299393671283243,0.640719725460761,0.150643646434655,0.792695116813741,NA,0.460433763909094,NA,NA,NA,NA,NA,NA,NA,NA,NA,NA,NA,NA,NA,NA,NA,NA,NA,NA,NA,NA,NA,NA
"kc-ames-final",NA,1028,0.22441386633317,0.297532975411764,0.694249124956082,0.139023858749343,0.714424112431809,NA,0.467119602597506,NA,NA,NA,NA,NA,NA,NA,NA,NA,NA,NA,NA,NA,NA,NA,NA,NA,NA,NA,NA,NA,NA
"kc-ames-final",NA,1029,0.199212941276034,0.27054971376636,0.586240573104509,0.00280827329630722,1.27294410701387,NA,0.559390667724141,NA,NA,NA,NA,NA,NA,NA,NA,NA,NA,NA,NA,NA,NA,NA,NA,NA,NA,NA,NA,NA,NA
"kc-ames-final",NA,1030,0.215614971642556,0.287370171338115,0.671474568162336,0.167174584400894,0.97457000278702,NA,0.502900979175302,NA,NA,NA,NA,NA,NA,NA,NA,NA,NA,NA,NA,NA,NA,NA,NA,NA,NA,NA,NA,NA,NA
"brow-sd-final","GraphSAGE",1001,0.364254663132881,0.489579051436388,0.709904649368349,-0.163093156268937,1.01865551949169,NA,0.673424811737819,"gaussian",0.02,NA,NA,NA,NA,NA,NA,NA,NA,NA,NA,NA,NA,NA,NA,NA,NA,NA,NA,NA,FALSE
"brow-sd-final","GraphSAGE",1002,0.366625128457756,0.492560367805628,0.712108618856539,-0.176692222218352,0.986380280611423,NA,0.669435309254737,"gaussian",0.02,NA,NA,NA,NA,NA,NA,NA,NA,NA,NA,NA,NA,NA,NA,NA,NA,NA,NA,NA,FALSE
"brow-sd-final","GraphSAGE",1003,0.364456904759431,0.490526833118269,0.714399413838514,-0.174092447486394,1.03774857635429,NA,0.67215914653481,"gaussian",0.02,NA,NA,NA,NA,NA,NA,NA,NA,NA,NA,NA,NA,NA,NA,NA,NA,NA,NA,NA,FALSE
"brow-sd-final","GraphSAGE",1004,0.367823224686653,0.494520404510216,0.707628037365961,-0.172893066053449,0.988204447299332,NA,0.666799254485976,"gaussian",0.02,NA,NA,NA,NA,NA,NA,NA,NA,NA,NA,NA,NA,NA,NA,NA,NA,NA,NA,NA,FALSE
"brow-sd-final","GraphSAGE",1005,0.368762089219141,0.494002167096864,0.708931551925964,-0.173957971584386,1.01721649253713,NA,0.667497250409292,"gaussian",0.02,NA,NA,NA,NA,NA,NA,NA,NA,NA,NA,NA,NA,NA,NA,NA,NA,NA,NA,NA,FALSE
"brow-sd-final","GraphSAGE",1006,0.364845275561301,0.492319193672204,0.709788418362159,-0.171355144510909,1.00570751973927,NA,0.669758941200582,"gaussian",0.02,NA,NA,NA,NA,NA,NA,NA,NA,NA,NA,NA,NA,NA,NA,NA,NA,NA,NA,NA,FALSE
"brow-sd-final","GraphSAGE",1007,0.362750318703163,0.488650090536181,0.71208188798788,-0.165405282740115,1.01434010228882,NA,0.674662968301738,"gaussian",0.02,NA,NA,NA,NA,NA,NA,NA,NA,NA,NA,NA,NA,NA,NA,NA,NA,NA,NA,NA,FALSE
"brow-sd-final","GraphSAGE",1008,0.365362206497099,0.488813628773976,0.711530123717626,-0.164838065057753,1.00954306932518,NA,0.674445168493478,"gaussian",0.02,NA,NA,NA,NA,NA,NA,NA,NA,NA,NA,NA,NA,NA,NA,NA,NA,NA,NA,NA,FALSE
"brow-sd-final","GraphSAGE",1009,0.362579861518283,0.487211704103012,0.717757501047139,-0.172981321146344,1.02456123997841,NA,0.676575468225421,"gaussian",0.02,NA,NA,NA,NA,NA,NA,NA,NA,NA,NA,NA,NA,NA,NA,NA,NA,NA,NA,NA,FALSE
"brow-sd-final","GraphSAGE",1010,0.364080917826659,0.488057717462521,0.714417255205186,-0.168291299389836,1.02351868360291,NA,0.67545127914763,"gaussian",0.02,NA,NA,NA,NA,NA,NA,NA,NA,NA,NA,NA,NA,NA,NA,NA,NA,NA,NA,NA,FALSE
"brow-sd-final","GraphSAGE",1011,0.363839786549311,0.488514980711324,0.716663186203499,-0.174719274074762,1.01813760192573,NA,0.674842852244714,"gaussian",0.02,NA,NA,NA,NA,NA,NA,NA,NA,NA,NA,NA,NA,NA,NA,NA,NA,NA,NA,NA,FALSE
"brow-sd-final","GraphSAGE",1012,0.362344674278323,0.48851550406522,0.719496975372854,-0.180638141920284,1.0167885136092,NA,0.674842155552255,"gaussian",0.02,NA,NA,NA,NA,NA,NA,NA,NA,NA,NA,NA,NA,NA,NA,NA,NA,NA,NA,NA,FALSE
"brow-sd-final","GraphSAGE",1013,0.362091860808179,0.48744664167702,0.714558170629626,-0.166071757170903,1.03271509773501,NA,0.676263476972214,"gaussian",0.02,NA,NA,NA,NA,NA,NA,NA,NA,NA,NA,NA,NA,NA,NA,NA,NA,NA,NA,NA,FALSE
"brow-sd-final","GraphSAGE",1014,0.361321473115624,0.486699296103675,0.721474591121778,-0.178541012655036,1.03415141142964,NA,0.677255411535249,"gaussian",0.02,NA,NA,NA,NA,NA,NA,NA,NA,NA,NA,NA,NA,NA,NA,NA,NA,NA,NA,NA,FALSE
"brow-sd-final","GraphSAGE",1015,0.368459065298386,0.495812773183363,0.709590116826682,-0.180772572905399,1.00373623964493,NA,0.665055419912196,"gaussian",0.02,NA,NA,NA,NA,NA,NA,NA,NA,NA,NA,NA,NA,NA,NA,NA,NA,NA,NA,NA,FALSE
"brow-sd-final","GraphSAGE + LayerNorm",1001,0.356830747907003,0.480203683769095,0.717661085221959,-0.143352544407612,1.0790204776755,NA,0.685812785851698,"gaussian",0.02,NA,NA,NA,NA,NA,NA,NA,NA,NA,NA,NA,NA,NA,NA,NA,NA,NA,NA,NA,FALSE
"brow-sd-final","GraphSAGE + LayerNorm",1002,0.363336584162872,0.489073038144768,0.712784028290343,-0.164491181925349,1.05320110642579,NA,0.67409953826547,"gaussian",0.02,NA,NA,NA,NA,NA,NA,NA,NA,NA,NA,NA,NA,NA,NA,NA,NA,NA,NA,NA,FALSE
"brow-sd-final","GraphSAGE + LayerNorm",1003,0.357645696408914,0.482164801815884,0.718130810817211,-0.15412752934186,1.06300546678512,NA,0.683241308747303,"gaussian",0.02,NA,NA,NA,NA,NA,NA,NA,NA,NA,NA,NA,NA,NA,NA,NA,NA,NA,NA,NA,FALSE
"brow-sd-final","GraphSAGE + LayerNorm",1004,0.366629461868378,0.495814824826721,0.712341968229088,-0.179870151876924,1.07193380539302,NA,0.66505264794551,"gaussian",0.02,NA,NA,NA,NA,NA,NA,NA,NA,NA,NA,NA,NA,NA,NA,NA,NA,NA,NA,NA,FALSE
"brow-sd-final","GraphSAGE + LayerNorm",1005,0.359876404216725,0.484277603774109,0.719310770185185,-0.161285124091425,1.07393087997097,NA,0.6804592115342,"gaussian",0.02,NA,NA,NA,NA,NA,NA,NA,NA,NA,NA,NA,NA,NA,NA,NA,NA,NA,NA,NA,FALSE
"brow-sd-final","GraphSAGE + LayerNorm",1006,0.357214510760175,0.4812630083664,0.716988473134789,-0.14338917538754,1.08655406354257,NA,0.684425069092849,"gaussian",0.02,NA,NA,NA,NA,NA,NA,NA,NA,NA,NA,NA,NA,NA,NA,NA,NA,NA,NA,NA,FALSE
"brow-sd-final","GraphSAGE + LayerNorm",1007,0.360372206619143,0.484942661059845,0.721229168703408,-0.16898184263886,1.06571223802613,NA,0.679580959682152,"gaussian",0.02,NA,NA,NA,NA,NA,NA,NA,NA,NA,NA,NA,NA,NA,NA,NA,NA,NA,NA,NA,FALSE
"brow-sd-final","GraphSAGE + LayerNorm",1008,0.357004937575447,0.481615973614028,0.722067949980689,-0.161197870627366,1.06515330201963,NA,0.683962004913356,"gaussian",0.02,NA,NA,NA,NA,NA,NA,NA,NA,NA,NA,NA,NA,NA,NA,NA,NA,NA,NA,NA,FALSE
"brow-sd-final","GraphSAGE + LayerNorm",1009,0.361269875542508,0.488121239660034,0.71471785338051,-0.156574840329657,1.10038689440574,NA,0.675366791642028,"gaussian",0.02,NA,NA,NA,NA,NA,NA,NA,NA,NA,NA,NA,NA,NA,NA,NA,NA,NA,NA,NA,FALSE
"brow-sd-final","GraphSAGE + LayerNorm",1010,0.357677147004017,0.481818162801813,0.71879904791826,-0.147905670235487,1.09389788295475,NA,0.683696594785842,"gaussian",0.02,NA,NA,NA,NA,NA,NA,NA,NA,NA,NA,NA,NA,NA,NA,NA,NA,NA,NA,NA,FALSE
"brow-sd-final","GraphSAGE + LayerNorm",1011,0.358464325697551,0.483229907118092,0.727084192182933,-0.174582474532353,1.07699528961115,NA,0.681840318881787,"gaussian",0.02,NA,NA,NA,NA,NA,NA,NA,NA,NA,NA,NA,NA,NA,NA,NA,NA,NA,NA,NA,FALSE
"brow-sd-final","GraphSAGE + LayerNorm",1012,0.36310313558933,0.490882158413545,0.717578912962155,-0.178738687830831,1.06092341334642,NA,0.671684015180277,"gaussian",0.02,NA,NA,NA,NA,NA,NA,NA,NA,NA,NA,NA,NA,NA,NA,NA,NA,NA,NA,NA,FALSE
"brow-sd-final","GraphSAGE + LayerNorm",1013,0.361571205078954,0.485471703857394,0.721900128597187,-0.167237698601209,1.08989963350529,NA,0.678881463166138,"gaussian",0.02,NA,NA,NA,NA,NA,NA,NA,NA,NA,NA,NA,NA,NA,NA,NA,NA,NA,NA,NA,FALSE
"brow-sd-final","GraphSAGE + LayerNorm",1014,0.358430236194885,0.484593559541719,0.717454023658123,-0.159024359759404,1.06858972644607,NA,0.680042121464063,"gaussian",0.02,NA,NA,NA,NA,NA,NA,NA,NA,NA,NA,NA,NA,NA,NA,NA,NA,NA,NA,NA,FALSE
"brow-sd-final","GraphSAGE + LayerNorm",1015,0.357811798885358,0.48216500059802,0.71921545062773,-0.158636888690422,1.05088235441192,NA,0.683241047566969,"gaussian",0.02,NA,NA,NA,NA,NA,NA,NA,NA,NA,NA,NA,NA,NA,NA,NA,NA,NA,NA,NA,FALSE
"brow-sd-final","XGBoost + lags",1001,0.395940564092296,0.524125456686193,0.668367979024174,-0.171590448237456,0.941919534832698,NA,0.625710158285021,"gaussian",0.02,NA,NA,NA,NA,NA,NA,NA,NA,NA,NA,NA,NA,NA,NA,NA,NA,NA,NA,NA,FALSE
"brow-sd-final","XGBoost + lags",1002,0.393995017437931,0.523470995371122,0.669780307701792,-0.174106530685346,0.950269910669307,NA,0.626644305949639,"gaussian",0.02,NA,NA,NA,NA,NA,NA,NA,NA,NA,NA,NA,NA,NA,NA,NA,NA,NA,NA,NA,FALSE
"brow-sd-final","XGBoost + lags",1003,0.40808678594914,0.534159385116397,0.674783289829476,-0.202656951399199,0.904150190481796,NA,0.611242071425577,"gaussian",0.02,NA,NA,NA,NA,NA,NA,NA,NA,NA,NA,NA,NA,NA,NA,NA,NA,NA,NA,NA,FALSE
"brow-sd-final","XGBoost + lags",1004,0.394473825286704,0.521013782255418,0.673725678676442,-0.172406204710812,0.93661489115698,NA,0.630141199986571,"gaussian",0.02,NA,NA,NA,NA,NA,NA,NA,NA,NA,NA,NA,NA,NA,NA,NA,NA,NA,NA,NA,FALSE
"brow-sd-final","XGBoost + lags",1005,0.402041260100218,0.528942666757286,0.679400509010562,-0.200023010409985,0.913514780584632,NA,0.618798383393429,"gaussian",0.02,NA,NA,NA,NA,NA,NA,NA,NA,NA,NA,NA,NA,NA,NA,NA,NA,NA,NA,NA,FALSE
"brow-sd-final","XGBoost + lags",1006,0.406720860389933,0.537587695396137,0.663157901988022,-0.193808877782473,0.914857358849164,NA,0.606235851057164,"gaussian",0.02,NA,NA,NA,NA,NA,NA,NA,NA,NA,NA,NA,NA,NA,NA,NA,NA,NA,NA,NA,FALSE
"brow-sd-final","XGBoost + lags",1007,0.397788595776555,0.528764187204984,0.669684455981633,-0.187209926118701,0.9384930014418,NA,0.619055595448475,"gaussian",0.02,NA,NA,NA,NA,NA,NA,NA,NA,NA,NA,NA,NA,NA,NA,NA,NA,NA,NA,NA,FALSE
"brow-sd-final","XGBoost + lags",1008,0.406827613177555,0.535386878564362,0.671079587483447,-0.202691627045694,0.915959496720878,NA,0.609453294062066,"gaussian",0.02,NA,NA,NA,NA,NA,NA,NA,NA,NA,NA,NA,NA,NA,NA,NA,NA,NA,NA,NA,FALSE
"brow-sd-final","XGBoost + lags",1009,0.404314299026539,0.531687646557411,0.653756615464915,-0.153433981234417,0.907149447681012,NA,0.614831579589748,"gaussian",0.02,NA,NA,NA,NA,NA,NA,NA,NA,NA,NA,NA,NA,NA,NA,NA,NA,NA,NA,NA,FALSE
"brow-sd-final","XGBoost + lags",1010,0.389028209825844,0.516839198205619,0.680374429522791,-0.180106892192227,0.986237351575961,NA,0.636044387505095,"gaussian",0.02,NA,NA,NA,NA,NA,NA,NA,NA,NA,NA,NA,NA,NA,NA,NA,NA,NA,NA,NA,FALSE
"brow-sd-final","XGBoost + lags",1011,0.38566156091496,0.514798094787393,0.685657125756392,-0.184691479854945,0.980631559395917,NA,0.638913381082505,"gaussian",0.02,NA,NA,NA,NA,NA,NA,NA,NA,NA,NA,NA,NA,NA,NA,NA,NA,NA,NA,NA,FALSE
"brow-sd-final","XGBoost + lags",1012,0.392586813108724,0.519370123232651,0.669826512756983,-0.159780366361721,0.94166035660412,NA,0.632471130054676,"gaussian",0.02,NA,NA,NA,NA,NA,NA,NA,NA,NA,NA,NA,NA,NA,NA,NA,NA,NA,NA,NA,FALSE
"brow-sd-final","XGBoost + lags",1013,0.388379398974279,0.511823596520585,0.678339365434816,-0.159002088716034,0.966420103749632,NA,0.643074035923616,"gaussian",0.02,NA,NA,NA,NA,NA,NA,NA,NA,NA,NA,NA,NA,NA,NA,NA,NA,NA,NA,NA,FALSE
"brow-sd-final","XGBoost + lags",1014,0.376947289659893,0.501278970723421,0.700413077010579,-0.177184758112358,0.996490855485055,NA,0.657629368092971,"gaussian",0.02,NA,NA,NA,NA,NA,NA,NA,NA,NA,NA,NA,NA,NA,NA,NA,NA,NA,NA,NA,FALSE
"brow-sd-final","XGBoost + lags",1015,0.389640157313042,0.520287075299222,0.67641991267629,-0.181335377669112,0.974988489020641,NA,0.631172234198219,"gaussian",0.02,NA,NA,NA,NA,NA,NA,NA,NA,NA,NA,NA,NA,NA,NA,NA,NA,NA,NA,NA,FALSE
"brow-sd-final","OLS",1001,0.390084688195419,0.508525010175977,0.662372504129328,-0.0846376357428417,1.09465217485699,NA,0.647659823837359,"gaussian",1,NA,NA,NA,NA,NA,NA,NA,NA,NA,NA,NA,NA,NA,NA,NA,NA,NA,NA,NA,FALSE
"brow-sd-final","XGBoost",1001,0.376635564113821,0.507223755724149,0.696650041173546,-0.185992282421449,1.00905359814234,NA,0.649460709184528,"gaussian",1,NA,NA,NA,NA,NA,NA,NA,NA,NA,NA,NA,NA,NA,NA,NA,NA,NA,NA,NA,FALSE
"chi-la-final","GraphSAGE + LayerNorm",1001,0.417961822473157,0.55269521483422,0.668320915208579,0.0323398568332169,1.10896562742223,NA,0.660706753891246,"gaussian",2,NA,NA,NA,NA,NA,NA,NA,NA,NA,NA,NA,NA,NA,NA,NA,NA,NA,NA,NA,NA
"chi-la-final","GraphSAGE + LayerNorm",1002,0.418380733935407,0.55253678644939,0.664526751944178,0.0297388524994586,1.06731317376071,NA,0.660901240745332,"gaussian",2,NA,NA,NA,NA,NA,NA,NA,NA,NA,NA,NA,NA,NA,NA,NA,NA,NA,NA,NA,NA
"chi-la-final","GraphSAGE + LayerNorm",1003,0.41428219299168,0.552434800645794,0.663533461636602,0.0129944348553186,1.0628396403464,NA,0.661026409127475,"gaussian",2,NA,NA,NA,NA,NA,NA,NA,NA,NA,NA,NA,NA,NA,NA,NA,NA,NA,NA,NA,NA
"chi-la-final","GraphSAGE + LayerNorm",1004,0.425925949920173,0.564697784882929,0.651371256785262,0.0292456023636317,1.09186540235375,NA,0.645810262114369,"gaussian",2,NA,NA,NA,NA,NA,NA,NA,NA,NA,NA,NA,NA,NA,NA,NA,NA,NA,NA,NA,NA
"chi-la-final","GraphSAGE + LayerNorm",1005,0.415351500971981,0.552493266967726,0.663014408681848,0.0164928620126898,1.05428228670082,NA,0.660954655545684,"gaussian",2,NA,NA,NA,NA,NA,NA,NA,NA,NA,NA,NA,NA,NA,NA,NA,NA,NA,NA,NA,NA
"chi-la-final","GraphSAGE + LayerNorm",1006,0.411681241006701,0.551218747771219,0.6649114066132,-0.00102533124034177,1.06382202702362,NA,0.662517104929149,"gaussian",2,NA,NA,NA,NA,NA,NA,NA,NA,NA,NA,NA,NA,NA,NA,NA,NA,NA,NA,NA,NA
"chi-la-final","GraphSAGE + LayerNorm",1007,0.417454746801879,0.556205904632728,0.66245675046991,0.00945373521579861,1.10493444139608,NA,0.656382720043309,"gaussian",2,NA,NA,NA,NA,NA,NA,NA,NA,NA,NA,NA,NA,NA,NA,NA,NA,NA,NA,NA,NA
"chi-la-final","GraphSAGE + LayerNorm",1008,0.422763358968009,0.560698858336096,0.657365644282169,0.0376850735361029,1.09532934276123,NA,0.650808913485523,"gaussian",2,NA,NA,NA,NA,NA,NA,NA,NA,NA,NA,NA,NA,NA,NA,NA,NA,NA,NA,NA,NA
"chi-la-final","GraphSAGE + LayerNorm",1009,0.420615919049241,0.559077152933305,0.658689935944037,0.0117129481002322,1.1026808702231,NA,0.652825918271659,"gaussian",2,NA,NA,NA,NA,NA,NA,NA,NA,NA,NA,NA,NA,NA,NA,NA,NA,NA,NA,NA,NA
"chi-la-final","GraphSAGE + LayerNorm",1010,0.429540744119286,0.571560096163406,0.643161991966338,-0.015463391926417,1.10439437632323,NA,0.637149599343778,"gaussian",2,NA,NA,NA,NA,NA,NA,NA,NA,NA,NA,NA,NA,NA,NA,NA,NA,NA,NA,NA,NA
"chi-la-final","GraphSAGE + LayerNorm",1011,0.414776043288156,0.555247879145996,0.661296531679975,-0.0099883342330845,1.07990223086471,NA,0.657565413726734,"gaussian",2,NA,NA,NA,NA,NA,NA,NA,NA,NA,NA,NA,NA,NA,NA,NA,NA,NA,NA,NA,NA
"chi-la-final","GraphSAGE + LayerNorm",1012,0.409519963529508,0.54439554262327,0.671815223558228,0.0180421499946466,1.03167478972809,NA,0.670820389512588,"gaussian",2,NA,NA,NA,NA,NA,NA,NA,NA,NA,NA,NA,NA,NA,NA,NA,NA,NA,NA,NA,NA
"chi-la-final","GraphSAGE + LayerNorm",1013,0.425682148939427,0.564121372452607,0.651784186076773,0.0373622191630049,1.08149199714107,NA,0.6465329678722,"gaussian",2,NA,NA,NA,NA,NA,NA,NA,NA,NA,NA,NA,NA,NA,NA,NA,NA,NA,NA,NA,NA
"chi-la-final","GraphSAGE + LayerNorm",1014,0.419618335897313,0.561928858513412,0.653882455406847,-0.0122069015965059,1.08982202324728,NA,0.649275198220279,"gaussian",2,NA,NA,NA,NA,NA,NA,NA,NA,NA,NA,NA,NA,NA,NA,NA,NA,NA,NA,NA,NA
"chi-la-final","GraphSAGE + LayerNorm",1015,0.427783918642285,0.570065992505462,0.645558738595706,-0.0219723416874919,1.10647946682515,NA,0.639044159586994,"gaussian",2,NA,NA,NA,NA,NA,NA,NA,NA,NA,NA,NA,NA,NA,NA,NA,NA,NA,NA,NA,NA
"ca-wv-final","OLS",1001,1.39978981528049,1.55292645699889,0.947166676075164,1.36066634144572,0.979949450519633,NA,0.770839919869052,NA,NA,NA,NA,NA,NA,NA,NA,NA,NA,NA,NA,NA,NA,NA,NA,NA,NA,NA,NA,NA,NA
"ca-wv-final","XGBoost",1001,1.20076234803532,1.62538898169867,0.870120266339151,1.05861177374592,0.885059918966186,NA,0.74895486467319,NA,NA,NA,NA,NA,NA,NA,NA,NA,NA,NA,NA,NA,NA,NA,NA,NA,NA,NA,NA,NA,NA
"ca-wv-final","XGBoost",1002,1.32350755104652,1.87814017128626,0.855680357263277,1.1296821758424,0.778085535447819,NA,0.664808350199066,NA,NA,NA,NA,NA,NA,NA,NA,NA,NA,NA,NA,NA,NA,NA,NA,NA,NA,NA,NA,NA,NA
"ca-wv-final","XGBoost",1003,1.38903988743876,1.79777540278978,0.864306063372034,1.22347245373569,0.844767816649706,NA,0.692880030784962,NA,NA,NA,NA,NA,NA,NA,NA,NA,NA,NA,NA,NA,NA,NA,NA,NA,NA,NA,NA,NA,NA
"ca-wv-final","XGBoost",1004,1.7203407671862,2.16445818293155,0.853316845367847,1.58362698816991,0.79015206882904,NA,0.55482005980543,NA,NA,NA,NA,NA,NA,NA,NA,NA,NA,NA,NA,NA,NA,NA,NA,NA,NA,NA,NA,NA,NA
"ca-wv-final","XGBoost",1005,1.1403997201186,1.57117362279712,0.81950517688721,0.603996875958565,0.866608771866744,NA,0.76542293598547,NA,NA,NA,NA,NA,NA,NA,NA,NA,NA,NA,NA,NA,NA,NA,NA,NA,NA,NA,NA,NA,NA
"ca-wv-final","XGBoost",1006,0.913496344430106,1.4128777983221,0.854795954330144,0.561323459331806,0.884604321092132,NA,0.810309147247595,NA,NA,NA,NA,NA,NA,NA,NA,NA,NA,NA,NA,NA,NA,NA,NA,NA,NA,NA,NA,NA,NA
"ca-wv-final","XGBoost",1007,1.24847058027219,1.70766144440871,0.850701335386238,1.10438807630714,0.89421719841915,NA,0.72289731531591,NA,NA,NA,NA,NA,NA,NA,NA,NA,NA,NA,NA,NA,NA,NA,NA,NA,NA,NA,NA,NA,NA
"ca-wv-final","XGBoost",1008,1.45433453011425,1.89649359668613,0.87218149366588,1.34987095074776,0.822163914818216,NA,0.658225270104545,NA,NA,NA,NA,NA,NA,NA,NA,NA,NA,NA,NA,NA,NA,NA,NA,NA,NA,NA,NA,NA,NA
"ca-wv-final","XGBoost",1009,1.3324637950995,1.69563558586063,0.870129375091432,1.13298843893813,0.864536269233797,NA,0.726786451342913,NA,NA,NA,NA,NA,NA,NA,NA,NA,NA,NA,NA,NA,NA,NA,NA,NA,NA,NA,NA,NA,NA
"ca-wv-final","XGBoost",1010,1.22872941258189,1.76268392163775,0.828899021224618,0.928631896064395,0.815902083465159,NA,0.704752605613208,NA,NA,NA,NA,NA,NA,NA,NA,NA,NA,NA,NA,NA,NA,NA,NA,NA,NA,NA,NA,NA,NA
"ca-wv-final","XGBoost",1011,1.38450825694716,2.31934878289651,0.811539373672483,1.08569215592884,0.662450893497978,NA,0.488825344954611,NA,NA,NA,NA,NA,NA,NA,NA,NA,NA,NA,NA,NA,NA,NA,NA,NA,NA,NA,NA,NA,NA
"ca-wv-final","XGBoost",1012,1.25587545751215,1.64048927268434,0.880868366409208,1.05476093292236,0.842288793840698,NA,0.744268646598887,NA,NA,NA,NA,NA,NA,NA,NA,NA,NA,NA,NA,NA,NA,NA,NA,NA,NA,NA,NA,NA,NA
"ca-wv-final","XGBoost",1013,1.59260728018624,2.05331089888218,0.86937626491688,1.45765537220043,0.781318787898017,NA,0.599367098704452,NA,NA,NA,NA,NA,NA,NA,NA,NA,NA,NA,NA,NA,NA,NA,NA,NA,NA,NA,NA,NA,NA
"ca-wv-final","XGBoost",1014,1.30235775783385,1.75648037771952,0.816690322510548,0.997462242950887,0.879536585688869,NA,0.7068271206724,NA,NA,NA,NA,NA,NA,NA,NA,NA,NA,NA,NA,NA,NA,NA,NA,NA,NA,NA,NA,NA,NA
"ca-wv-final","XGBoost",1015,0.990260153550368,1.38630564123704,0.85852876124987,0.653673647087572,0.975346150045958,NA,0.817377128008162,NA,NA,NA,NA,NA,NA,NA,NA,NA,NA,NA,NA,NA,NA,NA,NA,NA,NA,NA,NA,NA,NA
"ca-wv-final","XGBoost + lags",1001,0.89952869345417,1.27322454055704,0.864484392972633,0.439941084865248,0.987551645002556,NA,0.845955148132883,NA,NA,NA,NA,NA,NA,NA,NA,NA,NA,NA,NA,NA,NA,NA,NA,NA,NA,NA,NA,NA,NA
"ca-wv-final","XGBoost + lags",1002,1.05964864129985,1.53855334016411,0.848544042850583,0.653378830724583,0.835454990039046,NA,0.775062273036956,NA,NA,NA,NA,NA,NA,NA,NA,NA,NA,NA,NA,NA,NA,NA,NA,NA,NA,NA,NA,NA,NA
"ca-wv-final","XGBoost + lags",1003,1.10690414163219,1.51757672345084,0.844794511293747,0.618634154071738,0.847688559547419,NA,0.781154056579623,NA,NA,NA,NA,NA,NA,NA,NA,NA,NA,NA,NA,NA,NA,NA,NA,NA,NA,NA,NA,NA,NA
"ca-wv-final","XGBoost + lags",1004,1.36083992898683,1.75890462461006,0.837566336568127,1.05695660909017,0.851706214757858,NA,0.706017303596394,NA,NA,NA,NA,NA,NA,NA,NA,NA,NA,NA,NA,NA,NA,NA,NA,NA,NA,NA,NA,NA,NA
"ca-wv-final","XGBoost + lags",1005,1.15054073508406,1.49516924363617,0.796073696215644,0.296094424558646,1.01499240041418,NA,0.787568998297593,NA,NA,NA,NA,NA,NA,NA,NA,NA,NA,NA,NA,NA,NA,NA,NA,NA,NA,NA,NA,NA,NA
"ca-wv-final","XGBoost + lags",1006,0.828215914156847,1.226984159545,0.880617176651497,0.397638830946479,0.909822208725665,NA,0.856941028196564,NA,NA,NA,NA,NA,NA,NA,NA,NA,NA,NA,NA,NA,NA,NA,NA,NA,NA,NA,NA,NA,NA
"ca-wv-final","XGBoost + lags",1007,0.851905760223612,1.19392402008166,0.878848527738233,0.248084104978121,1.10874230752672,NA,0.864546395380867,NA,NA,NA,NA,NA,NA,NA,NA,NA,NA,NA,NA,NA,NA,NA,NA,NA,NA,NA,NA,NA,NA
"ca-wv-final","XGBoost + lags",1008,1.09146291641962,1.52218204574207,0.860927362874747,0.873397327604748,0.909056541369467,NA,0.7798237971813,NA,NA,NA,NA,NA,NA,NA,NA,NA,NA,NA,NA,NA,NA,NA,NA,NA,NA,NA,NA,NA,NA
"ca-wv-final","XGBoost + lags",1009,0.995584363203782,1.41799082982519,0.847613745631966,0.536730373298729,0.896467488127242,NA,0.8089337271324,NA,NA,NA,NA,NA,NA,NA,NA,NA,NA,NA,NA,NA,NA,NA,NA,NA,NA,NA,NA,NA,NA
"ca-wv-final","XGBoost + lags",1010,0.971668688805549,1.30572352065689,0.847797532402821,0.270839270217952,0.945322567052432,NA,0.837990813210174,NA,NA,NA,NA,NA,NA,NA,NA,NA,NA,NA,NA,NA,NA,NA,NA,NA,NA,NA,NA,NA,NA
"ca-wv-final","XGBoost + lags",1011,0.876476915939387,1.19013944449743,0.880194522031567,0.388186444293012,1.02369503537985,NA,0.865403773079633,NA,NA,NA,NA,NA,NA,NA,NA,NA,NA,NA,NA,NA,NA,NA,NA,NA,NA,NA,NA,NA,NA
"ca-wv-final","XGBoost + lags",1012,1.15438273223765,1.49818045199482,0.881148478052602,0.959767554705833,0.918683960312936,NA,0.786712482355944,NA,NA,NA,NA,NA,NA,NA,NA,NA,NA,NA,NA,NA,NA,NA,NA,NA,NA,NA,NA,NA,NA
"ca-wv-final","XGBoost + lags",1013,1.33308387448936,1.81812041857288,0.867351809243138,0.967168832436586,0.75375026825946,NA,0.68588948430179,NA,NA,NA,NA,NA,NA,NA,NA,NA,NA,NA,NA,NA,NA,NA,NA,NA,NA,NA,NA,NA,NA
"ca-wv-final","XGBoost + lags",1014,1.04988044242719,1.48328193627951,0.796688013191291,0.187158072824443,0.947702929674046,NA,0.790933425728474,NA,NA,NA,NA,NA,NA,NA,NA,NA,NA,NA,NA,NA,NA,NA,NA,NA,NA,NA,NA,NA,NA
"ca-wv-final","XGBoost + lags",1015,0.938339987255278,1.27737925281996,0.872994015433199,0.531957039466271,0.964890198836617,NA,0.844948167447711,NA,NA,NA,NA,NA,NA,NA,NA,NA,NA,NA,NA,NA,NA,NA,NA,NA,NA,NA,NA,NA,NA
"ca-wv-final","GraphSAGE",1001,1.61433834453205,1.75944682972301,0.944897919152712,1.58611541440635,0.998555449648226,NA,0.705836027719046,NA,NA,NA,NA,NA,NA,NA,NA,NA,NA,NA,NA,NA,NA,NA,NA,NA,NA,NA,NA,NA,NA
"ca-wv-final","GraphSAGE",1002,3.76557407099685,3.89545025626389,0.924621180853712,3.76557407099685,0.874135921455123,NA,-0.441957675756811,NA,NA,NA,NA,NA,NA,NA,NA,NA,NA,NA,NA,NA,NA,NA,NA,NA,NA,NA,NA,NA,NA
"ca-wv-final","GraphSAGE",1003,2.45237959977035,2.58149934296218,0.93717450845448,2.44745467608665,0.965022513597517,NA,0.366741212478542,NA,NA,NA,NA,NA,NA,NA,NA,NA,NA,NA,NA,NA,NA,NA,NA,NA,NA,NA,NA,NA,NA
"ca-wv-final","GraphSAGE",1004,1.08687416293246,1.33954001375443,0.934279795331223,1.03989763748951,1.04890044926075,NA,0.829490504469668,NA,NA,NA,NA,NA,NA,NA,NA,NA,NA,NA,NA,NA,NA,NA,NA,NA,NA,NA,NA,NA,NA
"ca-wv-final","GraphSAGE",1005,2.80265552464859,3.03392397704689,0.878373476972983,2.78242191202911,0.876687961425159,NA,0.125325277769395,NA,NA,NA,NA,NA,NA,NA,NA,NA,NA,NA,NA,NA,NA,NA,NA,NA,NA,NA,NA,NA,NA
"ca-wv-final","GraphSAGE",1006,4.20258929877927,4.3308363370614,0.911755890683029,4.20258929877927,0.883836359605924,NA,-0.782299689125247,NA,NA,NA,NA,NA,NA,NA,NA,NA,NA,NA,NA,NA,NA,NA,NA,NA,NA,NA,NA,NA,NA
"ca-wv-final","GraphSAGE",1007,3.2398796797672,3.36602109170596,0.930238749441571,3.2398796797672,0.90856673021481,NA,-0.0766408486852914,NA,NA,NA,NA,NA,NA,NA,NA,NA,NA,NA,NA,NA,NA,NA,NA,NA,NA,NA,NA,NA,NA
"ca-wv-final","GraphSAGE",1008,2.89074803796007,2.98774662958359,0.943222474725104,2.88570528065329,0.986592730857428,NA,0.151748341064748,NA,NA,NA,NA,NA,NA,NA,NA,NA,NA,NA,NA,NA,NA,NA,NA,NA,NA,NA,NA,NA,NA
"ca-wv-final","GraphSAGE",1009,1.73563735982874,1.95894040597329,0.916089816098073,1.71562079020909,1.03505625318751,NA,0.635347130082996,NA,NA,NA,NA,NA,NA,NA,NA,NA,NA,NA,NA,NA,NA,NA,NA,NA,NA,NA,NA,NA,NA
"ca-wv-final","GraphSAGE",1010,1.99648320858295,2.17210725803024,0.928862782864774,1.97758312889071,0.928138440802034,NA,0.551668017652862,NA,NA,NA,NA,NA,NA,NA,NA,NA,NA,NA,NA,NA,NA,NA,NA,NA,NA,NA,NA,NA,NA
"ca-wv-final","GraphSAGE",1011,1.77700944453369,1.9335718918868,0.942553153308708,1.76842030850085,0.974404067261193,NA,0.644730572877187,NA,NA,NA,NA,NA,NA,NA,NA,NA,NA,NA,NA,NA,NA,NA,NA,NA,NA,NA,NA,NA,NA
"ca-wv-final","GraphSAGE",1012,2.67658399225591,2.81186451954649,0.927963245800038,2.67203188466502,0.970945603078505,NA,0.248678233456835,NA,NA,NA,NA,NA,NA,NA,NA,NA,NA,NA,NA,NA,NA,NA,NA,NA,NA,NA,NA,NA,NA
"ca-wv-final","GraphSAGE",1013,3.44313705535162,3.58961455408419,0.92533892044348,3.44313705535162,0.863232894447196,NA,-0.224426786866349,NA,NA,NA,NA,NA,NA,NA,NA,NA,NA,NA,NA,NA,NA,NA,NA,NA,NA,NA,NA,NA,NA
"ca-wv-final","GraphSAGE",1014,2.83876087726691,3.02756561849345,0.908704321926118,2.83282557861272,0.879209045350366,NA,0.128987642271708,NA,NA,NA,NA,NA,NA,NA,NA,NA,NA,NA,NA,NA,NA,NA,NA,NA,NA,NA,NA,NA,NA
"ca-wv-final","GraphSAGE",1015,3.64238123841338,3.80282110342215,0.910382722220078,3.64238123841338,0.860588939814632,NA,-0.374196942779133,NA,NA,NA,NA,NA,NA,NA,NA,NA,NA,NA,NA,NA,NA,NA,NA,NA,NA,NA,NA,NA,NA
"ca-wv-final","GraphSAGE + LayerNorm",1001,1.37677622155829,1.67874393424104,0.878007689566574,1.14905321379721,1.17953650316304,NA,0.732202757809506,NA,NA,NA,NA,NA,NA,NA,NA,NA,NA,NA,NA,NA,NA,NA,NA,NA,NA,NA,NA,NA,NA
"ca-wv-final","GraphSAGE + LayerNorm",1002,0.974307158753112,1.42739509553448,0.904302957268781,0.31092037997403,1.45609859108814,NA,0.806390979506133,NA,NA,NA,NA,NA,NA,NA,NA,NA,NA,NA,NA,NA,NA,NA,NA,NA,NA,NA,NA,NA,NA
"ca-wv-final","GraphSAGE + LayerNorm",1003,1.40270879347246,1.78064343873845,0.86921262149332,0.921865236191522,1.47348099301618,NA,0.69870556173147,NA,NA,NA,NA,NA,NA,NA,NA,NA,NA,NA,NA,NA,NA,NA,NA,NA,NA,NA,NA,NA,NA
"ca-wv-final","GraphSAGE + LayerNorm",1004,0.966296774127108,1.33773161528759,0.903060604556661,0.533674709962838,1.29166819232289,NA,0.829950574298484,NA,NA,NA,NA,NA,NA,NA,NA,NA,NA,NA,NA,NA,NA,NA,NA,NA,NA,NA,NA,NA,NA
"ca-wv-final","GraphSAGE + LayerNorm",1005,0.856511115678501,1.29977198827433,0.896800698706446,0.381352307595613,1.28251679347784,NA,0.839464334168196,NA,NA,NA,NA,NA,NA,NA,NA,NA,NA,NA,NA,NA,NA,NA,NA,NA,NA,NA,NA,NA,NA
"ca-wv-final","GraphSAGE + LayerNorm",1006,1.19160161769434,1.67904370932833,0.851918826409366,0.33822214385092,1.55666233367036,NA,0.73210710759417,NA,NA,NA,NA,NA,NA,NA,NA,NA,NA,NA,NA,NA,NA,NA,NA,NA,NA,NA,NA,NA,NA
"ca-wv-final","GraphSAGE + LayerNorm",1007,1.36743808264261,1.66737890459763,0.884940001624315,0.98901688746917,1.33680766750672,NA,0.735816437379359,NA,NA,NA,NA,NA,NA,NA,NA,NA,NA,NA,NA,NA,NA,NA,NA,NA,NA,NA,NA,NA,NA
"ca-wv-final","GraphSAGE + LayerNorm",1008,1.25363188523513,1.8414240904453,0.809510802561722,0.0113741277338382,1.67607832669695,NA,0.677785686851409,NA,NA,NA,NA,NA,NA,NA,NA,NA,NA,NA,NA,NA,NA,NA,NA,NA,NA,NA,NA,NA,NA
"ca-wv-final","GraphSAGE + LayerNorm",1009,1.28420327225011,1.74623507825347,0.839621253629647,0.550209607833471,1.52945844509132,NA,0.710237217441721,NA,NA,NA,NA,NA,NA,NA,NA,NA,NA,NA,NA,NA,NA,NA,NA,NA,NA,NA,NA,NA,NA
"ca-wv-final","GraphSAGE + LayerNorm",1010,1.65635194359245,1.95028376986872,0.836774458464356,1.19871532349359,1.37263438628257,NA,0.638562840443933,NA,NA,NA,NA,NA,NA,NA,NA,NA,NA,NA,NA,NA,NA,NA,NA,NA,NA,NA,NA,NA,NA
"ca-wv-final","GraphSAGE + LayerNorm",1011,0.893973173064627,1.38479623249512,0.91065969964233,-0.270450109963889,1.4433958573291,NA,0.817774590856315,NA,NA,NA,NA,NA,NA,NA,NA,NA,NA,NA,NA,NA,NA,NA,NA,NA,NA,NA,NA,NA,NA
"ca-wv-final","GraphSAGE + LayerNorm",1012,1.65770118594606,1.96579303127054,0.84605291243907,1.16348852604737,1.46255720971238,NA,0.632791462655025,NA,NA,NA,NA,NA,NA,NA,NA,NA,NA,NA,NA,NA,NA,NA,NA,NA,NA,NA,NA,NA,NA
"ca-wv-final","GraphSAGE + LayerNorm",1013,1.28314352769118,1.81489004130693,0.817671170212747,0.242989662366035,1.64224462360148,NA,0.687004695395165,NA,NA,NA,NA,NA,NA,NA,NA,NA,NA,NA,NA,NA,NA,NA,NA,NA,NA,NA,NA,NA,NA
"ca-wv-final","GraphSAGE + LayerNorm",1014,1.21479776613005,1.58778540823,0.86510675867082,0.711384525229206,1.34361966087481,NA,0.760436416806242,NA,NA,NA,NA,NA,NA,NA,NA,NA,NA,NA,NA,NA,NA,NA,NA,NA,NA,NA,NA,NA,NA
"ca-wv-final","GraphSAGE + LayerNorm",1015,0.913833581484281,1.40253966427786,0.895390806266646,-0.127613761049487,1.42926719660508,NA,0.813074955997921,NA,NA,NA,NA,NA,NA,NA,NA,NA,NA,NA,NA,NA,NA,NA,NA,NA,NA,NA,NA,NA,NA
